gid,role,role_score,cluster_id,priority_score,evidence,sub_role,depth,is_seed,in_deg,out_deg,in_kzt,out_kzt,in_tx,out_tx,pass_through,seed_payers,near_seeds,seed_reach,p_forward,fast_transit_share,max_payers_same_day,cycles,pagerank,hub,authority,betweenness,truncated_by_depth,prio_role,prio_reach,prio_money,prio_pagerank,prio_betw,anomaly_score,anomaly_flag,anomaly_reason,structuring_flag,small_tx_share
100000003115284100,coordinator,0.87,6,1.0,"кандидат в организаторы: деньги 4 seed за ≤2 перевода, связан с 7 посредн. на входе и 0 на выходе, вход 2.2 млн ₸",,1,False,8,2,2160500.0,517000.0,15,4,0.23929645915297384,2,4,11,1.0,0.9864603481624759,7.0,2.0,0.0015286375827955714,1.7324688633748595e-05,0.005009559527507021,0.00012780471914467138,False,0.87,0.667,0.981,0.975,0.943,0.9977568416330193,True,максимум плательщиков за день выше среднего своего колена на 11.9 σ,False,0.06666666666666667
100000004015047100,consolidator,0.897,12,0.9588,"признаки консолидации: получает от 9 плательщиков (3 seed) 919 тыс ₸, дальше 8% полученного",,1,False,9,1,919104.0,69195.0,18,7,0.07528527783580531,3,4,11,1.0,0.636346556832141,2.0,1.0,0.002278597110650866,2.0212962345487515e-07,5.056892202204923e-05,2.2885961335208597e-05,False,0.807,0.667,0.925,0.991,0.863,0.9659039928218932,False,,False,0.2777777777777778
100000008165763100,coordinator,0.875,0,0.9508,"кандидат в организаторы: деньги 3 seed за ≤2 перевода, связан с 10 посредн. на входе и 4 на выходе, вход 1.2 млн ₸",,1,False,15,17,1165815.0,1267858.0,26,17,1.087529324978663,1,3,9,1.0,0.6805848919989462,4.0,0.0,0.0009102399259160779,0.007660859302985813,0.0009408997842647281,0.00034529403323309597,False,0.875,0.5,0.977,0.947,0.97,0.9995513683266039,True,число плательщиков выше среднего своего колена на 10.0 σ,False,0.038461538461538464
100000000331309100,distributor,0.981,5,0.9097,"веерная рассылка: 99 получателям, 126 переводов на 23.0 млн ₸",,2,False,5,99,984635.0,23001375.0,8,126,23.360306103276848,0,3,7,1.0,0.3584307459880116,3.0,32.0,0.0008756899038073739,0.15776904400718947,0.0002278474455725851,0.004557234050267506,False,0.736,0.5,1.0,0.939,0.998,0.9991027366532077,True,число получателей выше среднего своего колена на 9.9 σ,False,0.0
100000007908818100,coordinator,0.743,6,0.908,"кандидат в организаторы: деньги 4 seed за ≤2 перевода, связан с 4 посредн. на входе и 0 на выходе, вход 727 тыс ₸",,1,False,4,6,727475.0,302000.0,4,13,0.4151345407058662,2,4,11,1.0,0.04966887417218543,2.0,0.0,0.00047538119204737516,-2.5952994985301374e-18,0.0008570152459958299,0.00017753957884283033,False,0.743,0.667,0.931,0.758,0.953,0.9528936742934051,False,,False,0.0
100000006889963100,coordinator,0.743,6,0.9008,"кандидат в организаторы: деньги 4 seed за ≤2 перевода, связан с 4 посредн. на входе и 0 на выходе, вход 1.4 млн ₸",,1,False,4,1,1431000.0,443475.8,6,3,0.30990621942697416,2,4,11,1.0,1.0,4.0,0.0,0.00042726044416286594,-3.89599930029236e-20,0.004656080095149221,2.5164650126160102e-05,False,0.743,0.667,0.967,0.726,0.869,0.9883355764917003,True,максимум плательщиков за день выше среднего своего колена на 5.8 σ,False,0.0
100000005514161100,consolidator,0.742,12,0.8847,"признаки консолидации: получает от 4 плательщиков (1 seed) 402 тыс ₸, дальше 12% полученного",,1,False,4,1,401500.0,50000.0,7,1,0.12453300124533001,1,4,9,1.0,0.0,2.0,0.0,0.0008061423847001035,3.1386272561146653e-19,4.456765853894118e-06,4.042195768296583e-05,False,0.668,0.667,0.846,0.929,0.892,0.8712427097353073,False,,False,0.0
100000002398779100,consolidator,0.988,0,0.8825,"признаки консолидации: получает от 13 плательщиков (0 seed) 1.1 млн ₸, дальше 6% полученного",,2,False,13,1,1095690.0,66000.0,28,3,0.06023601566136407,0,2,8,1.0,1.0,7.0,0.0,0.0016005031258790202,3.934617193875729e-05,0.0005927895202450029,1.2780471914467137e-05,False,0.889,0.333,0.937,0.976,0.789,0.9941677882458502,True,максимум плательщиков за день выше среднего своего колена на 9.5 σ,False,0.25
100000003404627100,consolidator,0.767,35,0.8551,"признаки консолидации: получает от 4 плательщиков (1 seed) 878 тыс ₸, дальше 0% полученного",observed_sink,1,False,4,0,877700.0,0.0,5,0,0.0,1,4,11,0.0,0.0,3.0,0.0,0.001378577712565679,-0.0,2.895610842005741e-05,0.0,False,0.69,0.667,0.915,0.971,0.367,0.9412292507851054,False,,False,0.0
100000004156082100,distributor,0.758,2,0.8465,"веерная рассылка: 26 получателям, 29 переводов на 2.3 млн ₸",,1,False,5,26,377366.11,2319556.0,7,29,6.146699288921308,1,3,7,1.0,0.9590438859850765,2.0,11.0,0.0008669668928480412,0.0019143844609468893,7.739634815816564e-06,0.002040035139413781,False,0.568,0.5,0.982,0.938,0.991,0.9923732615522656,True,число получателей выше среднего своего колена на 7.0 σ,False,0.42857142857142855
100000003701161100,consolidator,0.721,20,0.8256,"признаки консолидации: получает от 4 плательщиков (1 seed) 1.5 млн ₸, дальше 23% полученного",,1,False,4,3,1527103.0,349000.0,13,7,0.22853730232996727,1,2,7,1.0,1.0,2.0,4.0,0.0016488161626324771,2.7773114874921697e-06,0.00039351922464167055,0.00021300786524111896,False,0.649,0.333,0.967,0.976,0.958,0.9708389412292507,True,доля быстрого транзита выше среднего своего колена на 2.6 σ,False,0.0
100000008477350100,distributor,0.82,3,0.8189,"веерная рассылка: 39 получателям, 44 переводов на 3.4 млн ₸",,2,False,11,39,610100.0,3374866.0,14,44,5.531660383543682,0,2,7,1.0,0.5698872192258893,2.0,464.0,0.0010342350786611216,0.06105984305423066,0.0005529343103492757,0.0025171940682580047,False,0.615,0.333,0.988,0.953,0.994,0.9950650515926425,True,число циклов выше среднего своего колена на 6.2 σ,False,0.0
100000002838861100,consolidator,0.792,13,0.8148,"признаки консолидации: получает от 5 плательщиков (2 seed) 555 тыс ₸, дальше 2% полученного",,1,False,5,1,554523.95,10000.0,5,1,0.018033486200190272,2,2,8,1.0,0.0,2.0,1.0,0.0021199186472606823,5.306984693339364e-19,3.0731960461664195e-05,1.9418391435934565e-05,False,0.713,0.333,0.878,0.99,0.83,0.9210408254822791,False,,False,0.2
100000004400305100,distributor,0.947,0,0.8074,"веерная рассылка: 82 получателям, 101 переводов на 5.8 млн ₸",,2,False,7,82,222800.0,5830181.0,9,101,26.167778276481148,0,2,7,1.0,0.7857224329742079,2.0,545.0,0.0003858174534932498,0.1559235546388478,0.00039136190108106904,0.002609149922720263,False,0.71,0.333,0.997,0.684,0.995,0.9973082099596231,True,число получателей выше среднего своего колена на 8.2 σ,False,0.2222222222222222
100000002578405100,distributor,1.0,7,0.7986,"веерная рассылка: 116 получателям, 120 переводов на 3.1 млн ₸",,2,False,2,116,1200351.0,3108352.0,7,120,2.589535894084314,0,1,1,1.0,0.6693176963226816,1.0,2.0,0.0005700071256448117,-7.619653302901224e-16,-8.349494182771897e-19,0.00017100073274705643,False,0.75,0.167,0.992,0.867,0.952,0.9838492597577388,True,число получателей выше среднего своего колена на 11.7 σ,False,0.0
100000008603629100,distributor,0.894,3,0.7944,"веерная рассылка: 61 получателям, 74 переводов на 5.0 млн ₸",,2,False,19,61,1817300.0,4986156.0,45,74,2.7437165025037142,0,1,7,1.0,0.9888378943619093,4.0,762.0,0.0011918072731347809,0.08609235667130428,0.00245739470822033,0.005760528742267877,False,0.67,0.167,0.997,0.964,0.998,1.0,True,число плательщиков выше среднего своего колена на 10.0 σ,False,0.022222222222222223
100000002939838100,coordinator,0.662,10,0.791,"кандидат в организаторы: деньги 4 seed за ≤2 перевода, связан с 2 посредн. на входе и 0 на выходе, вход 571 тыс ₸",observed_sink,1,False,3,0,571233.0,0.0,3,0,0.0,1,4,10,0.0,0.0,1.0,0.0,0.0004000333621032969,-0.0,0.0004689886713541181,0.0,False,0.662,0.667,0.879,0.706,0.367,0.7281292059219381,False,,False,0.0
100000004299488100,consolidator,0.786,3,0.7863,"признаки консолидации: получает от 6 плательщиков (1 seed) 1.7 млн ₸, дальше 20% полученного",,1,False,6,2,1749000.0,344999.0,22,14,0.19725500285877645,1,1,7,1.0,0.9420288174748332,3.0,1.0,0.0014621185934412442,0.004642303929143001,0.008068516179620846,2.0805419395644178e-05,False,0.707,0.167,0.973,0.974,0.851,0.9825033647375505,True,максимум плательщиков за день выше среднего своего колена на 3.8 σ,False,0.09090909090909091
100000001899164100,consolidator,0.714,11,0.7827,"признаки консолидации: получает от 4 плательщиков (1 seed) 292 тыс ₸, дальше 26% полученного",,1,False,4,3,291675.0,76500.0,5,3,0.2622782206222679,1,2,8,1.0,0.0,2.0,2.0,0.0011765620095510463,-2.823494757984696e-19,0.00012720359609665586,0.00012661583803634885,False,0.643,0.333,0.81,0.961,0.942,0.9268730372364289,False,,False,0.2
100000001072022100,coordinator,0.67,10,0.7764,"кандидат в организаторы: деньги 3 seed за ≤2 перевода, связан с 3 посредн. на входе и 0 на выходе, вход 1.7 млн ₸",observed_sink,1,False,3,0,1684000.0,0.0,6,0,0.0,1,3,10,0.0,0.0,2.0,0.0,0.0005021346766292344,-0.0,0.0034634606285789565,0.0,False,0.67,0.5,0.959,0.777,0.367,0.9223867205024675,False,,False,0.0
100000004159526100,consolidator,0.717,8,0.775,"признаки консолидации: получает от 4 плательщиков (1 seed) 275 тыс ₸, дальше 25% полученного",,1,False,4,4,275037.0,68000.0,4,6,0.24723946232688693,1,2,8,1.0,0.4411764705882353,2.0,1.0,0.0008532026216190913,4.164309889858841e-20,5.2398964471685475e-05,9.788454458522118e-05,False,0.645,0.333,0.797,0.935,0.932,0.9205921938088829,False,,False,0.0
100000008346837100,distributor,0.752,0,0.7745,"веерная рассылка: 25 получателям, 26 переводов на 1.3 млн ₸",,2,False,9,25,254359.0,1258643.0,12,26,4.948293553599441,0,2,7,1.0,0.8516124111443832,4.0,111.0,0.0005474079827287922,0.013922566791271745,0.00020790594427750166,0.008981156281324022,False,0.564,0.333,0.953,0.843,1.0,0.9946164199192463,True,число циклов выше среднего своего колена на 4.7 σ,False,0.4166666666666667
100000003635170100,transit,0.958,29,0.7743,"транзит: получил 268 тыс ₸, отдал 94%, 100% ушло в течение 2 дн. после прихода",,1,False,3,4,268500.0,253500.0,13,10,0.9441340782122905,1,2,8,1.0,1.0,2.0,2.0,0.0011481911115018457,3.7837052961797215e-19,0.00012479516816602413,0.00018804136196634596,False,0.575,0.333,0.871,0.96,0.955,0.9551368326603858,False,,False,0.38461538461538464
100000007055802100,consolidator,0.765,3,0.7715,"признаки консолидации: получает от 6 плательщиков (1 seed) 2.0 млн ₸, дальше 30% полученного",,1,False,6,1,2024999.0,605000.0,34,7,0.29876557963732325,1,1,7,1.0,1.0,4.0,1.0,0.0011819243661223104,0.003434166400123459,0.01082050129101881,4.359230730515923e-06,False,0.688,0.167,0.981,0.962,0.782,0.9914759982054733,True,максимум плательщиков за день выше среднего своего колена на 5.8 σ,False,0.058823529411764705
100000000437046100,distributor,0.832,3,0.7713,"веерная рассылка: 42 получателям, 73 переводов на 7.6 млн ₸",,2,False,9,42,1107200.0,7606224.0,20,73,6.86978323699422,0,1,7,1.0,0.8674551262229458,3.0,472.0,0.0007924860106097857,0.060739548496084615,0.0004776194364085129,0.00219714849479704,False,0.624,0.167,0.998,0.927,0.992,0.9986541049798116,True,число циклов выше среднего своего колена на 6.3 σ,False,0.0
100000006972210100,coordinator,0.662,13,0.7711,"кандидат в организаторы: деньги 4 seed за ≤2 перевода, связан с 2 посредн. на входе и 0 на выходе, вход 489 тыс ₸",observed_sink,1,False,3,0,488775.0,0.0,4,0,0.0,3,4,8,0.0,0.0,1.0,0.0,0.0003462960003537612,-0.0,0.00018644331075932827,0.0,False,0.662,0.667,0.858,0.62,0.367,0.6846119336025124,False,,False,0.0
100000002894076100,coordinator,0.718,13,0.7707,"кандидат в организаторы: деньги 3 seed за ≤2 перевода, связан с 4 посредн. на входе и 0 на выходе, вход 1.1 млн ₸",observed_sink,1,False,4,0,1122782.0,0.0,6,0,0.0,2,3,10,0.0,0.0,3.0,0.0,0.00038267994337591447,-0.0,0.00013028097700293743,0.0,False,0.718,0.5,0.935,0.68,0.367,0.9466128308658591,False,,False,0.0
100000006518161100,transit,0.912,2,0.7702,"транзит: получил 594 тыс ₸, отдал 100%, 71% ушло в течение 2 дн. после прихода",,1,False,3,2,594200.0,595899.0,13,13,1.002859306630764,1,2,7,1.0,0.7147167556918202,2.0,1.0,0.0008108053328700446,-1.175481358656661e-20,0.00033358509224977164,5.785888060502952e-05,False,0.547,0.333,0.94,0.93,0.907,0.9277703005832212,False,,False,0.3076923076923077
100000004759121100,consolidator,0.737,3,0.769,"признаки консолидации: получает от 6 плательщиков (1 seed) 710 тыс ₸, дальше 44% полученного",,1,False,6,2,710000.0,312000.0,10,6,0.4394366197183099,1,1,7,1.0,0.5192307692307693,1.0,1.0,0.0014151796822407304,-1.0280920129763681e-19,0.01035023699871315,7.7079125189577e-05,False,0.663,0.167,0.93,0.972,0.921,0.9403319874383131,False,,False,0.1
100000004071080100,consolidator,0.874,3,0.768,"признаки консолидации: получает от 9 плательщиков (1 seed) 239 тыс ₸, дальше 19% полученного",,1,False,9,2,238600.0,46500.0,16,5,0.19488683989941324,1,1,7,1.0,0.8709677419354839,2.0,1.0,0.0013690045738923406,0.00027800905763374577,0.009263053882842215,2.813685289696641e-05,False,0.787,0.167,0.769,0.969,0.87,0.9699416778824586,False,,False,0.3125
100000005074393100,consolidator,0.567,28,0.7677,"признаки консолидации: получает от 4 плательщиков (1 seed) 563 тыс ₸, дальше 122% полученного",,1,False,4,6,563026.0,685500.0,5,10,1.2175281425724567,1,2,10,1.0,0.06637490882567469,1.0,3.0,0.0010600834163353916,2.6167064333593772e-06,0.000732291860227645,0.00021697080226886072,False,0.51,0.333,0.941,0.955,0.958,0.9286675639300135,False,,False,0.0
100000008686313100,consolidator,0.79,3,0.7657,"признаки консолидации: получает от 6 плательщиков (1 seed) 1.9 млн ₸, дальше 17% полученного",,1,False,6,7,1912716.0,333800.0,16,13,0.17451623764322566,1,1,7,1.0,1.0,2.0,408.0,0.00046763290222869583,0.0018982930976390382,0.010825895242180996,0.0019848260248329463,False,0.711,0.167,0.975,0.753,0.99,0.9955136832660386,True,число циклов выше среднего своего колена на 6.2 σ,False,0.0
100000005933757100,distributor,0.798,8,0.7657,"веерная рассылка: 34 получателям, 46 переводов на 3.0 млн ₸",,2,False,4,34,1246000.0,3002628.0,6,46,2.409813804173355,0,1,7,1.0,0.6113238136725562,2.0,3.0,0.0009979855720130422,0.001310038203282107,3.5038570099604674e-06,0.0038927878243158673,False,0.598,0.167,0.991,0.952,0.997,0.9771197846567967,True,число получателей выше среднего своего колена на 3.2 σ,False,0.0
100000002741024100,consolidator,0.689,0,0.7627,"признаки консолидации: получает от 5 плательщиков (0 seed) 818 тыс ₸, дальше 53% полученного",,2,False,5,6,817980.85,434989.0,9,7,0.5317838431058625,0,1,7,1.0,0.06483612229274763,1.0,3.0,0.002855186532890205,0.0001261509793431229,0.0002395946513755883,0.00011868996398086536,False,0.62,0.167,0.941,0.996,0.939,0.9066846119336025,False,,False,0.1111111111111111
100000002957306100,coordinator,0.647,6,0.7607,"кандидат в организаторы: деньги 4 seed за ≤2 перевода, связан с 2 посредн. на входе и 0 на выходе, вход 398 тыс ₸",observed_sink,1,False,2,0,398490.0,0.0,2,0,0.0,2,4,11,0.0,0.0,1.0,0.0,0.0003551868796242696,-0.0,0.0005839675713304621,0.0,False,0.647,0.667,0.824,0.635,0.367,0.6316733961417677,False,,False,0.0
100000005339662100,consolidator,0.567,2,0.752,"признаки консолидации: получает от 4 плательщиков (1 seed) 203 тыс ₸, дальше 145% полученного",,1,False,4,4,202939.0,295160.0,9,15,1.4544271924075707,1,2,7,1.0,0.7669060848353435,2.0,3.0,0.0016567441326948023,0.00012866402220672286,0.0003363155529121317,0.00013962469475849675,False,0.51,0.333,0.862,0.977,0.947,0.952445042620009,False,,False,0.4444444444444444
100000001697501100,distributor,0.816,4,0.7453,"веерная рассылка: 38 получателям, 55 переводов на 1.5 млн ₸",,1,False,3,38,123700.0,1482606.0,3,55,11.98549717057397,1,1,1,1.0,0.4582471674875186,1.0,3.0,0.0005916045492534855,-6.52702095618892e-18,-3.253100449864653e-17,0.00020547828488840964,False,0.612,0.167,0.957,0.879,0.957,0.978017048003589,True,число получателей выше среднего своего колена на 10.3 σ,False,0.0
100000002957787100,distributor,0.798,0,0.7442,"веерная рассылка: 34 получателям, 41 переводов на 1.3 млн ₸",,2,False,4,34,84956.0,1276153.96,7,41,15.02135175855737,0,1,7,1.0,0.7551235902602222,2.0,84.0,0.0006138323786231593,0.034493337221216974,0.00019153825633920816,0.004276645426207853,False,0.598,0.167,0.946,0.888,0.997,0.9793629430237775,True,число циклов выше среднего своего колена на 4.4 σ,True,0.7142857142857143
100000004403675100,consolidator,0.567,18,0.7427,"признаки консолидации: получает от 4 плательщиков (2 seed) 183 тыс ₸, дальше 145% полученного",,1,False,4,5,182980.0,264699.0,8,6,1.4466007213903158,2,2,7,1.0,0.5402362683651997,1.0,10.0,0.0007400733271266633,0.00010061852340628728,0.0022164237422610204,0.002787673513726202,False,0.51,0.333,0.841,0.919,0.996,0.9380888290713324,False,,False,0.25
100000005778283100,coordinator,0.637,0,0.7415,"кандидат в организаторы: деньги 3 seed за ≤2 перевода, связан с 2 посредн. на входе и 0 на выходе, вход 616 тыс ₸",observed_sink,1,False,3,0,615760.0,0.0,3,0,0.0,2,3,9,0.0,0.0,1.0,0.0,0.00043758405542756654,-0.0,0.00011357615241737374,0.0,False,0.637,0.5,0.887,0.738,0.367,0.74069089277703,False,,False,0.0
100000003741418100,consolidator,0.86,0,0.7383,"признаки консолидации: получает от 9 плательщиков (0 seed) 152 тыс ₸, дальше 26% полученного",,2,False,9,3,151900.0,39920.0,13,3,0.2628044766293614,0,1,7,1.0,0.0,2.0,1.0,0.0006325013799441029,0.004998687584406846,0.00034011174508632807,5.2754855808308135e-05,False,0.774,0.167,0.7,0.895,0.902,0.9564827276805743,False,,False,0.6923076923076923
100000000332284100,consolidator,0.742,0,0.7372,"признаки консолидации: получает от 10 плательщиков (0 seed) 107 тыс ₸, дальше 269% полученного",,2,False,10,3,107426.0,289500.0,12,3,2.69487833485376,0,1,7,1.0,1.0,3.0,0.0,0.0007170946224349055,0.0012820006472910514,0.0003565292361106343,0.0001091372663902734,False,0.668,0.167,0.823,0.915,0.935,0.9766711529834007,True,число плательщиков выше среднего своего колена на 4.8 σ,True,0.8333333333333334
100000004962193100,consolidator,0.883,0,0.7358,"признаки консолидации: получает от 8 плательщиков (0 seed) 900 тыс ₸, дальше 0% полученного",observed_sink,2,False,8,0,900468.0,0.0,11,0,0.0,0,1,7,0.0,0.0,5.0,0.0,0.00065731504427257,-0.0,0.0004994172486565575,0.0,False,0.795,0.167,0.919,0.902,0.367,0.9730820995962315,True,максимум плательщиков за день выше среднего своего колена на 6.3 σ,False,0.0
100000004486525100,consolidator,0.733,0,0.7349,"признаки консолидации: получает от 8 плательщиков (0 seed) 361 тыс ₸, дальше 75% полученного",,2,False,8,2,360924.0,271045.0,21,3,0.7509752745730403,0,1,7,1.0,1.0,5.0,0.0,0.0008057988481996686,0.0004648710747117079,0.00030175688378916493,4.755524433290098e-06,False,0.66,0.167,0.89,0.928,0.784,0.9811574697173621,True,максимум плательщиков за день выше среднего своего колена на 6.3 σ,False,0.3333333333333333
100000004221668100,consolidator,0.637,12,0.7344,"признаки консолидации: получает от 4 плательщиков (0 seed) 1.1 млн ₸, дальше 65% полученного",,2,False,4,3,1128300.0,731440.0,8,10,0.6482673047948241,0,1,1,1.0,0.9841408727988625,1.0,3.0,0.0030901749053247243,-4.609038149984193e-19,2.9664717156478316e-05,4.5573775819030105e-06,False,0.573,0.167,0.965,0.998,0.784,0.9259757738896366,False,,False,0.25
100000002718366100,consolidator,0.825,1,0.7321,"признаки консолидации: получает от 6 плательщиков (0 seed) 2.5 млн ₸, дальше 0% полученного",observed_sink,2,False,6,0,2525000.0,0.0,10,0,0.0,0,1,9,0.0,0.0,3.0,0.0,0.0006811994866182274,-0.0,7.932283167515186e-06,0.0,False,0.742,0.167,0.978,0.907,0.367,0.9636608344549125,False,,False,0.0
100000008324800100,transit,0.978,5,0.7316,"транзит: получил 526 тыс ₸, отдал 97%, 100% ушло в течение 2 дн. после прихода",,2,False,3,1,526500.0,511000.0,17,13,0.9705603038936372,0,1,7,1.0,1.0,2.0,1.0,0.0018517826355651432,-6.351625260305282e-19,0.0031069866791250214,1.922024458454748e-05,False,0.587,0.167,0.931,0.983,0.81,0.9013010318528488,False,,False,0.11764705882352941
100000007442518100,consolidator,0.596,25,0.7315,"признаки консолидации: получает от 5 плательщиков (1 seed) 510 тыс ₸, дальше 867% полученного",,1,False,5,9,510000.0,4419999.0,8,12,8.666664705882352,1,1,7,1.0,0.8993212441903268,1.0,1.0,0.000648773224650621,2.0802215632693188e-05,0.005493256774154664,0.0002522409418157623,False,0.536,0.167,0.995,0.898,0.961,0.9641094661283086,False,,False,0.125
100000007629096100,consolidator,0.624,0,0.7302,"признаки консолидации: получает от 4 плательщиков (0 seed) 1.1 млн ₸, дальше 71% полученного",,2,False,4,1,1075170.0,765205.0,5,5,0.7117060557865268,0,1,7,1.0,0.9346122934377062,2.0,1.0,0.00247240594710724,0.00010197759824558033,0.00028463489458447537,1.525730755680573e-05,False,0.562,0.167,0.964,0.995,0.79,0.9470614625392553,False,,False,0.0
100000002224132100,consolidator,0.596,11,0.7301,"признаки консолидации: получает от 5 плательщиков (0 seed) 4.0 млн ₸, дальше 307% полученного",,2,False,5,4,3951020.0,12115000.0,10,25,3.0662968043695047,0,1,2,1.0,0.7267849773008667,2.0,8.0,0.005995733195474406,-7.555253882162488e-19,-1.6019457581398397e-19,6.241625818693253e-06,False,0.536,0.167,1.0,1.0,0.786,0.9860924181247196,True,входящий оборот выше среднего своего колена на 3.0 σ,False,0.0
100000008748914100,distributor,0.668,10,0.7255,"веерная рассылка: 13 получателям, 21 переводов на 4.5 млн ₸",,1,False,2,13,180000.0,4471847.0,9,21,24.843594444444445,1,1,1,1.0,0.4959248382156187,1.0,1.0,0.0007908267344260654,0.0033332684529872813,9.414966805373828e-19,0.0006406087705344536,False,0.501,0.167,0.992,0.927,0.976,0.9497532525796322,False,,False,0.2222222222222222
100000001857829100,distributor,0.692,15,0.7252,"веерная рассылка: 16 получателям, 16 переводов на 2.4 млн ₸",,2,False,6,16,888535.0,2390993.0,9,16,2.690938454872346,0,1,7,1.0,0.8154867036415414,3.0,50.0,0.000620479025252112,0.006990814178146247,0.0020377594022789975,0.00195959937727883,False,0.519,0.167,0.985,0.89,0.989,0.9869896814715119,True,число циклов выше среднего своего колена на 3.9 σ,False,0.1111111111111111
100000000661912100,transit,0.854,3,0.7211,"транзит: получил 393 тыс ₸, отдал 110%, 75% ушло в течение 2 дн. после прихода",,1,False,5,2,393036.0,430700.0,9,8,1.0958283719557496,1,1,7,1.0,0.75156721615974,2.0,1.0,0.0017491597591117558,-4.706748446338945e-19,0.007862144498655573,0.001333690545207292,False,0.512,0.167,0.911,0.98,0.987,0.9448183041722745,False,,False,0.1111111111111111
100000008144528100,consolidator,0.796,2,0.7208,"признаки консолидации: получает от 5 плательщиков (0 seed) 1.1 млн ₸, дальше 0% полученного",observed_sink,2,False,5,0,1068202.6,0.0,13,0,0.0,0,1,7,0.0,0.0,2.0,0.0,0.001055538276590799,-0.0,5.437775228461317e-06,0.0,False,0.716,0.167,0.933,0.954,0.367,0.901749663526245,False,,False,0.23076923076923078
100000008547948100,distributor,0.758,1,0.7159,"веерная рассылка: 26 получателям, 31 переводов на 5.2 млн ₸",,2,False,6,26,212665.0,5185600.0,7,31,24.383890155878966,0,1,8,1.0,0.21627198395556926,4.0,8.0,0.00042770372491676006,0.00010550661103746164,5.649427405724984e-06,0.0011322141374262578,False,0.568,0.167,0.996,0.727,0.984,0.9847465231045311,True,максимум плательщиков за день выше среднего своего колена на 4.6 σ,False,0.14285714285714285
100000008111003100,consolidator,0.794,0,0.7155,"признаки консолидации: получает от 6 плательщиков (0 seed) 223 тыс ₸, дальше 16% полученного",,2,False,6,1,222716.0,35000.0,9,1,0.15715081089818422,0,1,7,1.0,1.0,2.0,104.0,0.0004696217007352448,8.58891795865451e-21,0.0003151792146778354,0.0008819050437118924,False,0.715,0.167,0.755,0.755,0.981,0.9820547330641544,True,число циклов выше среднего своего колена на 4.6 σ,False,0.0
100000001530983100,distributor,0.649,10,0.7137,"веерная рассылка: 11 получателям, 17 переводов на 1.8 млн ₸",,1,False,4,11,564158.0,1829538.0,4,17,3.24295321523403,2,2,7,1.0,0.15648212827500713,1.0,0.0,0.000356090309991762,0.00021682601059341012,0.005439667156910638,0.0003320721066079377,False,0.487,0.333,0.976,0.636,0.969,0.9488559892328399,False,,False,0.0
100000006734214100,consolidator,0.784,14,0.7105,"признаки консолидации: получает от 5 плательщиков (0 seed) 610 тыс ₸, дальше 6% полученного",,3,False,5,3,610000.0,36000.0,10,4,0.05901639344262295,0,0,7,1.0,0.7222222222222222,2.0,0.0,0.0006063901366273065,2.2415912672071667e-19,0.008009424579136552,5.9444055416126226e-05,False,0.706,0.0,0.892,0.885,0.912,0.9762225213100045,True,число плательщиков выше среднего своего колена на 6.1 σ,False,0.0
100000003242289100,distributor,0.74,14,0.7104,"веерная рассылка: 23 получателям, 26 переводов на 2.4 млн ₸",,2,False,3,23,550791.0,2377741.0,8,26,4.316956885642648,0,1,7,1.0,0.3309300718623265,2.0,104.0,0.0004397217042853956,0.012521217291712699,0.0001920128161334934,0.0010013456094342644,False,0.555,0.167,0.983,0.74,0.983,0.9721848362494392,True,число циклов выше среднего своего колена на 4.6 σ,False,0.0
100000008560717100,consolidator,0.845,3,0.7089,"признаки консолидации: получает от 7 плательщиков (1 seed) 529 тыс ₸, дальше 5% полученного",,1,False,7,1,529000.0,25000.0,9,1,0.04725897920604915,1,1,7,1.0,0.0,2.0,0.0,0.000330834156555212,-2.2437737117700557e-19,0.01233779685220093,1.922024458454748e-05,False,0.76,0.167,0.876,0.578,0.81,0.9318079856437864,False,,False,0.0
100000008730846100,consolidator,0.654,0,0.7059,"признаки консолидации: получает от 7 плательщиков (0 seed) 155 тыс ₸, дальше 234% полученного",,2,False,7,3,155042.0,363370.0,11,4,2.343687516930896,0,1,8,1.0,1.0,4.0,0.0,0.0005360575471707999,0.00216656649286807,0.00024907633130586787,0.0001409126051421448,False,0.589,0.167,0.869,0.822,0.948,0.9694930462090624,False,,False,0.2727272727272727
100000003265158100,transit,0.958,11,0.7053,"транзит: получил 146 тыс ₸, отдал 106%, 100% ушло в течение 2 дн. после прихода",,1,False,3,2,146100.4,154200.0,3,4,1.055438588806054,2,2,9,1.0,1.0,1.0,0.0,0.0003846709844220256,-1.6754057580485004e-19,1.9470593065389833e-05,0.00017654884458589488,False,0.575,0.333,0.781,0.682,0.953,0.8380439659039928,False,,False,0.0
100000004707703100,transit,0.943,2,0.7053,"транзит: получил 239 тыс ₸, отдал 97%, 89% ушло в течение 2 дн. после прихода",,1,False,2,5,239300.0,231650.0,3,6,0.9680317592979524,1,1,7,1.0,0.8892726095402547,1.0,0.0,0.0006355624384346332,-1.791429368707601e-18,0.00029760217313451367,0.00010710478506958707,False,0.566,0.167,0.853,0.895,0.934,0.8434275459847466,False,,False,0.3333333333333333
100000008489922100,distributor,0.807,1,0.7045,"веерная рассылка: 36 получателям, 41 переводов на 3.8 млн ₸",,3,False,3,36,262010.0,3789900.0,5,41,14.464715087210411,0,0,8,1.0,0.2690572310615056,2.0,6.0,0.0005858952858663079,6.847780050558677e-05,3.84639789237523e-06,0.0008721882963004519,False,0.605,0.0,0.989,0.876,0.981,0.9964109466128309,True,число получателей выше среднего своего колена на 12.5 σ,False,0.0
100000004820260100,transit,0.94,2,0.7043,"транзит: получил 234 тыс ₸, отдал 92%, 100% ушло в течение 2 дн. после прихода",,2,False,1,3,234200.0,215350.0,12,10,0.9195132365499573,0,1,7,1.0,1.0,1.0,2.0,0.0014014565775826925,0.00014648891629618485,2.3977747062051574e-06,1.9616538287321655e-05,False,0.564,0.167,0.843,0.972,0.836,0.8178555406011665,False,,False,0.08333333333333333
100000005242320100,distributor,0.728,9,0.704,"веерная рассылка: 21 получателям, 29 переводов на 8.9 млн ₸",,2,False,2,21,365700.0,8936295.0,2,29,24.43613617719442,0,1,2,1.0,0.19270178524768933,1.0,0.0,0.00050012413141856,2.0359245658051155e-05,4.521011914403476e-07,2.9722027708063113e-05,False,0.546,0.167,0.998,0.775,0.871,0.8873934499775684,False,,False,0.0
100000008094734100,consolidator,0.767,0,0.7039,"признаки консолидации: получает от 4 плательщиков (2 seed) 236 тыс ₸, дальше 0% полученного",observed_sink,1,False,4,0,236249.0,0.0,4,0,0.0,2,3,8,0.0,0.0,1.0,0.0,0.00034413600318898276,-0.0,0.0023354656498684213,0.0,False,0.69,0.5,0.739,0.612,0.367,0.7326155226558995,False,,False,0.25
100000007998965100,consolidator,0.777,9,0.7009,"признаки консолидации: получает от 5 плательщиков (0 seed) 278 тыс ₸, дальше 9% полученного",,2,False,5,1,278000.0,26000.0,7,3,0.09352517985611511,0,1,8,1.0,0.38461538461538464,2.0,0.0,0.0004719217907251249,4.1906250481223786e-19,3.056080596415293e-05,1.981468513870874e-05,False,0.699,0.167,0.783,0.757,0.842,0.9039928218932256,False,,False,0.0
100000004135268100,transit,0.81,39,0.7002,"транзит: получил 1.2 млн ₸, отдал 81%, 85% ушло в течение 2 дн. после прихода",,1,False,2,3,1239000.0,1000200.0,3,4,0.8072639225181598,1,1,1,1.0,0.8498300339932013,1.0,3.0,0.0017405273422577722,7.068622920503544e-20,-1.389633247847492e-19,1.1888811083225246e-06,False,0.486,0.167,0.975,0.979,0.76,0.9609690444145357,False,,False,0.0
100000002781227100,transit,0.86,1,0.6998,"транзит: получил 191 тыс ₸, отдал 111%, 81% ушло в течение 2 дн. после прихода",,1,False,2,3,191167.62,212420.0,8,10,1.1111714421092862,1,1,1,1.0,0.8116938141417945,1.0,1.0,0.0023265921896669477,2.655928916905308e-06,3.3376811892725238e-19,0.00013295653728073565,False,0.516,0.167,0.827,0.992,0.943,0.8304172274562585,False,,False,0.375
100000002618492100,coordinator,0.622,6,0.6973,"кандидат в организаторы: деньги 3 seed за ≤2 перевода, связан с 2 посредн. на входе и 0 на выходе, вход 296 тыс ₸",observed_sink,1,False,2,0,296500.0,0.0,2,0,0.0,1,3,8,0.0,0.0,1.0,0.0,0.00036902681066638786,-0.0,0.00014602774038052576,0.0,False,0.622,0.5,0.775,0.663,0.367,0.5616868550919695,False,,False,0.0
100000007594394100,consolidator,0.625,0,0.6965,"признаки консолидации: получает от 6 плательщиков (0 seed) 395 тыс ₸, дальше 854% полученного",,2,False,6,1,395385.0,3376312.0,6,40,8.539302199122375,0,1,9,1.0,0.4527164551143378,2.0,1.0,0.000405585478703186,0.001261418608772531,0.004408816492028837,3.6199495962304385e-05,False,0.562,0.167,0.988,0.711,0.874,0.9313593539703903,False,,False,0.16666666666666666
100000003854444100,distributor,0.676,19,0.6947,"веерная рассылка: 14 получателям, 14 переводов на 2.3 млн ₸",,2,False,1,14,210000.0,2322909.0,4,14,11.061471428571428,0,1,7,1.0,0.7448307273337009,1.0,0.0,0.0004667616271471915,0.004533216152141451,2.841455004939276e-20,0.0010752598119040178,False,0.507,0.167,0.978,0.752,0.984,0.8407357559443697,False,,False,0.0
100000006707582100,distributor,0.676,9,0.6946,"веерная рассылка: 14 получателям, 15 переводов на 961 тыс ₸",,1,False,2,14,39520.0,961138.0,2,15,24.320293522267207,1,1,1,1.0,0.9479783340165512,1.0,1.0,0.0005380556485142938,0.001246416169583453,2.2929682109602925e-05,0.00036346737439438065,False,0.507,0.167,0.928,0.826,0.972,0.9614176760879318,False,,False,0.0
100000005704413100,distributor,0.789,8,0.6936,"веерная рассылка: 32 получателям, 35 переводов на 1.4 млн ₸",,3,False,3,32,97834.67,1363593.0,4,35,13.9377278014021,0,0,7,1.0,0.44522449147216214,2.0,3.0,0.0005996888032985903,0.00014800832728386186,2.3762160559203688e-06,0.002562756260543509,False,0.592,0.0,0.951,0.882,0.995,0.9959623149394348,True,число получателей выше среднего своего колена на 11.1 σ,False,0.25
100000008546855100,consolidator,0.797,3,0.693,"признаки консолидации: получает от 6 плательщиков (0 seed) 72 тыс ₸, дальше 14% полученного",,2,False,6,2,71790.0,10000.0,8,2,0.1392951664577239,0,1,7,1.0,1.0,5.0,2.0,0.0014269758891576874,3.7935641486525653e-19,0.0002071416863476784,5.8849614861964964e-05,False,0.717,0.167,0.526,0.973,0.91,0.9834006280843428,True,максимум плательщиков за день выше среднего своего колена на 6.3 σ,False,0.625
100000005578559100,distributor,0.728,8,0.6865,"веерная рассылка: 21 получателям, 23 переводов на 893 тыс ₸",,2,False,2,21,131000.0,893163.6699999999,2,23,6.818043282442748,0,1,7,1.0,0.4550061916423448,1.0,1.0,0.00039101511323013396,3.437993032283739e-05,2.1410009295390986e-06,0.0009667514112443349,False,0.546,0.167,0.931,0.691,0.982,0.8326603858232391,False,,False,0.0
100000008512552100,consolidator,0.567,14,0.6857,"признаки консолидации: получает от 4 плательщиков (0 seed) 394 тыс ₸, дальше 330% полученного",,2,False,4,6,394360.0,1302275.0,9,11,3.3022492139162187,0,1,7,1.0,1.0,2.0,13.0,0.0004258788196805501,0.0010030183788805307,0.00033800892520171314,0.00043072956564757015,False,0.51,0.167,0.96,0.725,0.972,0.9479587258860476,False,,False,0.1111111111111111
100000008710791100,distributor,0.74,1,0.6853,"веерная рассылка: 23 получателям, 25 переводов на 5.5 млн ₸",,2,False,3,23,181510.0,5521511.0,3,25,30.41987218335078,0,1,9,1.0,0.7006958783564862,1.0,0.0,0.0003342621960762564,0.00017282380772348546,1.664150305993869e-06,0.00031460850776037077,False,0.555,0.167,0.996,0.589,0.967,0.9107222969941677,False,,False,0.0
100000008413748100,distributor,0.707,14,0.6844,"веерная рассылка: 18 получателям, 21 переводов на 1.4 млн ₸",,2,False,2,18,26480.0,1377320.22,2,21,52.01360347432024,0,1,7,1.0,0.3328092576757495,2.0,85.0,0.00039089149206356826,0.025000180927120964,2.046210058060398e-05,0.0006247167830790698,False,0.53,0.167,0.948,0.69,0.976,0.9690444145356663,False,,False,0.0
100000008733194100,consolidator,0.64,15,0.682,"признаки консолидации: получает от 4 плательщиков (0 seed) 251 тыс ₸, дальше 64% полученного",,2,False,4,8,251424.0,159695.0,4,8,0.6351621165839378,0,1,7,1.0,0.711481261154075,2.0,1.0,0.0004707255944091275,2.2858770004221307e-06,0.000519438613750454,0.00020045361098198542,False,0.576,0.167,0.83,0.756,0.957,0.8981606101390758,False,,False,0.0
100000005171642100,transit,0.975,12,0.6807,"транзит: получил 697 тыс ₸, отдал 98%, 96% ушло в течение 2 дн. после прихода",,3,False,2,1,696800.0,683600.0,5,4,0.9810562571756601,0,0,1,1.0,0.96255119953189,1.0,2.0,0.002767182224758268,1.2626060685761799e-05,-1.687578947067502e-19,3.962937027741748e-07,False,0.585,0.0,0.947,0.996,0.742,0.9457155675190668,False,,False,0.4
100000005782781100,distributor,0.639,0,0.6804,"веерная рассылка: 10 получателям, 10 переводов на 1.3 млн ₸",,2,False,6,10,171888.0,1263597.0,10,10,7.351281066741134,0,1,7,1.0,1.0,3.0,23.0,0.0004875096527600837,0.005811990850049194,0.000371804209433603,0.0005683243291461322,False,0.479,0.167,0.95,0.768,0.976,0.984297891431135,True,число циклов выше среднего своего колена на 3.0 σ,False,0.1
100000008547844100,distributor,0.714,1,0.6802,"веерная рассылка: 19 получателям, 21 переводов на 2.0 млн ₸",,2,False,3,19,177600.0,2042199.0,3,21,11.498868243243244,0,1,8,1.0,0.40730604608071985,1.0,8.0,0.0003443380521779426,1.4018980015451686e-05,3.2827465628466946e-06,0.0017876098818035268,False,0.536,0.167,0.974,0.614,0.988,0.9089277703005832,False,,False,0.3333333333333333
100000008466579100,distributor,0.7,1,0.6772,"веерная рассылка: 17 получателям, 20 переводов на 1.9 млн ₸",,2,False,2,17,36952.0,1933000.0,2,20,52.31110630006495,0,1,8,1.0,0.06466632177961718,1.0,4.0,0.0003534138885849347,9.925306275525303e-05,5.411371744641341e-07,0.0005056322361854107,False,0.525,0.167,0.969,0.633,0.975,0.8752803947958726,False,,False,0.5
100000003249054100,consolidator,0.824,0,0.6762,"признаки консолидации: получает от 7 плательщиков (0 seed) 100 тыс ₸, дальше 15% полученного",,2,False,7,1,99700.0,15000.0,11,1,0.15045135406218657,0,1,7,1.0,0.0,2.0,0.0,0.00043146322860656444,3.459623200928235e-20,0.00038185410630576236,3.962937027741748e-05,False,0.742,0.167,0.608,0.731,0.89,0.9362943023777479,False,,False,0.6363636363636364
100000000291906100,transit,0.694,38,0.6713,"транзит: получил 388 тыс ₸, отдал 117%, 42% ушло в течение 2 дн. после прихода",,2,False,2,2,388000.0,455854.0,3,6,1.1748814432989692,0,1,7,1.0,0.4186735226629579,1.0,1.0,0.0007629373053537469,1.031531221204158e-19,-1.426422795327242e-19,7.806985944651244e-05,False,0.416,0.167,0.914,0.923,0.924,0.7074921489457155,False,,False,0.3333333333333333
100000008723830100,transit,0.992,2,0.6696,"транзит: получил 460 тыс ₸, отдал 99%, 100% ушло в течение 2 дн. после прихода",,1,False,2,1,459785.0,455000.0,2,1,0.9895929619278576,1,1,7,1.0,1.0,1.0,0.0,0.00034023098770657236,-2.261954025070534e-19,0.0003197167634670938,1.9616538287321655e-05,False,0.595,0.167,0.921,0.606,0.836,0.8986092418124719,False,,False,0.5
100000002547110100,consolidator,0.825,1,0.668,"признаки консолидации: получает от 6 плательщиков (0 seed) 1.5 млн ₸, дальше 0% полученного",observed_sink,3,False,6,0,1500000.0,0.0,10,0,0.0,0,0,8,0.0,0.0,5.0,0.0,0.0005516278220472665,-0.0,5.8936131396065435e-06,0.0,False,0.742,0.0,0.952,0.85,0.367,0.9892328398384926,True,максимум плательщиков за день выше среднего своего колена на 10.4 σ,False,0.0
100000006788200100,consolidator,0.719,12,0.6676,"признаки консолидации: получает от 4 плательщиков (1 seed) 272 тыс ₸, дальше 24% полученного",,1,False,4,3,272155.8,64500.0,4,4,0.23699660268125833,1,1,7,1.0,0.0,1.0,0.0,0.00033716343435244173,1.2623492597195218e-05,0.004712143611845408,9.689381032828575e-05,False,0.647,0.167,0.794,0.595,0.931,0.7976671152983401,False,,False,0.0
100000008304139100,distributor,0.746,0,0.6675,"веерная рассылка: 24 получателям, 43 переводов на 1.7 млн ₸",,1,False,4,24,189329.75,1692997.0,4,43,8.942054801213228,1,1,7,1.0,0.28186700862435077,1.0,290.0,0.0003136180059586529,0.007628711684476106,0.005756709722934663,0.0013103045314002593,False,0.56,0.167,0.968,0.502,0.986,0.9901301031852848,True,число получателей выше среднего своего колена на 6.4 σ,False,0.0
100000003747133100,transit,0.935,0,0.6664,"транзит: получил 237 тыс ₸, отдал 105%, 92% ушло в течение 2 дн. после прихода",,2,False,5,2,237068.0,250000.0,8,2,1.0545497494389795,0,1,7,1.0,0.92,2.0,0.0,0.00037807073413400786,2.0484283944962372e-20,0.0005056699278660021,9.610122292273739e-05,False,0.561,0.167,0.858,0.677,0.93,0.9129654553611485,False,,False,0.0
100000006977207100,distributor,0.684,10,0.6648,"веерная рассылка: 15 получателям, 15 переводов на 4.2 млн ₸",,2,False,1,15,414000.0,4157018.0,1,15,10.041106280193237,0,1,1,1.0,0.0,1.0,0.0,0.0003478854757097009,0.004258462583134219,6.211858333423018e-05,3.277348921942426e-05,False,0.513,0.167,0.992,0.623,0.872,0.9021982951996411,False,,False,0.0
100000003796063100,distributor,0.684,0,0.6637,"веерная рассылка: 15 получателям, 23 переводов на 959 тыс ₸",,3,False,1,15,35000.0,959150.0,1,23,27.404285714285713,0,0,7,1.0,0.07350258040973778,1.0,104.0,0.0006852648705720556,0.0025957794878544494,2.01795182412677e-20,0.0011789271739411362,False,0.513,0.0,0.925,0.908,0.985,0.9878869448183042,True,число циклов выше среднего своего колена на 7.8 σ,False,0.0
100000001253557100,consolidator,0.796,1,0.6628,"признаки консолидации: получает от 5 плательщиков (1 seed) 210 тыс ₸, дальше 0% полученного",observed_sink,1,False,5,0,210200.0,0.0,5,0,0.0,1,2,10,0.0,0.0,1.0,0.0,0.0003510659229876527,-0.0,4.1417022573633135e-05,0.0,False,0.716,0.333,0.718,0.629,0.367,0.8214445939883356,False,,False,0.0
100000008743913100,distributor,0.668,1,0.6593,"веерная рассылка: 13 получателям, 13 переводов на 1.9 млн ₸",,2,False,3,13,149300.0,1850600.0,3,13,12.395177494976558,0,1,9,1.0,0.44796282286825895,2.0,0.0,0.0003321078123765368,1.909819156173343e-05,2.284513845743909e-06,0.00030606507803785635,False,0.501,0.167,0.97,0.582,0.966,0.9008524001794527,False,,False,0.3333333333333333
100000005519998100,transit,0.774,17,0.6589,"транзит: получил 182 тыс ₸, отдал 103%, 33% ушло в течение 2 дн. после прихода",,2,False,3,3,182000.0,188000.0,5,8,1.032967032967033,0,1,7,1.0,0.32978723404255317,1.0,8.0,0.0006524582538824888,0.0009458229069002677,2.9376475527185824e-07,5.98403491189004e-05,False,0.464,0.167,0.812,0.899,0.913,0.8663077613279497,False,,False,0.0
100000008748408100,distributor,0.728,12,0.6542,"веерная рассылка: 21 получателям, 22 переводов на 1.5 млн ₸",,1,False,1,21,360000.0,1499960.0,2,22,4.166555555555555,1,1,1,1.0,0.8743499826662045,1.0,0.0,0.0003340545949423299,0.001541184209978469,4.0895899043318464e-05,7.1332866499351465e-06,False,0.546,0.167,0.966,0.588,0.787,0.9663526244952894,False,,False,0.0
100000000201868100,transit,1.0,2,0.6527,"транзит: получил 190 тыс ₸, отдал 100%, 100% ушло в течение 2 дн. после прихода",,2,False,1,1,190000.0,190000.0,1,1,1.0,0,1,7,1.0,1.0,1.0,1.0,0.0009746432509228572,0.00013207133252614216,-3.152486965445657e-19,0.0,False,0.6,0.167,0.817,0.95,0.367,0.819650067294751,False,,False,0.0
100000004144536100,consolidator,0.767,21,0.6517,"признаки консолидации: получает от 4 плательщиков (1 seed) 168 тыс ₸, дальше 0% полученного",observed_sink,1,False,4,0,168000.0,0.0,6,0,0.0,1,1,1,0.0,0.0,2.0,0.0,0.0009685966718954024,-0.0,4.160090492446295e-18,0.0,False,0.69,0.167,0.678,0.949,0.367,0.8627187079407806,False,,False,0.3333333333333333
100000008512827100,distributor,0.639,1,0.6514,"веерная рассылка: 10 получателям, 10 переводов на 1.9 млн ₸",,2,False,3,10,107949.0,1944500.0,3,10,18.01313583266172,0,1,9,1.0,0.7986628953458472,1.0,0.0,0.0003352561979240567,0.00014596924408967425,3.911807319878648e-07,0.00013726544500137548,False,0.479,0.167,0.972,0.59,0.946,0.8411843876177658,False,,False,0.0
100000004351795100,distributor,0.676,14,0.649,"веерная рассылка: 14 получателям, 37 переводов на 1.7 млн ₸",,1,False,3,14,118333.0,1715161.0,3,37,14.494359139039828,1,1,7,1.0,0.37906703802150354,1.0,206.0,0.0003135156057452146,0.002775355019729453,0.004015553512819661,0.002428521604147366,False,0.507,0.167,0.964,0.501,0.993,0.9753252579632122,True,число циклов выше среднего своего колена на 5.4 σ,False,0.0
100000006069103100,transit,0.615,2,0.6474,"транзит: получил 229 тыс ₸, отдал 118%, 17% ушло в течение 2 дн. после прихода",,1,False,3,3,228818.0,270000.0,3,4,1.1799770997036947,1,1,7,1.0,0.16666666666666666,1.0,1.0,0.0011516310982681705,-4.025336718381365e-19,0.00031029937376154915,5.805702745641661e-05,False,0.369,0.167,0.862,0.96,0.908,0.7496635262449529,False,,False,0.3333333333333333
100000003509750100,transit,0.888,12,0.6469,"транзит: получил 82 тыс ₸, отдал 95%, 74% ушло в течение 2 дн. после прихода",,2,False,3,3,82290.0,78400.0,4,5,0.9527281565196257,0,1,1,1.0,0.7448979591836735,1.0,2.0,0.001687048026555679,-3.4937993894931257e-19,2.918439009032511e-05,1.981468513870874e-06,False,0.533,0.167,0.668,0.978,0.773,0.8075370121130552,False,,False,0.25
100000004070318100,distributor,0.714,0,0.6455,"веерная рассылка: 19 получателям, 37 переводов на 552 тыс ₸",,1,False,4,19,207246.55,551860.0,6,37,2.662818753798314,1,1,7,1.0,0.5405972529264669,2.0,463.0,0.0003141223476175547,0.00497721819234978,0.006655303540804877,0.0020732651297362425,False,0.536,0.167,0.903,0.506,0.992,0.990578734858681,True,число циклов выше среднего своего колена на 6.3 σ,False,0.0
100000003134934100,consolidator,0.767,3,0.6446,"признаки консолидации: получает от 4 плательщиков (0 seed) 379 тыс ₸, дальше 0% полученного",observed_sink,2,False,4,0,379354.0,0.0,4,0,0.0,0,1,9,0.0,0.0,2.0,0.0,0.00042447911385230347,-0.0,0.001992714088467811,0.0,False,0.69,0.167,0.816,0.724,0.367,0.8232391206819202,False,,False,0.0
100000002605308100,terminal,0.95,8,0.6444,"получил 2.6 млн ₸ от 3 плательщ.; исходящих ≥5 тыс ₸ в выборке не наблюдается (колено 2, исходящие выгружены)",observed_sink,2,False,3,0,2569521.84,0.0,7,0,0.0,0,2,11,0.0,0.0,1.0,0.0,0.0008849814697633063,-0.0,6.406073019231779e-08,0.0,False,0.332,0.333,0.98,0.941,0.367,0.8941229250785105,False,,False,0.0
100000001303311100,consolidator,0.796,1,0.6441,"признаки консолидации: получает от 5 плательщиков (0 seed) 1.3 млн ₸, дальше 0% полученного",observed_sink,3,False,5,0,1324000.0,0.0,5,0,0.0,0,0,9,0.0,0.0,4.0,0.0,0.0005016994290161631,-0.0,3.913903256322344e-06,0.0,False,0.716,0.0,0.944,0.776,0.367,0.9856437864513234,True,максимум плательщиков за день выше среднего своего колена на 7.7 σ,False,0.0
100000004997515100,consolidator,0.739,1,0.6438,"признаки консолидации: получает от 4 плательщиков (0 seed) 395 тыс ₸, дальше 14% полученного",,3,False,4,4,395000.0,54500.0,4,4,0.1379746835443038,0,0,9,1.0,0.0,1.0,0.0,0.00035661588331946755,8.829407905185614e-20,2.331062159482117e-06,8.956237682696351e-05,False,0.665,0.0,0.843,0.638,0.927,0.9376401973979362,False,,False,0.0
100000002645609100,consolidator,0.767,0,0.643,"признаки консолидации: получает от 4 плательщиков (1 seed) 547 тыс ₸, дальше 0% полученного",observed_sink,1,False,4,0,546820.6799999999,0.0,5,0,0.0,1,1,7,0.0,0.0,1.0,0.0,0.0003553578831259949,-0.0,0.005933623592512481,0.0,False,0.69,0.167,0.875,0.636,0.367,0.7568416330192912,False,,False,0.0
100000004160650100,distributor,0.639,21,0.6416,"веерная рассылка: 10 получателям, 40 переводов на 1.5 млн ₸",,2,False,2,10,75100.0,1489827.0,4,40,19.83790945406125,0,1,1,1.0,0.8165223210480143,1.0,16.0,0.00036922766671020936,9.301718608496747e-18,1.8388938943590268e-18,5.34996498745136e-06,False,0.479,0.167,0.956,0.664,0.785,0.9134140870345446,False,,False,0.25
100000003004487100,consolidator,0.567,26,0.6396,"признаки консолидации: получает от 4 плательщиков (1 seed) 184 тыс ₸, дальше 144% полученного",,1,False,4,2,183702.8,265015.0,9,3,1.4426290726107605,1,1,7,1.0,0.9245325736279079,2.0,1.0,0.00035087248171634185,-1.4193533543561468e-19,0.005747752526384554,0.00019279688639963605,False,0.51,0.167,0.842,0.628,0.956,0.9443696724988784,False,,False,0.2222222222222222
100000005910114100,distributor,0.714,0,0.6369,"веерная рассылка: 19 получателям, 56 переводов на 1.5 млн ₸",,3,False,3,19,326144.0,1469993.0,3,56,4.507190075549451,0,0,7,1.0,0.42215711231277975,1.0,255.0,0.0003616504127742248,0.004921132357608714,0.004303149176099721,0.005842206056572956,False,0.536,0.0,0.963,0.65,0.999,0.9982054733064154,True,число циклов выше среднего своего колена на 9.4 σ,False,0.0
100000001282143100,consolidator,0.796,1,0.6361,"признаки консолидации: получает от 5 плательщиков (0 seed) 1.7 млн ₸, дальше 0% полученного",observed_sink,3,False,5,0,1700000.0,0.0,6,0,0.0,0,0,10,0.0,0.0,4.0,0.0,0.0004017630614327044,-0.0,7.82261991891528e-06,0.0,False,0.716,0.0,0.96,0.708,0.367,0.9865410497981157,True,максимум плательщиков за день выше среднего своего колена на 7.7 σ,False,0.0
100000003299365100,transit,1.0,6,0.6358,"транзит: получил 200 тыс ₸, отдал 100%, 100% ушло в течение 2 дн. после прихода",,1,False,1,1,200000.0,200000.0,1,1,1.0,1,2,10,1.0,1.0,1.0,1.0,0.00032561658096971947,0.0005761766950985876,0.0004611679650745722,0.0,False,0.6,0.333,0.826,0.563,0.367,0.8878420816509646,False,,False,0.0
100000000489417100,transit,0.934,0,0.6343,"транзит: получил 74 тыс ₸, отдал 109%, 100% ушло в течение 2 дн. после прихода",,2,False,3,1,73504.0,80000.0,3,1,1.0883761427949499,0,1,7,1.0,1.0,2.0,0.0,0.0005517574141078721,0.0013727343928219568,0.0001422896002329591,1.4045481435864877e-05,False,0.56,0.167,0.66,0.851,0.79,0.889187976671153,False,,False,0.0
100000001126374100,consolidator,0.735,0,0.6338,"признаки консолидации: получает от 4 плательщиков (1 seed) 182 тыс ₸, дальше 16% полученного",,1,False,4,2,182500.0,29200.0,7,4,0.16,1,1,7,1.0,0.7534246575342466,1.0,0.0,0.00031350041044900305,-5.4359812808750075e-19,0.006302313106225167,3.923307657464331e-05,False,0.662,0.167,0.719,0.501,0.888,0.8658591296545536,False,,False,0.42857142857142855
100000001162560100,distributor,0.659,1,0.6331,"веерная рассылка: 12 получателям, 14 переводов на 2.9 млн ₸",,1,False,1,12,331300.0,2904398.0,2,14,8.76667069121642,1,1,1,1.0,0.1497315450568414,1.0,0.0,0.0003211487069311817,2.68985464504187e-05,2.274780546011994e-05,2.972202770806311e-06,False,0.494,0.167,0.985,0.55,0.778,0.9300134589502019,False,,False,0.0
100000002723538100,distributor,0.659,3,0.6323,"веерная рассылка: 12 получателям, 14 переводов на 560 тыс ₸",,2,False,3,12,105647.0,560499.0,3,14,5.305394379395534,0,1,7,1.0,0.5698493663681826,1.0,61.0,0.00032031316061285913,0.006524988787603194,0.004580931018943358,0.0002908863985638697,False,0.494,0.167,0.893,0.544,0.964,0.9304620906235981,False,,False,0.0
100000004847758100,distributor,0.684,0,0.6204,"веерная рассылка: 15 получателям, 23 переводов на 489 тыс ₸",,1,False,4,15,115171.0,488800.0,4,23,4.244123954815014,1,1,7,1.0,0.25777414075286414,1.0,71.0,0.0003047422483467836,0.008557695668543468,0.006770186979824109,0.0013585891006882083,False,0.513,0.167,0.886,0.432,0.987,0.9739793629430238,True,число циклов выше среднего своего колена на 4.3 σ,False,0.0
100000004150593100,distributor,0.649,2,0.6193,"веерная рассылка: 11 получателям, 16 переводов на 871 тыс ₸",,2,False,1,11,57000.0,871165.0,2,16,15.28359649122807,0,1,7,1.0,0.815867258211705,1.0,4.0,0.0003066265725556516,0.0028208849634803654,2.6036449179597008e-06,0.00022164097899513536,False,0.487,0.167,0.923,0.448,0.959,0.8654104979811574,False,,False,0.0
100000005665181100,distributor,0.649,0,0.6191,"веерная рассылка: 11 получателям, 11 переводов на 182 тыс ₸",,2,False,4,11,45498.0,181915.0,5,11,3.998307617917271,0,1,7,1.0,0.07695901932221093,2.0,1.0,0.0003985397345805526,0.005738503345797013,0.00013215554244886963,0.0002683210247526526,False,0.487,0.167,0.729,0.703,0.962,0.9246298788694481,False,,True,0.8
100000005830339100,consolidator,0.653,3,0.6181,"признаки консолидации: получает от 5 плательщиков (0 seed) 476 тыс ₸, дальше 71% полученного",,3,False,5,1,476341.0,339251.0,12,1,0.7122019729563485,0,0,7,1.0,0.0,1.0,0.0,0.0003636000613544035,0.00019785422123072405,0.007245941145139937,3.7978146515858416e-06,False,0.588,0.0,0.91,0.654,0.78,0.9394347240915208,False,,False,0.0
100000002603769100,terminal,0.95,0,0.6165,"получил 1.2 млн ₸ от 3 плательщ.; исходящих ≥5 тыс ₸ в выборке не наблюдается (колено 1, исходящие выгружены)",observed_sink,1,False,3,0,1185368.0,0.0,3,0,0.0,1,2,7,0.0,0.0,1.0,0.0,0.0005415388680707092,-0.0,0.0033208802164018227,0.0,False,0.332,0.333,0.939,0.835,0.367,0.882907133243607,False,,False,0.0
100000003528285100,consolidator,0.567,3,0.6152,"признаки консолидации: получает от 4 плательщиков (0 seed) 119 тыс ₸, дальше 461% полученного",,3,False,4,4,118870.0,548000.0,5,6,4.6100782367292,0,0,7,1.0,0.6204379562043796,1.0,0.0,0.0004042756455484536,0.0006432388314909894,0.004721828211159694,0.00011504626015844327,False,0.51,0.0,0.894,0.71,0.935,0.9569313593539704,False,,False,0.2
100000005610717100,consolidator,0.657,3,0.6141,"признаки консолидации: получает от 4 плательщиков (0 seed) 484 тыс ₸, дальше 55% полученного",,3,False,4,1,484500.0,265200.0,6,7,0.5473684210526316,0,0,7,1.0,0.8378582202111614,1.0,0.0,0.00034454483671221336,3.3087118650725935e-19,0.008115801612125401,1.922024458454748e-05,False,0.591,0.0,0.901,0.615,0.81,0.9537909376401974,False,,False,0.0
100000003946524100,transit,0.638,6,0.6127,"транзит: получил 134 тыс ₸, отдал 108%, 0% ушло в течение 2 дн. после прихода",,1,False,2,2,133757.0,144750.0,2,2,1.0821863528637754,1,2,10,1.0,0.0,1.0,1.0,0.0003260605758889195,4.0316376296296273e-19,0.0004648848820710056,0.0001194825513864137,False,0.383,0.333,0.764,0.564,0.94,0.6742934051144011,False,,False,0.0
100000007639767100,distributor,0.639,3,0.612,"веерная рассылка: 10 получателям, 13 переводов на 822 тыс ₸",,1,False,4,10,90913.0,822244.0,4,13,9.044295095310902,1,1,7,1.0,0.0951663982953965,1.0,590.0,0.0003014400392272213,0.002597445933156988,0.0060259393017653325,0.002511221199648504,False,0.479,0.167,0.92,0.401,0.994,0.9816061013907582,True,число циклов выше среднего своего колена на 6.6 σ,False,0.0
100000004336312100,transit,0.708,17,0.6098,"транзит: получил 90 тыс ₸, отдал 80%, 52% ушло в течение 2 дн. после прихода",,2,False,3,2,90415.0,72650.0,7,3,0.8035171155228668,0,1,7,1.0,0.5182381280110117,3.0,8.0,0.0006960070275624496,7.688217941528236e-06,1.5169080539882423e-07,3.37840381614984e-05,False,0.425,0.167,0.67,0.911,0.873,0.9546882009869897,False,,False,0.42857142857142855
100000007544358100,transit,0.722,2,0.6073,"транзит: получил 322 тыс ₸, отдал 109%, 29% ушло в течение 2 дн. после прихода",,1,False,2,1,322500.0,350000.0,2,3,1.0852713178294573,1,1,7,1.0,0.2857142857142857,1.0,0.0,0.000340571674274265,1.524915630870631e-19,0.0003197167634670938,1.9616538287321655e-05,False,0.433,0.167,0.894,0.606,0.836,0.730820995962315,False,,False,0.0
100000002480800100,terminal,0.892,3,0.6061,"получил 569 тыс ₸ от 2 плательщ.; исходящих ≥5 тыс ₸ в выборке не наблюдается (колено 1, исходящие выгружены)",observed_sink,1,False,2,0,569251.0,0.0,2,0,0.0,1,2,10,0.0,0.0,2.0,0.0,0.0006410781031176412,-0.0,0.0004648551640214606,0.0,False,0.312,0.333,0.879,0.897,0.367,0.8730372364288919,False,,False,0.0
100000003111305100,consolidator,0.767,1,0.6056,"признаки консолидации: получает от 4 плательщиков (0 seed) 509 тыс ₸, дальше 0% полученного",observed_sink,3,False,4,0,509338.0,0.0,4,0,0.0,0,0,8,0.0,0.0,2.0,0.0,0.0004036018095361793,-0.0,2.6654287081978638e-05,0.0,False,0.69,0.0,0.867,0.709,0.367,0.9340511440107672,False,,False,0.0
100000008710843100,distributor,0.668,1,0.6047,"веерная рассылка: 13 получателям, 14 переводов на 2.0 млн ₸",,2,False,2,13,33944.0,1985500.0,3,14,58.49340089559274,0,1,8,1.0,0.007554772097708386,1.0,4.0,0.00029287559446499205,6.923621764179014e-05,4.968198869904994e-05,0.0012357500791213899,False,0.501,0.167,0.971,0.253,0.986,0.8820098698968147,False,,False,0.3333333333333333
100000001463701100,terminal,0.893,6,0.6036,"получил 621 тыс ₸ от 2 плательщ.; исходящих ≥5 тыс ₸ в выборке не наблюдается (колено 1, исходящие выгружены)",observed_sink,1,False,2,0,621000.0,0.0,2,0,0.0,1,2,8,0.0,0.0,2.0,0.0,0.0005722109368497123,-0.0,0.00012378143199652094,0.0,False,0.313,0.333,0.888,0.869,0.367,0.8847016599371915,False,,False,0.0
100000003880331100,distributor,0.692,15,0.6012,"веерная рассылка: 16 получателям, 31 переводов на 3.9 млн ₸",,3,False,1,16,100000.0,3904908.0,1,31,39.04908,0,0,7,1.0,0.4467150058336842,1.0,21.0,0.0003076581045462551,0.006098820382896861,0.0001302803777205814,0.0006596540844331799,False,0.519,0.0,0.989,0.457,0.977,0.987438313144908,True,число получателей выше среднего своего колена на 5.4 σ,False,0.0
100000003157679100,consolidator,0.767,1,0.6002,"признаки консолидации: получает от 4 плательщиков (0 seed) 541 тыс ₸, дальше 0% полученного",observed_sink,3,False,4,0,541000.0,0.0,4,0,0.0,0,0,9,0.0,0.0,2.0,0.0,0.0003728530959036685,-0.0,1.958930231673011e-06,0.0,False,0.69,0.0,0.874,0.668,0.367,0.9358456707043518,False,,False,0.0
100000000031787100,transit,0.833,13,0.5938,"транзит: получил 90 тыс ₸, отдал 100%, 44% ушло в течение 2 дн. после прихода",,2,False,1,2,90000.0,90000.0,2,4,1.0,0,1,1,1.0,0.4444444444444444,1.0,1.0,0.00043153563048532306,1.87760305842703e-06,4.205995741545794e-20,3.962937027741748e-07,False,0.5,0.167,0.689,0.732,0.742,0.6173171825930911,False,,False,0.0
100000008517538100,distributor,0.7,1,0.5929,"веерная рассылка: 17 получателям, 18 переводов на 1.4 млн ₸",,3,False,3,17,155500.0,1439000.0,6,18,9.254019292604502,0,0,8,1.0,0.592077831827658,1.0,0.0,0.0003070164607928234,1.7759230096702146e-05,4.416103764260132e-06,0.0002458053647176589,False,0.525,0.0,0.957,0.451,0.96,0.9775684163301929,True,число получателей выше среднего своего колена на 5.7 σ,False,0.16666666666666666
100000001411870100,terminal,0.898,12,0.5927,"получил 900 тыс ₸ от 2 плательщ.; исходящих ≥5 тыс ₸ в выборке не наблюдается (колено 1, исходящие выгружены)",observed_sink,1,False,2,0,900000.0,0.0,4,0,0.0,1,2,2,0.0,0.0,1.0,0.0,0.0004780448174649516,-0.0,4.200664191209505e-05,0.0,False,0.314,0.333,0.919,0.762,0.367,0.7258860475549573,False,,False,0.0
100000002738256100,transit,0.876,39,0.5915,"транзит: получил 150 тыс ₸, отдал 117%, 100% ушло в течение 2 дн. после прихода",,2,False,1,1,150200.0,175000.0,1,1,1.1651131824234353,0,1,1,1.0,1.0,1.0,1.0,0.0005073102992973024,-5.914633746792025e-20,-1.3712707395549315e-21,0.0,False,0.526,0.167,0.79,0.781,0.367,0.7788245850157021,False,,False,0.0
100000006755850100,terminal,0.838,6,0.5908,"получил 443 тыс ₸ от 1 плательщ.; исходящих ≥5 тыс ₸ в выборке не наблюдается (колено 2, исходящие выгружены)",observed_sink,2,False,1,0,443475.8,0.0,3,0,0.0,0,2,11,0.0,0.0,1.0,0.0,0.0006492085817124307,-0.0,-9.153584808549262e-20,0.0,False,0.293,0.333,0.839,0.899,0.367,0.5693135935397039,False,,False,0.0
100000004105288100,terminal,0.878,6,0.5907,"получил 215 тыс ₸ от 2 плательщ.; исходящих ≥5 тыс ₸ в выборке не наблюдается (колено 1, исходящие выгружены)",observed_sink,1,False,2,0,215000.0,0.0,2,0,0.0,1,3,11,0.0,0.0,1.0,0.0,0.00046304013809882774,-0.0,0.00012379738721095723,0.0,False,0.307,0.5,0.721,0.75,0.367,0.5114401076716016,False,,False,0.0
100000002369874100,consolidator,0.767,1,0.5902,"признаки консолидации: получает от 4 плательщиков (0 seed) 600 тыс ₸, дальше 0% полученного",observed_sink,3,False,4,0,600000.0,0.0,4,0,0.0,0,0,9,0.0,0.0,4.0,0.0,0.0003373478549116585,-0.0,8.238182002882188e-06,0.0,False,0.69,0.0,0.885,0.596,0.367,0.9703903095558546,True,максимум плательщиков за день выше среднего своего колена на 7.7 σ,False,0.0
100000008244300100,consolidator,0.796,0,0.585,"признаки консолидации: получает от 5 плательщиков (1 seed) 65 тыс ₸, дальше 0% полученного",observed_sink,1,False,5,0,65430.0,0.0,6,0,0.0,1,1,8,0.0,0.0,1.0,0.0,0.00047936591472866487,-0.0,0.00015744284086379915,0.0,False,0.716,0.167,0.49,0.763,0.367,0.867205024674742,False,,True,0.8333333333333334
100000008460102100,distributor,0.784,9,0.582,"веерная рассылка: 31 получателям, 34 переводов на 477 тыс ₸",,3,False,1,31,17500.0,476570.0,1,34,27.23257142857143,0,0,1,1.0,0.1874016408922089,1.0,0.0,0.00029968918055683826,0.00019786404094799222,4.1121873746559995e-07,0.0009777226136943515,False,0.588,0.0,0.86,0.376,0.983,0.9605204127411395,False,,False,0.0
100000003159641100,consolidator,0.567,2,0.5815,"признаки консолидации: получает от 4 плательщиков (0 seed) 64 тыс ₸, дальше 309% полученного",,2,False,4,1,64000.0,197800.0,7,1,3.090625,0,1,7,1.0,1.0,1.0,0.0,0.0003052153968344306,-2.6394349910342255e-19,0.001425434569182754,5.8849614861964964e-05,False,0.51,0.167,0.758,0.436,0.91,0.8725886047554957,False,,False,0.5714285714285714
100000002293421100,transit,0.686,10,0.5788,"транзит: получил 41 тыс ₸, отдал 115%, 32% ушло в течение 2 дн. после прихода",,2,False,2,2,41000.0,47000.0,6,5,1.146341463414634,0,1,7,1.0,0.3191489361702128,1.0,2.0,0.0009748338691844273,0.0009381347558585594,1.7626220379286577e-05,1.9616538287321655e-05,False,0.412,0.167,0.545,0.95,0.836,0.7711978465679677,False,,False,0.6666666666666666
100000004094958100,transit,0.981,37,0.5781,"транзит: получил 39 тыс ₸, отдал 103%, 100% ушло в течение 2 дн. после прихода",,1,False,1,1,39000.0,40000.0,1,1,1.0256410256410255,1,1,1,1.0,1.0,1.0,0.0,0.0003914649470315221,-1.8121527932040174e-19,6.281310027024944e-19,1.981468513870874e-07,False,0.589,0.167,0.519,0.694,0.736,0.7868999551368326,False,,False,0.0
100000006704530100,transit,0.663,23,0.5775,"транзит: получил 450 тыс ₸, отдал 95%, 0% ушло в течение 2 дн. после прихода",,3,False,1,3,450500.0,428000.0,1,5,0.9500554938956715,0,0,7,1.0,0.0,1.0,0.0,0.00039854222775425723,-6.854884448118421e-20,-7.438797586113939e-19,5.8849614861964964e-05,False,0.398,0.0,0.916,0.704,0.91,0.781516375056079,False,,False,0.0
100000002836736100,terminal,0.89,12,0.5769,"получил 509 тыс ₸ от 2 плательщ.; исходящих ≥5 тыс ₸ в выборке не наблюдается (колено 1, исходящие выгружены)",observed_sink,1,False,2,0,509000.0,0.0,2,0,0.0,1,2,3,0.0,0.0,2.0,0.0,0.0004517900546889046,-0.0,5.452157877816561e-06,0.0,False,0.312,0.333,0.867,0.746,0.367,0.8559892328398385,False,,False,0.0
100000001102676100,transit,1.0,16,0.5769,"транзит: получил 50 тыс ₸, отдал 100%, 100% ушло в течение 2 дн. после прихода",,2,False,1,1,50000.0,50000.0,1,1,1.0,0,1,8,1.0,1.0,1.0,0.0,0.00031303095439867446,0.0005761766950985876,2.2343493947030172e-18,2.3975769017837576e-05,False,0.6,0.167,0.58,0.496,0.866,0.7344100493494841,False,,False,0.0
100000001924185100,terminal,0.873,6,0.5751,"получил 151 тыс ₸ от 2 плательщ.; исходящих ≥5 тыс ₸ в выборке не наблюдается (колено 1, исходящие выгружены)",observed_sink,1,False,2,0,151000.0,0.0,2,0,0.0,2,4,11,0.0,0.0,1.0,0.0,0.00031021987602786454,-0.0,0.0005839675713304621,0.0,False,0.306,0.667,0.655,0.474,0.367,0.4616419919246299,False,,False,0.0
100000001527186100,terminal,0.844,6,0.5735,"получил 678 тыс ₸ от 1 плательщ.; исходящих ≥5 тыс ₸ в выборке не наблюдается (колено 1, исходящие выгружены)",observed_sink,1,False,1,0,678000.0,0.0,2,0,0.0,1,2,10,0.0,0.0,1.0,0.0,0.0004213295963080255,-0.0,0.0004611679650745722,0.0,False,0.295,0.333,0.895,0.72,0.367,0.7187079407806191,False,,False,0.0
100000008258083100,peripheral,0.7,25,0.5629,"слабые связи: 2 вход / 2 выход, 3.1 млн ₸ → 2.0 млн ₸, без устойчивого паттерна",,2,False,2,2,3149500.0,2045650.0,13,6,0.6495157961581204,0,1,7,1.0,0.7646713758463081,1.0,2.0,0.0010500443938968583,1.946449394584662e-05,4.539369165004628e-05,7.767356574373826e-05,False,0.035,0.167,0.995,0.954,0.923,0.939883355764917,False,,False,0.3076923076923077
100000003390036100,peripheral,0.7,6,0.5626,"слабые связи: 2 вход / 2 выход, 231 тыс ₸ → 62 тыс ₸, без устойчивого паттерна",,2,False,2,2,231300.0,62000.0,4,2,0.2680501513186338,0,2,11,1.0,0.16129032258064516,1.0,2.0,0.0013242239371446245,4.0317735790204397e-19,4.037862125750652e-05,7.826800629789953e-05,False,0.035,0.333,0.774,0.968,0.925,0.686855091969493,False,,False,0.25
100000001601320100,transit,0.653,13,0.5602,"транзит: получил 44 тыс ₸, отдал 106%, 0% ушло в течение 2 дн. после прихода",,2,False,2,1,43500.0,46200.0,2,1,1.0620689655172413,0,1,1,1.0,0.0,1.0,0.0,0.0008117637398617537,3.11637518833403e-19,2.0530601523852602e-19,9.90734256935437e-07,False,0.392,0.167,0.549,0.931,0.755,0.5423956931359354,False,,False,0.5
100000008461532100,peripheral,0.7,23,0.5592,"слабые связи: 2 вход / 8 выход, 565 тыс ₸ → 2.5 млн ₸, без устойчивого паттерна",,2,False,2,8,565300.0,2530090.0,2,9,4.475658942154608,0,1,7,1.0,0.9954033255733986,1.0,1.0,0.0007452506208527052,-2.5329136767005843e-18,5.004817059612562e-06,0.00027126303954892267,False,0.035,0.167,0.984,0.921,0.963,0.9098250336473755,False,,False,0.5
100000004325327100,transit,0.991,0,0.5586,"транзит: получил 71 тыс ₸, отдал 99%, 100% ушло в течение 2 дн. после прихода",,1,False,2,1,70817.0,70000.0,3,1,0.988463222107686,1,1,7,1.0,1.0,1.0,0.0,0.000295792319681355,-2.6904031795516767e-20,0.005057463282107331,3.844048916909496e-05,False,0.595,0.167,0.637,0.317,0.879,0.8124719605204127,False,,False,0.3333333333333333
100000002565277100,terminal,0.839,6,0.5566,"получил 483 тыс ₸ от 1 плательщ.; исходящих ≥5 тыс ₸ в выборке не наблюдается (колено 1, исходящие выгружены)",observed_sink,1,False,1,0,483319.0,0.0,1,0,0.0,1,2,10,0.0,0.0,1.0,0.0,0.00038234736714677707,-0.0,0.0004611679650745722,0.0,False,0.294,0.333,0.855,0.679,0.367,0.7429340511440108,False,,False,0.0
100000006664478100,transit,0.832,12,0.5562,"транзит: получил 55 тыс ₸, отдал 109%, 67% ушло в течение 2 дн. после прихода",,3,False,1,2,55000.0,60000.0,3,2,1.0909090909090908,0,0,1,1.0,0.6666666666666666,1.0,0.0,0.0006168426303113105,3.2798517078729474e-20,1.2373361908850263e-20,1.1888811083225246e-06,False,0.499,0.0,0.609,0.889,0.76,0.7272319425751458,False,,False,0.0
100000002267998100,peripheral,0.7,20,0.5557,"слабые связи: 2 вход / 3 выход, 420 тыс ₸ → 1.1 млн ₸, без устойчивого паттерна",,2,False,2,3,420000.0,1115000.0,4,12,2.6547619047619047,0,1,7,1.0,0.7354260089686099,1.0,4.0,0.0015848317238056746,0.00017021410733813002,3.249631500158275e-06,5.8849614861964964e-05,False,0.035,0.167,0.955,0.975,0.91,0.8604755495737999,False,,False,0.0
100000002175422100,peripheral,0.7,26,0.5547,"слабые связи: 3 вход / 6 выход, 68 тыс ₸ → 1.6 млн ₸, без устойчивого паттерна",,2,False,3,6,68500.0,1621188.0,5,14,23.66697810218978,0,1,7,1.0,0.497282239937626,2.0,3.0,0.0008458861317816005,0.002547419954548547,4.734704789177709e-20,0.00015871562796105702,False,0.035,0.167,0.96,0.935,0.951,0.9084791386271871,False,,False,0.2
100000008556318100,terminal,0.875,6,0.5544,"получил 180 тыс ₸ от 2 плательщ.; исходящих ≥5 тыс ₸ в выборке не наблюдается (колено 1, исходящие выгружены)",observed_sink,1,False,2,0,180132.0,0.0,2,0,0.0,1,2,10,0.0,0.0,1.0,0.0,0.0005605041030696594,-0.0,0.0004648551640214579,0.0,False,0.306,0.333,0.69,0.863,0.367,0.49753252579632123,False,,False,0.0
100000005183943100,terminal,0.844,33,0.5542,"получил 681 тыс ₸ от 1 плательщ.; исходящих ≥5 тыс ₸ в выборке не наблюдается (колено 1, исходящие выгружены)",observed_sink,1,False,1,0,680900.0,0.0,9,0,0.0,1,1,1,0.0,0.0,1.0,0.0,0.0006108393603081334,-0.0,6.637560651088579e-20,0.0,False,0.295,0.167,0.895,0.887,0.367,0.5621354867653656,False,,False,0.2222222222222222
100000008473207100,terminal,0.827,6,0.5535,"получил 202 тыс ₸ от 1 плательщ.; исходящих ≥5 тыс ₸ в выборке не наблюдается (колено 2, исходящие выгружены)",observed_sink,2,False,1,0,202000.0,0.0,4,0,0.0,0,2,11,0.0,0.0,1.0,0.0,0.000556205607395318,-0.0,-9.539536945373386e-19,0.0,False,0.289,0.333,0.715,0.857,0.367,0.37505607895917453,False,,False,0.0
100000002173161100,terminal,0.95,1,0.5535,"получил 1.4 млн ₸ от 3 плательщ.; исходящих ≥5 тыс ₸ в выборке не наблюдается (колено 1, исходящие выгружены)",observed_sink,1,False,3,0,1427500.0,0.0,5,0,0.0,1,1,9,0.0,0.0,2.0,0.0,0.0004354146921033421,-0.0,0.00030118262078384094,0.0,False,0.332,0.167,0.949,0.737,0.367,0.9147599820547331,False,,False,0.0
100000005382566100,consolidator,0.523,2,0.5534,"признаки консолидации: получает от 7 плательщиков (6 seed) 393 тыс ₸, дальше 13% полученного",,0,True,7,1,393066.0,50000.0,11,1,0.12720510041570626,6,6,14,1.0,1.0,2.0,1.0,0.0021132620521571092,1.5108424101838874e-19,1.0820738113046927e-06,4.6366363224578456e-05,False,0.471,1.0,0.839,0.989,0.898,0.924181247196052,False,,False,0.18181818181818182
100000004479404100,peripheral,0.7,34,0.5533,"слабые связи: 2 вход / 1 выход, 1.5 млн ₸ → 300 тыс ₸, без устойчивого паттерна",,2,False,2,1,1492000.0,300000.0,8,2,0.20107238605898123,0,1,7,1.0,0.0,1.0,1.0,0.0008667096306509913,-4.342538371339913e-20,9.35212392561897e-05,9.610122292273739e-05,False,0.035,0.167,0.962,0.938,0.93,0.8174069089277703,False,,False,0.25
100000002217161100,peripheral,0.7,14,0.5531,"слабые связи: 2 вход / 7 выход, 405 тыс ₸ → 995 тыс ₸, без устойчивого паттерна",,2,False,2,7,404750.0,995132.0,15,19,2.4586337245213095,0,1,7,1.0,0.9497554093326313,1.0,1.0,0.000891569456171597,-7.427210214707653e-19,5.2134873536113404e-05,0.00015514898463608943,False,0.035,0.167,0.948,0.943,0.95,0.8366980708838044,False,,False,0.2
100000001937767100,peripheral,0.7,12,0.553,"слабые связи: 1 вход / 4 выход, 53 тыс ₸ → 1.9 млн ₸, без устойчивого паттерна",,1,False,1,4,53000.0,1933000.0,1,6,36.471698113207545,1,1,11,1.0,0.027418520434557683,1.0,1.0,0.0008921392815659748,2.3309326433763743e-07,4.07574896762488e-07,5.6699890528386486e-05,False,0.035,0.167,0.97,0.944,0.903,0.8272768057424854,False,,False,0.0
100000003360542100,peripheral,0.7,6,0.5525,"слабые связи: 2 вход / 2 выход, 317 тыс ₸ → 52 тыс ₸, без устойчивого паттерна",,2,False,2,2,317000.0,51800.0,3,5,0.16340694006309148,0,2,11,1.0,0.29922779922779924,1.0,3.0,0.001456432548006546,0.0021493825540055806,3.254432116084999e-07,9.90734256935437e-07,False,0.035,0.333,0.811,0.973,0.755,0.7415881561238223,False,,False,0.3333333333333333
100000007170072100,transit,0.996,15,0.5519,"транзит: получил 100 тыс ₸, отдал 100%, 100% ушло в течение 2 дн. после прихода",,3,False,1,2,100000.0,99500.0,1,9,0.995,0,0,7,1.0,1.0,1.0,0.0,0.0003076581045462551,-4.448492255797674e-19,0.0001302803777205814,3.844048916909496e-05,False,0.598,0.0,0.707,0.457,0.879,0.835352175863616,False,,False,0.0
100000006579678100,peripheral,0.7,2,0.5512,"слабые связи: 2 вход / 6 выход, 193 тыс ₸ → 1.7 млн ₸, без устойчивого паттерна",,1,False,2,6,192930.0,1668800.0,2,15,8.649769346395066,1,1,7,1.0,0.12080536912751678,1.0,2.0,0.0006256438748763348,1.0087891372393969e-05,0.00029760217313451167,0.0004489435551961264,False,0.035,0.167,0.966,0.892,0.973,0.8600269179004038,False,,False,0.0
100000007617808100,terminal,0.838,10,0.5483,"получил 450 тыс ₸ от 1 плательщ.; исходящих ≥5 тыс ₸ в выборке не наблюдается (колено 2, исходящие выгружены)",observed_sink,2,False,1,0,450000.0,0.0,1,0,0.0,0,2,7,0.0,0.0,1.0,0.0,0.0003601043534538573,-0.0,4.040756032115181e-06,0.0,False,0.293,0.333,0.844,0.647,0.367,0.7133243606998654,False,,False,0.0
100000004677680100,peripheral,0.7,6,0.5479,"слабые связи: 2 вход / 1 выход, 63 тыс ₸ → 168 тыс ₸, без устойчивого паттерна",,1,False,2,1,63000.0,168000.0,2,3,2.6666666666666665,1,2,8,1.0,0.9107142857142857,1.0,1.0,0.001092834174565077,3.442364253292072e-20,0.00012378934530590018,4.1214545088514184e-05,False,0.035,0.333,0.734,0.957,0.894,0.7734410049349484,False,,False,0.0
100000000706545100,peripheral,0.7,2,0.5472,"слабые связи: 3 вход / 1 выход, 1.1 млн ₸ → 76 тыс ₸, без устойчивого паттерна",,1,False,3,1,1070300.0,75800.0,8,3,0.07082126506586939,1,1,7,1.0,0.0,1.0,1.0,0.0032266260404967273,-2.717422475484188e-19,0.0003222730106543156,1.9616538287321655e-05,False,0.035,0.167,0.937,0.999,0.836,0.8313144908030506,False,,False,0.125
100000001965374100,peripheral,0.7,11,0.5469,"слабые связи: 2 вход / 3 выход, 1.8 млн ₸ → 3.1 млн ₸, без устойчивого паттерна",,2,False,2,3,1759720.0,3082100.0,8,5,1.7514718250630783,0,1,1,1.0,0.2615100094091691,2.0,1.0,0.0012816556260608692,-2.5116324572687576e-19,-8.945086728154217e-19,1.5851748110966993e-06,False,0.035,0.167,0.994,0.967,0.768,0.933602512337371,False,,False,0.0
100000008465789100,distributor,0.692,1,0.5465,"веерная рассылка: 16 получателям, 17 переводов на 1.9 млн ₸",,3,False,1,16,30099.0,1858100.0,1,17,61.732947938469714,0,0,8,1.0,0.47796135837683656,1.0,6.0,0.0002898880397943194,2.638136355757353e-05,2.6125683863490796e-07,0.0008450964058440695,False,0.519,0.0,0.968,0.166,0.98,0.9748766262898161,True,число получателей выше среднего своего колена на 5.4 σ,False,0.0
100000002188829100,terminal,0.837,6,0.5457,"получил 400 тыс ₸ от 1 плательщ.; исходящих ≥5 тыс ₸ в выборке не наблюдается (колено 1, исходящие выгружены)",observed_sink,1,False,1,0,400000.0,0.0,1,0,0.0,1,2,10,0.0,0.0,1.0,0.0,0.00036566386772214876,-0.0,0.0004611679650745722,0.0,False,0.293,0.333,0.826,0.657,0.367,0.7092866756393001,False,,False,0.0
100000007382543100,peripheral,0.7,17,0.5449,"слабые связи: 3 вход / 5 выход, 218 тыс ₸ → 427 тыс ₸, без устойчивого паттерна",,2,False,3,5,218000.0,427000.0,3,8,1.9587155963302751,0,1,7,1.0,0.234192037470726,1.0,2.0,0.0011904909010560423,-3.3065422324135945e-19,3.7093997368754407e-09,0.0002444770806890915,False,0.035,0.167,0.892,0.963,0.96,0.7608793180798564,False,,False,0.3333333333333333
100000008561016100,transit,0.979,1,0.5425,"транзит: получил 180 тыс ₸, отдал 103%, 100% ушло в течение 2 дн. после прихода",,3,False,1,1,180000.0,185000.0,2,4,1.0277777777777777,0,0,9,1.0,1.0,1.0,0.0,0.00029484284060031247,-4.0794198649709785e-19,3.2207337193596243e-06,2.2390594206740877e-05,False,0.587,0.0,0.809,0.299,0.861,0.8084342754598475,False,,False,0.0
100000008213966100,peripheral,0.7,17,0.541,"слабые связи: 3 вход / 1 выход, 187 тыс ₸ → 437 тыс ₸, без устойчивого паттерна",,2,False,3,1,187004.0,436900.0,7,8,2.336313661739856,0,1,7,1.0,0.8498512245365072,1.0,1.0,0.001933551952419576,-1.0712748628293107e-19,-4.924988086093312e-19,4.319601360238506e-05,False,0.035,0.167,0.889,0.986,0.897,0.7837595334230597,False,,False,0.0
100000004394765100,peripheral,0.7,2,0.5395,"слабые связи: 3 вход / 2 выход, 604 тыс ₸ → 82 тыс ₸, без устойчивого паттерна",,1,False,3,2,603844.0,82500.0,10,2,0.13662469114539516,1,2,7,1.0,0.4303030303030303,2.0,0.0,0.00038027545911161945,3.741922544299571e-09,0.0003834877994591474,6.516389452616682e-05,False,0.035,0.333,0.896,0.678,0.916,0.8977119784656796,False,,False,0.2
100000005614315100,terminal,0.839,2,0.5393,"получил 455 тыс ₸ от 1 плательщ.; исходящих ≥5 тыс ₸ в выборке не наблюдается (колено 2, исходящие выгружены)",observed_sink,2,False,1,0,455000.0,0.0,1,0,0.0,0,1,7,0.0,0.0,1.0,0.0,0.0005750924282981921,-0.0,-5.314422926094666e-19,0.0,False,0.294,0.167,0.846,0.87,0.367,0.7160161507402423,False,,False,0.0
100000004331458100,terminal,0.88,37,0.5391,"получил 250 тыс ₸ от 2 плательщ.; исходящих ≥5 тыс ₸ в выборке не наблюдается (колено 2, исходящие выгружены)",observed_sink,2,False,2,0,250000.0,0.0,2,0,0.0,0,1,1,0.0,0.0,1.0,0.0,0.0013234381164598658,-0.0,-4.257622499418223e-19,0.0,False,0.308,0.167,0.75,0.968,0.367,0.5935397039030955,False,,False,0.0
100000006424479100,peripheral,0.7,28,0.539,"слабые связи: 1 вход / 2 выход, 500 тыс ₸ → 220 тыс ₸, без устойчивого паттерна",,2,False,1,2,500000.0,220000.0,2,3,0.44,0,1,10,1.0,0.0,1.0,0.0,0.0009438231531441708,-6.030784379913133e-19,4.876477815530408e-08,7.311618816183526e-05,False,0.035,0.167,0.899,0.948,0.919,0.6882009869896815,False,,False,0.0
100000000089154100,distributor,0.684,0,0.5385,"веерная рассылка: 15 получателям, 21 переводов на 426 тыс ₸",,1,False,1,15,10000.0,425500.0,1,21,42.55,1,1,7,1.0,0.27379553466509987,1.0,57.0,0.0002874458184490925,0.002849432830430957,0.002151681626890832,0.00010895478461069696,False,0.513,0.167,0.836,0.061,0.934,0.9829519964109467,True,число циклов выше среднего своего колена на 4.1 σ,False,0.0
100000001872484100,peripheral,0.7,41,0.538,"слабые связи: 1 вход / 3 выход, 871 тыс ₸ → 515 тыс ₸, без устойчивого паттерна",,1,False,1,3,871400.0,514580.0,13,9,0.5905210006885472,1,1,1,1.0,0.5464262116677678,1.0,2.0,0.0022739787649245706,3.6345629802419094e-20,-3.5898865103896477e-19,5.944405541612623e-07,False,0.035,0.167,0.948,0.991,0.748,0.8896366083445492,False,,False,0.07692307692307693
100000005432267100,terminal,0.885,6,0.5379,"получил 350 тыс ₸ от 2 плательщ.; исходящих ≥5 тыс ₸ в выборке не наблюдается (колено 1, исходящие выгружены)",observed_sink,1,False,2,0,350001.0,0.0,2,0,0.0,1,2,10,0.0,0.0,2.0,0.0,0.00034233348585063165,-0.0,0.0005748252019694691,0.0,False,0.31,0.333,0.802,0.61,0.367,0.7945266935845671,False,,False,0.0
100000003718221100,peripheral,0.7,20,0.5379,"слабые связи: 2 вход / 4 выход, 350 тыс ₸ → 424 тыс ₸, без устойчивого паттерна",,2,False,2,4,350000.0,423500.0,6,8,1.21,0,1,7,1.0,0.8028335301062574,1.0,4.0,0.0010434682866013757,0.00017159714430187923,3.223857309420457e-06,3.923307657464331e-05,False,0.035,0.167,0.905,0.953,0.888,0.8501570210856887,False,,False,0.0
100000002531406100,transit,0.671,10,0.5379,"транзит: получил 520 тыс ₸, отдал 96%, 0% ушло в течение 2 дн. после прихода",,3,False,1,1,520000.0,500000.0,1,1,0.9615384615384616,0,0,1,1.0,0.0,1.0,0.0,0.0003226050843745718,-6.438862042729711e-21,7.936044353374742e-05,7.925874055483496e-07,False,0.403,0.0,0.93,0.553,0.752,0.7321668909825033,False,,False,0.0
100000001660397100,transit,0.92,0,0.5377,"транзит: получил 49 тыс ₸, отдал 101%, 76% ушло в течение 2 дн. после прихода",,1,False,2,3,48600.0,49000.0,2,4,1.008230452674897,1,1,7,1.0,0.7551020408163265,1.0,223.0,0.00029515233462771814,0.0005350800982536592,0.003756093425026585,0.0005032951333514932,False,0.552,0.167,0.572,0.304,0.974,0.955585464333782,False,,False,0.0
100000005942793100,consolidator,0.767,0,0.5377,"признаки консолидации: получает от 4 плательщиков (0 seed) 55 тыс ₸, дальше 0% полученного",observed_sink,2,False,4,0,55000.0,0.0,4,0,0.0,0,1,7,0.0,0.0,2.0,0.0,0.00033223226815400065,-0.0,0.000283351489522806,0.0,False,0.69,0.167,0.46,0.583,0.367,0.8438761776581427,False,,False,0.25
100000003684369100,distributor,0.897,6,0.5373,"веерная рассылка: 62 получателям, 67 переводов на 8.6 млн ₸ (seed: входящие извне выборки не видны)",,0,True,24,62,3848436.0,8588655.0,58,67,2.2317260830113845,1,3,9,1.0,1.0,6.0,1.0,0.002020291208486861,0.02474616365992368,0.001353717451360625,0.0023030748381841454,False,0.673,0.5,0.999,0.988,0.992,0.993719156572454,True,число плательщиков выше среднего своего колена на 6.8 σ,False,0.0
100000003131693100,terminal,0.835,6,0.5371,"получил 353 тыс ₸ от 1 плательщ.; исходящих ≥5 тыс ₸ в выборке не наблюдается (колено 1, исходящие выгружены)",observed_sink,1,False,1,0,353277.0,0.0,1,0,0.0,1,2,10,0.0,0.0,1.0,0.0,0.00035630822082748,-0.0,0.0004611679650745722,0.0,False,0.292,0.333,0.805,0.637,0.367,0.6855091969493046,False,,False,0.0
100000007507343100,terminal,0.836,39,0.5358,"получил 370 тыс ₸ от 1 плательщ.; исходящих ≥5 тыс ₸ в выборке не наблюдается (колено 1, исходящие выгружены)",observed_sink,1,False,1,0,370000.0,0.0,1,0,0.0,1,1,1,0.0,0.0,1.0,0.0,0.0006416178761806914,-0.0,-3.336188282202375e-19,0.0,False,0.293,0.167,0.812,0.897,0.367,0.7003140421713773,False,,False,0.0
100000001526235100,peripheral,0.7,22,0.5357,"слабые связи: 3 вход / 8 выход, 82 тыс ₸ → 433 тыс ₸, без устойчивого паттерна",,2,False,3,8,82000.0,432750.0,4,9,5.277439024390244,0,1,7,1.0,0.1346042749855575,1.0,3.0,0.0008778562267377667,0.00013418598934806413,2.099011437893941e-08,0.0002566001725462782,False,0.035,0.167,0.868,0.94,0.961,0.7936294302377748,False,,False,0.5
100000002733905100,peripheral,0.7,4,0.5332,"слабые связи: 3 вход / 2 выход, 100 тыс ₸ → 718 тыс ₸, без устойчивого паттерна",,2,False,3,2,100000.0,717839.0,5,3,7.17839,0,1,1,1.0,0.3273714579453053,2.0,2.0,0.0029169603294352192,-3.552812263603576e-19,-7.169755762192607e-19,1.7833216624837866e-06,False,0.035,0.167,0.911,0.997,0.771,0.8739344997756842,False,,False,0.0
100000003923946100,peripheral,0.7,12,0.5313,"слабые связи: 1 вход / 4 выход, 282 тыс ₸ → 675 тыс ₸, без устойчивого паттерна",,1,False,1,4,282000.0,675000.0,3,4,2.393617021276596,1,2,2,1.0,1.0,1.0,1.0,0.0003894174848137435,5.9602198974138824e-05,9.228378273109344e-07,1.981468513870874e-06,False,0.035,0.333,0.924,0.689,0.773,0.9048900852400179,False,,False,0.0
100000008232832100,peripheral,0.7,35,0.5307,"слабые связи: 1 вход / 1 выход, 337 тыс ₸ → 138 тыс ₸, без устойчивого паттерна",,1,False,1,1,337000.0,138000.0,2,1,0.4094955489614243,1,3,10,1.0,0.0,1.0,0.0,0.0004942271899045263,1.2324458723359219e-05,9.951937018790876e-07,0.0,False,0.035,0.5,0.853,0.772,0.367,0.6419919246298789,False,,False,0.0
100000002958343100,peripheral,0.7,13,0.5306,"слабые связи: 1 вход / 2 выход, 2.9 млн ₸ → 1.4 млн ₸, без устойчивого паттерна",,2,False,1,2,2900000.0,1390000.0,4,17,0.4793103448275862,0,1,1,1.0,0.1079136690647482,1.0,1.0,0.0006295066258876736,1.877603058426599e-06,1.6703346171980856e-19,3.962937027741748e-07,False,0.035,0.167,0.991,0.894,0.742,0.9214894571556752,False,,False,0.0
100000008086440100,transit,0.626,3,0.529,"транзит: получил 200 тыс ₸, отдал 81%, 24% ушло в течение 2 дн. после прихода",,3,False,1,5,199733.0,161300.0,1,6,0.8075781167859092,0,0,7,1.0,0.23558586484810912,1.0,82.0,0.00033767394570343703,0.001561599522014458,0.0011379074330901441,0.00010519757648287983,False,0.376,0.0,0.809,0.597,0.933,0.9676985195154778,False,,False,0.0
100000004226848100,terminal,0.833,6,0.5286,"получил 302 тыс ₸ от 1 плательщ.; исходящих ≥5 тыс ₸ в выборке не наблюдается (колено 1, исходящие выгружены)",observed_sink,1,False,1,0,301866.0,0.0,1,0,0.0,1,2,10,0.0,0.0,1.0,0.0,0.0003460138655313343,-0.0,0.0004611679650745722,0.0,False,0.292,0.333,0.782,0.619,0.367,0.6621803499327052,False,,False,0.0
100000003798151100,terminal,0.835,2,0.5285,"получил 350 тыс ₸ от 1 плательщ.; исходящих ≥5 тыс ₸ в выборке не наблюдается (колено 2, исходящие выгружены)",observed_sink,2,False,1,0,350000.0,0.0,3,0,0.0,0,1,7,0.0,0.0,1.0,0.0,0.0005753929174195429,-0.0,3.582763619082084e-19,0.0,False,0.292,0.167,0.801,0.87,0.367,0.5213100044863167,False,,False,0.0
100000001382002100,transit,0.68,0,0.5285,"транзит: получил 55 тыс ₸, отдал 103%, 0% ушло в течение 2 дн. после прихода",,2,False,1,1,55000.0,56500.0,2,3,1.0272727272727273,0,1,7,1.0,0.0,1.0,1.0,0.0006633074267595711,0.0009231328385008331,-2.083982272686789e-20,0.0,False,0.408,0.167,0.603,0.903,0.367,0.5536114849708389,False,,False,0.0
100000006844768100,peripheral,0.7,3,0.5283,"слабые связи: 1 вход / 2 выход, 282 тыс ₸ → 188 тыс ₸, без устойчивого паттерна",,2,False,1,2,282000.0,188000.0,5,5,0.6666666666666666,0,1,7,1.0,0.8670212765957447,1.0,1.0,0.0013707774167538995,0.004440547123872044,-1.2077424437762505e-19,3.883678287186913e-05,False,0.035,0.167,0.852,0.97,0.885,0.7119784656796769,False,,False,0.0
100000001929088100,terminal,0.887,13,0.5282,"получил 396 тыс ₸ от 2 плательщ.; исходящих ≥5 тыс ₸ в выборке не наблюдается (колено 1, исходящие выгружены)",observed_sink,1,False,2,0,396010.0,0.0,2,0,0.0,2,2,2,0.0,0.0,1.0,0.0,0.0003175873990634118,-0.0,2.708922046915995e-05,0.0,False,0.31,0.333,0.822,0.527,0.367,0.6280843427545985,False,,False,0.0
100000007777377100,peripheral,0.7,10,0.5276,"слабые связи: 1 вход / 2 выход, 456 тыс ₸ → 10 тыс ₸, без устойчивого паттерна",,2,False,1,2,456290.0,10000.0,7,2,0.021915886826360427,0,2,7,1.0,1.0,1.0,0.0,0.0003611461879485195,5.421917174546543e-19,4.040756032115181e-06,0.00013592874005154197,False,0.035,0.333,0.852,0.649,0.945,0.8079856437864513,False,,False,0.0
100000004330371100,peripheral,0.7,2,0.5266,"слабые связи: 2 вход / 2 выход, 264 тыс ₸ → 91 тыс ₸, без устойчивого паттерна",,1,False,2,2,264171.0,90681.0,12,6,0.3432662934235779,1,1,7,1.0,0.6495296699418842,2.0,2.0,0.0012542719301566058,5.358905915260101e-06,0.000297602173134512,0.00033467003199279065,False,0.035,0.167,0.806,0.966,0.97,0.8995065051592642,False,,False,0.25
100000005660203100,peripheral,0.7,2,0.526,"слабые связи: 1 вход / 2 выход, 573 тыс ₸ → 41 тыс ₸, без устойчивого паттерна",,2,False,1,2,572899.0,41000.0,12,5,0.07156584319400104,0,1,7,1.0,1.0,1.0,1.0,0.0009492504038791937,0.00014311752688759533,-1.3808868377523872e-20,1.9418391435934565e-05,False,0.035,0.167,0.887,0.948,0.83,0.7855540601166442,False,,False,0.08333333333333333
100000008736940100,peripheral,0.7,32,0.5257,"слабые связи: 3 вход / 3 выход, 451 тыс ₸ → 182 тыс ₸, без устойчивого паттерна",,1,False,3,3,451090.0,182100.0,13,6,0.40368884258130305,1,1,1,1.0,1.0,2.0,11.0,0.0024141567490764573,-1.5248778640919142e-18,4.522742587860584e-19,7.925874055483496e-07,False,0.035,0.167,0.891,0.993,0.752,0.9623149394347241,False,,False,0.07692307692307693
100000001904863100,terminal,0.84,12,0.5252,"получил 500 тыс ₸ от 1 плательщ.; исходящих ≥5 тыс ₸ в выборке не наблюдается (колено 2, исходящие выгружены)",observed_sink,2,False,1,0,500000.0,0.0,1,0,0.0,0,1,11,0.0,0.0,1.0,0.0,0.0004817984770777479,-0.0,4.343911559968633e-09,0.0,False,0.294,0.167,0.864,0.764,0.367,0.7541498429789143,False,,False,0.0
100000002941114100,peripheral,0.7,6,0.5249,"слабые связи: 2 вход / 1 выход, 129 тыс ₸ → 15 тыс ₸, без устойчивого паттерна",,1,False,2,1,128510.0,15000.0,15,1,0.11672243405182477,1,2,8,1.0,1.0,2.0,1.0,0.0018146321453408225,1.3187126267332082e-19,0.00012378143199652164,2.0607272544257092e-05,False,0.035,0.333,0.639,0.981,0.85,0.9389860924181247,False,,True,0.7333333333333333
100000000769919100,terminal,0.83,43,0.5245,"получил 250 тыс ₸ от 1 плательщ.; исходящих ≥5 тыс ₸ в выборке не наблюдается (колено 2, исходящие выгружены)",observed_sink,2,False,1,0,250000.0,0.0,1,0,0.0,0,1,1,0.0,0.0,1.0,0.0,0.0007354469638244235,-0.0,-1.1015255995225738e-20,0.0,False,0.29,0.167,0.75,0.919,0.367,0.6132794975325258,False,,False,0.0
100000001611488100,terminal,0.896,5,0.5239,"получил 779 тыс ₸ от 2 плательщ.; исходящих ≥5 тыс ₸ в выборке не наблюдается (колено 3, исходящие выгружены)",observed_sink,3,False,2,0,779300.0,0.0,3,0,0.0,0,0,7,0.0,0.0,1.0,0.0,0.0008775368508533145,-0.0,0.002964065364405576,0.0,False,0.314,0.0,0.905,0.94,0.367,0.7043517272319426,False,,False,0.0
100000008566737100,terminal,0.879,3,0.5235,"получил 230 тыс ₸ от 2 плательщ.; исходящих ≥5 тыс ₸ в выборке не наблюдается (колено 1, исходящие выгружены)",observed_sink,1,False,2,0,230000.0,0.0,2,0,0.0,1,2,10,0.0,0.0,2.0,0.0,0.00034946381190953304,-0.0,0.0006222222245244086,0.0,False,0.308,0.333,0.732,0.625,0.367,0.7550471063257066,False,,False,0.0
100000004948177100,terminal,0.938,2,0.5233,"получил 437 тыс ₸ от 3 плательщ.; исходящих ≥5 тыс ₸ в выборке не наблюдается (колено 1, исходящие выгружены)",observed_sink,1,False,3,0,437163.0,0.0,8,0,0.0,1,1,7,0.0,0.0,1.0,0.0,0.0004221580715489715,-0.0,0.0003298403392395516,0.0,False,0.328,0.167,0.837,0.721,0.367,0.6774338268281741,False,,False,0.0
100000003221384100,terminal,0.84,2,0.5226,"получил 511 тыс ₸ от 1 плательщ.; исходящих ≥5 тыс ₸ в выборке не наблюдается (колено 2, исходящие выгружены)",observed_sink,2,False,1,0,511200.0,0.0,1,0,0.0,0,1,7,0.0,0.0,1.0,0.0,0.0004482029353149161,-0.0,3.567634960949523e-05,0.0,False,0.294,0.167,0.868,0.744,0.367,0.7599820547330641,False,,False,0.0
100000005612411100,peripheral,0.7,16,0.5225,"слабые связи: 3 вход / 8 выход, 116 тыс ₸ → 507 тыс ₸, без устойчивого паттерна",,1,False,3,8,115500.0,506997.0,4,8,4.389584415584416,1,2,8,1.0,0.5143955486916096,2.0,0.0,0.0003272060826887592,7.607968996139128e-18,0.0002807499625384611,0.00015534713148747652,False,0.035,0.333,0.889,0.567,0.95,0.9425751458052939,False,,False,0.0
100000005473151100,peripheral,0.7,8,0.5221,"слабые связи: 3 вход / 4 выход, 1.2 млн ₸ → 225 тыс ₸, без устойчивого паттерна",,1,False,3,4,1220000.0,225000.0,4,6,0.18442622950819673,1,1,9,1.0,0.9111111111111111,2.0,1.0,0.0004682674337196505,4.873124309075248e-20,6.247986024184947e-06,0.00024159762522697013,False,0.035,0.167,0.95,0.754,0.96,0.9668012561686855,False,,False,0.0
100000002605548100,terminal,0.869,6,0.522,"получил 117 тыс ₸ от 2 плательщ.; исходящих ≥5 тыс ₸ в выборке не наблюдается (колено 1, исходящие выгружены)",observed_sink,1,False,2,0,116695.0,0.0,2,0,0.0,1,3,10,0.0,0.0,1.0,0.0,0.0003143213711267536,-0.0,0.0001250948569094628,0.0,False,0.304,0.5,0.61,0.508,0.367,0.41318977119784656,False,,False,0.0
100000008193577100,peripheral,0.7,32,0.5215,"слабые связи: 2 вход / 5 выход, 154 тыс ₸ → 480 тыс ₸, без устойчивого паттерна",,1,False,2,5,154300.0,480180.0,6,16,3.1119896305897603,1,1,1,1.0,0.10410679328585114,1.0,10.0,0.0012389478209868744,-1.506241960716786e-18,-5.226950745868558e-19,9.90734256935437e-07,False,0.035,0.167,0.891,0.966,0.755,0.8887393449977569,False,,False,0.3333333333333333
100000001567366100,terminal,0.847,2,0.5206,"получил 824 тыс ₸ от 1 плательщ.; исходящих ≥5 тыс ₸ в выборке не наблюдается (колено 1, исходящие выгружены)",observed_sink,1,False,1,0,824070.0,0.0,4,0,0.0,1,1,7,0.0,0.0,1.0,0.0,0.0003741716965869987,-0.0,0.00029524161332082757,0.0,False,0.296,0.167,0.912,0.669,0.367,0.6662180349932705,False,,False,0.0
100000002872399100,terminal,0.85,13,0.52,"получил 1.1 млн ₸ от 1 плательщ.; исходящих ≥5 тыс ₸ в выборке не наблюдается (колено 3, исходящие выгружены)",observed_sink,3,False,1,0,1090000.0,0.0,9,0,0.0,0,0,1,0.0,0.0,1.0,0.0,0.0007057669186571349,-0.0,3.49908936815737e-08,0.0,False,0.298,0.0,0.934,0.911,0.367,0.5715567519066846,False,,False,0.0
100000006562026100,terminal,0.863,40,0.5197,"получил 75 тыс ₸ от 2 плательщ.; исходящих ≥5 тыс ₸ в выборке не наблюдается (колено 1, исходящие выгружены)",observed_sink,1,False,2,0,75000.0,0.0,6,0,0.0,2,2,2,0.0,0.0,1.0,0.0,0.0006853595679127559,-0.0,4.37576869952478e-20,0.0,False,0.302,0.333,0.512,0.908,0.367,0.6146253925527142,False,,False,0.5
100000008692291100,transit,0.722,1,0.5182,"транзит: получил 160 тыс ₸, отдал 98%, 13% ушло в течение 2 дн. после прихода",,3,False,3,3,160000.0,156000.0,3,3,0.975,0,0,8,1.0,0.1346153846153846,2.0,0.0,0.0003078529865771743,-1.1644277869269654e-18,7.503270477372344e-06,6.419957984941633e-05,False,0.433,0.0,0.788,0.459,0.915,0.9371915657245401,False,,False,0.0
100000008221543100,terminal,0.891,14,0.517,"получил 542 тыс ₸ от 2 плательщ.; исходящих ≥5 тыс ₸ в выборке не наблюдается (колено 1, исходящие выгружены)",observed_sink,1,False,2,0,542000.0,0.0,2,0,0.0,1,1,7,0.0,0.0,1.0,0.0,0.00037148464522539644,-0.0,0.0023850262526692216,0.0,False,0.312,0.167,0.875,0.667,0.367,0.6967249887842082,False,,False,0.0
100000003014659100,terminal,0.832,6,0.5162,"получил 280 тыс ₸ от 1 плательщ.; исходящих ≥5 тыс ₸ в выборке не наблюдается (колено 1, исходящие выгружены)",observed_sink,1,False,1,0,280000.0,0.0,1,0,0.0,1,2,8,0.0,0.0,1.0,0.0,0.0003280369433880586,-0.0,0.00012279960625588972,0.0,False,0.291,0.333,0.766,0.57,0.367,0.6388515029161059,False,,False,0.0
100000001960517100,terminal,0.827,12,0.5157,"получил 200 тыс ₸ от 1 плательщ.; исходящих ≥5 тыс ₸ в выборке не наблюдается (колено 1, исходящие выгружены)",observed_sink,1,False,1,0,200000.0,0.0,1,0,0.0,1,2,2,0.0,0.0,1.0,0.0,0.000359220493221867,-0.0,9.228378273109344e-07,0.0,False,0.289,0.333,0.711,0.645,0.367,0.5410497981157469,False,,False,0.0
100000004666651100,terminal,0.838,6,0.5152,"получил 429 тыс ₸ от 1 плательщ.; исходящих ≥5 тыс ₸ в выборке не наблюдается (колено 2, исходящие выгружены)",observed_sink,2,False,1,0,429250.0,0.0,1,0,0.0,0,1,10,0.0,0.0,1.0,0.0,0.0004575388898979418,-0.0,1.7982189938361276e-19,0.0,False,0.293,0.167,0.835,0.747,0.367,0.7110812023328847,False,,False,0.0
100000005664922100,peripheral,0.7,11,0.5148,"слабые связи: 2 вход / 3 выход, 22 тыс ₸ → 537 тыс ₸, без устойчивого паттерна",,2,False,2,3,22000.0,537000.0,2,4,24.40909090909091,0,1,1,1.0,0.0,1.0,1.0,0.0008059658576323321,-8.524016692985743e-19,1.9057547660229312e-19,3.962937027741748e-06,False,0.035,0.167,0.878,0.928,0.78,0.7128757290264692,False,,False,0.5
100000008730371100,terminal,0.891,3,0.5144,"получил 520 тыс ₸ от 2 плательщ.; исходящих ≥5 тыс ₸ в выборке не наблюдается (колено 3, исходящие выгружены)",observed_sink,3,False,2,0,520000.0,0.0,3,0,0.0,0,0,7,0.0,0.0,1.0,0.0,0.0008583627263123951,-0.0,0.0011409886868429414,0.0,False,0.312,0.0,0.87,0.936,0.367,0.6603858232391207,False,,False,0.0
100000001677929100,peripheral,0.7,13,0.5139,"слабые связи: 3 вход / 2 выход, 127 тыс ₸ → 286 тыс ₸, без устойчивого паттерна",,2,False,3,2,126777.0,286098.0,3,4,2.2567027142147236,0,1,1,1.0,0.27052967864158434,1.0,2.0,0.003334091954588842,5.39161927039354e-19,-1.6783803623820404e-19,1.1888811083225246e-06,False,0.035,0.167,0.831,1.0,0.76,0.7146702557200538,False,,False,0.3333333333333333
100000007939160100,peripheral,0.7,33,0.5134,"слабые связи: 1 вход / 2 выход, 795 тыс ₸ → 14 тыс ₸, без устойчивого паттерна",,1,False,1,2,795000.0,14300.0,2,2,0.017987421383647798,1,1,1,1.0,0.0,1.0,1.0,0.0006653456234025163,-7.170909766744152e-19,6.637560651088579e-20,3.962937027741748e-07,False,0.035,0.167,0.909,0.904,0.742,0.8851502916105877,False,,False,0.0
100000003835149100,peripheral,0.7,11,0.5129,"слабые связи: 1 вход / 2 выход, 248 тыс ₸ → 4.6 млн ₸, без устойчивого паттерна",,1,False,1,2,248500.0,4600440.0,1,13,18.512837022132796,1,1,1,1.0,0.0,1.0,0.0,0.0004889016554646466,-4.489086193682726e-19,-3.331631686555029e-20,1.7833216624837866e-06,False,0.035,0.167,0.994,0.768,0.771,0.8349035441902198,False,,False,0.0
100000000490383100,peripheral,0.7,2,0.5126,"слабые связи: 3 вход / 8 выход, 63 тыс ₸ → 461 тыс ₸, без устойчивого паттерна",,2,False,3,8,62600.0,461375.0,3,9,7.37020766773163,0,1,7,1.0,0.01083717149823896,1.0,0.0,0.0005480373500605425,0.0013133307536284332,2.8139623880800688e-06,5.1650279261567445e-05,False,0.035,0.167,0.871,0.843,0.902,0.7173620457604307,False,,False,0.6666666666666666
100000002443664100,terminal,0.942,1,0.5125,"получил 557 тыс ₸ от 3 плательщ.; исходящих ≥5 тыс ₸ в выборке не наблюдается (колено 2, исходящие выгружены)",observed_sink,2,False,3,0,556880.0,0.0,3,0,0.0,0,1,9,0.0,0.0,3.0,0.0,0.0003387703864093905,-0.0,1.0691093262375464e-06,0.0,False,0.33,0.167,0.877,0.602,0.367,0.8972633467922836,False,,False,0.0
100000008742053100,distributor,0.659,1,0.5124,"веерная рассылка: 12 получателям, 12 переводов на 2.8 млн ₸",,3,False,1,12,10000.0,2789000.0,1,12,278.9,0,0,8,1.0,0.0,1.0,0.0,0.00028627115008932345,1.1371414941132798e-05,1.9662146336183556e-06,0.00012107303358925224,False,0.494,0.0,0.983,0.027,0.94,0.9434724091520862,False,,False,0.0
100000002205022100,peripheral,0.7,10,0.5122,"слабые связи: 1 вход / 3 выход, 7 тыс ₸ → 518 тыс ₸, без устойчивого паттерна",,2,False,1,3,7100.0,518000.0,1,3,72.95774647887323,0,1,10,1.0,0.011583011583011582,1.0,0.0,0.0005456370301467006,1.761771641859937e-06,1.0161720207344256e-18,5.451240044826982e-05,False,0.035,0.167,0.872,0.84,0.903,0.7285778375953342,False,,False,1.0
100000002988894100,peripheral,0.7,6,0.5118,"слабые связи: 1 вход / 3 выход, 306 тыс ₸ → 78 тыс ₸, без устойчивого паттерна",,1,False,1,3,306121.0,77500.0,1,3,0.25316786499456095,1,2,10,1.0,0.3741935483870968,1.0,0.0,0.00034686587155699223,-3.868775983231258e-19,0.0004611679650745722,7.133286649935147e-05,False,0.035,0.333,0.818,0.621,0.918,0.8506056527590848,False,,False,0.0
100000004717647100,peripheral,0.7,34,0.5107,"слабые связи: 1 вход / 5 выход, 300 тыс ₸ → 2.2 млн ₸, без устойчивого паттерна",,3,False,1,5,300000.0,2240000.0,2,10,7.466666666666667,0,0,7,1.0,0.020982142857142855,1.0,1.0,0.0010233609552644468,4.110933163236119e-05,-1.0202720843265146e-19,7.767356574373826e-05,False,0.035,0.0,0.979,0.952,0.923,0.8779721848362494,False,,False,0.0
100000000343175100,distributor,0.784,6,0.5101,"веерная рассылка: 31 получателям, 33 переводов на 4.0 млн ₸ (seed: входящие извне выборки не видны)",,0,True,8,31,178712.0,4000039.0,14,33,22.382598818210305,1,3,7,1.0,1.0,2.0,0.0,0.0007132581979384031,0.00658939775509138,0.0002893306725282989,0.0010946926090299827,False,0.588,0.5,0.99,0.914,0.984,0.9452669358456707,False,,False,0.2857142857142857
100000008389800100,peripheral,0.7,2,0.5099,"слабые связи: 3 вход / 7 выход, 189 тыс ₸ → 402 тыс ₸, без устойчивого паттерна",,2,False,3,7,189000.0,401620.0,3,8,2.124973544973545,0,1,7,1.0,0.5363278721179224,1.0,2.0,0.0005050963840560323,0.0005432286755831866,2.582807759113566e-06,0.00015931006851521828,False,0.035,0.167,0.883,0.779,0.952,0.8151637505607896,False,,False,0.0
100000002575080100,transit,0.971,31,0.5097,"транзит: получил 13 тыс ₸, отдал 96%, 100% ушло в течение 2 дн. после прихода",,3,False,1,1,13000.0,12500.0,1,1,0.9615384615384616,0,0,7,1.0,1.0,1.0,0.0,0.0005518178489503647,1.8507343046512225e-19,-6.878300873229051e-21,1.981468513870874e-05,False,0.583,0.0,0.27,0.851,0.842,0.8524001794526693,False,,False,0.0
100000007281639100,terminal,0.878,2,0.5095,"получил 217 тыс ₸ от 2 плательщ.; исходящих ≥5 тыс ₸ в выборке не наблюдается (колено 1, исходящие выгружены)",observed_sink,1,False,2,0,216770.0,0.0,4,0,0.0,1,2,7,0.0,0.0,1.0,0.0,0.0003235711404553899,-0.0,0.00033091796293032274,0.0,False,0.307,0.333,0.723,0.557,0.367,0.4800358905338717,False,,False,0.25
100000004209339100,peripheral,0.7,29,0.5091,"слабые связи: 1 вход / 2 выход, 138 тыс ₸ → 238 тыс ₸, без устойчивого паттерна",,2,False,1,2,138500.0,238500.0,6,11,1.7220216606498195,0,1,8,1.0,0.2830188679245283,1.0,1.0,0.0008195334277812185,5.3540689468431565e-05,1.7924021490958713e-19,2.1003566247031264e-05,False,0.035,0.167,0.815,0.931,0.852,0.6397487662628981,False,,False,0.5
100000004905207100,terminal,0.836,12,0.5089,"получил 380 тыс ₸ от 1 плательщ.; исходящих ≥5 тыс ₸ в выборке не наблюдается (колено 2, исходящие выгружены)",observed_sink,2,False,1,0,380000.0,0.0,1,0,0.0,0,1,11,0.0,0.0,1.0,0.0,0.0004347034731912381,-0.0,4.343911559968633e-09,0.0,False,0.293,0.167,0.817,0.736,0.367,0.6944818304172274,False,,False,0.0
100000008356606100,terminal,0.874,2,0.5088,"получил 168 тыс ₸ от 2 плательщ.; исходящих ≥5 тыс ₸ в выборке не наблюдается (колено 2, исходящие выгружены)",observed_sink,2,False,2,0,168500.0,0.0,2,0,0.0,0,1,7,0.0,0.0,1.0,0.0,0.0006267853006401138,-0.0,1.7177670924330417e-06,0.0,False,0.306,0.167,0.679,0.892,0.367,0.537909376401974,False,,False,0.0
100000001330685100,peripheral,0.7,5,0.5087,"слабые связи: 3 вход / 1 выход, 2.4 млн ₸ → 100 тыс ₸, без устойчивого паттерна",,1,False,3,1,2435923.0,100500.0,7,1,0.04125746175063826,1,1,7,1.0,0.0,2.0,0.0,0.00043821602588479746,-4.470890873053653e-19,0.006229763140151132,1.922024458454748e-05,False,0.035,0.167,0.979,0.739,0.81,0.9515477792732167,False,,False,0.0
100000000673868100,peripheral,0.7,25,0.5082,"слабые связи: 1 вход / 5 выход, 2.0 млн ₸ → 383 тыс ₸, без устойчивого паттерна",,3,False,1,5,2030650.0,383000.0,5,19,0.18860955851574618,0,0,7,1.0,0.762402088772846,1.0,2.0,0.0011728050936714342,0.0024150125151640375,3.627390971604332e-07,4.1016398237127094e-05,False,0.035,0.0,0.976,0.961,0.894,0.9645580978017048,False,,False,0.0
100000001380054100,peripheral,0.7,24,0.5072,"слабые связи: 2 вход / 3 выход, 127 тыс ₸ → 360 тыс ₸, без устойчивого паттерна",,1,False,2,3,127050.0,360000.0,2,4,2.833530106257379,1,1,1,1.0,0.5555555555555556,1.0,2.0,0.0007164305424822346,-7.731686797643022e-20,-2.4508769594943253e-19,2.774055919419224e-06,False,0.035,0.167,0.857,0.915,0.776,0.7927321668909825,False,,False,0.5
100000004737764100,terminal,0.843,10,0.5069,"получил 600 тыс ₸ от 1 плательщ.; исходящих ≥5 тыс ₸ в выборке не наблюдается (колено 3, исходящие выгружены)",observed_sink,3,False,1,0,600000.0,0.0,1,0,0.0,0,0,7,0.0,0.0,1.0,0.0,0.000676622422754616,-0.0,-5.253198836122317e-19,0.0,False,0.295,0.0,0.885,0.906,0.367,0.6700314042171377,False,,False,0.0
100000001584286100,terminal,0.896,9,0.5067,"получил 739 тыс ₸ от 2 плательщ.; исходящих ≥5 тыс ₸ в выборке не наблюдается (колено 2, исходящие выгружены)",observed_sink,2,False,2,0,738699.0,0.0,3,0,0.0,0,1,8,0.0,0.0,1.0,0.0,0.000328484994070642,-0.0,7.670824295743822e-07,0.0,False,0.314,0.167,0.899,0.571,0.367,0.7388963660834454,False,,False,0.0
100000005584222100,peripheral,0.7,0,0.5064,"слабые связи: 2 вход / 2 выход, 193 тыс ₸ → 109 тыс ₸, без устойчивого паттерна",,1,False,2,2,192717.0,108587.0,6,3,0.5634531463233653,1,1,7,1.0,0.8618619171724056,1.0,1.0,0.0008759174247919255,-1.7739920798300245e-20,0.0021688850729875875,3.863863602048205e-05,False,0.035,0.167,0.782,0.94,0.883,0.7806191117092867,False,,False,0.16666666666666666
100000004399686100,terminal,0.847,11,0.5063,"получил 806 тыс ₸ от 1 плательщ.; исходящих ≥5 тыс ₸ в выборке не наблюдается (колено 3, исходящие выгружены)",observed_sink,3,False,1,0,806000.0,0.0,2,0,0.0,0,0,1,0.0,0.0,1.0,0.0,0.0005708068229548216,-0.0,-1.9670127339592803e-19,0.0,False,0.296,0.0,0.909,0.868,0.367,0.6352624495289367,False,,False,0.0
100000003254723100,terminal,0.831,15,0.5061,"получил 270 тыс ₸ от 1 плательщ.; исходящих ≥5 тыс ₸ в выборке не наблюдается (колено 2, исходящие выгружены)",observed_sink,2,False,1,0,269850.0,0.0,6,0,0.0,0,1,10,0.0,0.0,1.0,0.0,0.0005300436631859086,-0.0,3.4611016555172613e-10,0.0,False,0.291,0.167,0.762,0.796,0.367,0.4908030506953791,False,,False,0.3333333333333333
100000004664905100,terminal,0.884,2,0.5056,"получил 329 тыс ₸ от 2 плательщ.; исходящих ≥5 тыс ₸ в выборке не наблюдается (колено 1, исходящие выгружены)",observed_sink,1,False,2,0,329020.0,0.0,4,0,0.0,1,1,7,0.0,0.0,1.0,0.0,0.0004118439668426317,-0.0,0.0003053651890932851,0.0,False,0.309,0.167,0.792,0.717,0.367,0.5370121130551817,False,,False,0.0
100000005287097100,peripheral,0.7,2,0.505,"слабые связи: 2 вход / 9 выход, 127 тыс ₸ → 697 тыс ₸, без устойчивого паттерна",,1,False,2,9,127173.0,697300.0,5,42,5.483082100760382,1,2,7,1.0,0.24422773555141258,1.0,10.0,0.0003027074338818183,0.00013971096895632807,0.00033091796293032274,0.0007832208178364951,False,0.035,0.333,0.912,0.415,0.98,0.9156572454015254,False,,False,0.2
100000003062895100,terminal,0.884,1,0.5047,"получил 328 тыс ₸ от 2 плательщ.; исходящих ≥5 тыс ₸ в выборке не наблюдается (колено 2, исходящие выгружены)",observed_sink,2,False,2,0,328444.0,0.0,2,0,0.0,0,1,9,0.0,0.0,1.0,0.0,0.000407650670955184,-0.0,0.00011595248754846983,0.0,False,0.309,0.167,0.791,0.712,0.367,0.6289816061013908,False,,False,0.0
100000002596035100,terminal,0.829,6,0.5041,"получил 232 тыс ₸ от 1 плательщ.; исходящих ≥5 тыс ₸ в выборке не наблюдается (колено 1, исходящие выгружены)",observed_sink,1,False,1,0,231570.0,0.0,1,0,0.0,1,2,8,0.0,0.0,1.0,0.0,0.0003206915567832718,-0.0,0.00012279960625588972,0.0,False,0.29,0.333,0.734,0.545,0.367,0.5697622252131,False,,False,0.0
100000003163886100,terminal,0.84,10,0.5038,"получил 500 тыс ₸ от 1 плательщ.; исходящих ≥5 тыс ₸ в выборке не наблюдается (колено 3, исходящие выгружены)",observed_sink,3,False,1,0,500000.0,0.0,1,0,0.0,0,0,10,0.0,0.0,1.0,0.0,0.000733835068059369,-0.0,3.283226661601248e-08,0.0,False,0.294,0.0,0.864,0.918,0.367,0.6092418124719605,False,,False,0.0
100000008497298100,terminal,0.843,1,0.5037,"получил 600 тыс ₸ от 1 плательщ.; исходящих ≥5 тыс ₸ в выборке не наблюдается (колено 2, исходящие выгружены)",observed_sink,2,False,1,0,600000.0,0.0,1,0,0.0,0,1,1,0.0,0.0,1.0,0.0,0.00034202908327694034,-0.0,5.012796367303085e-07,0.0,False,0.295,0.167,0.885,0.61,0.367,0.7824136384028713,False,,False,0.0
100000002710570100,terminal,0.828,26,0.5035,"получил 225 тыс ₸ от 1 плательщ.; исходящих ≥5 тыс ₸ в выборке не наблюдается (колено 2, исходящие выгружены)",observed_sink,2,False,1,0,225015.0,0.0,1,0,0.0,0,1,7,0.0,0.0,1.0,0.0,0.0005391306175502192,-0.0,-3.808217305341204e-19,0.0,False,0.29,0.167,0.728,0.829,0.367,0.5845670704351728,False,,False,0.0
100000002731501100,peripheral,0.7,21,0.5034,"слабые связи: 3 вход / 7 выход, 570 тыс ₸ → 834 тыс ₸, без устойчивого паттерна",,1,False,3,7,570370.0,833960.0,7,20,1.4621386117783193,1,1,1,1.0,0.32975202647609,3.0,14.0,0.0004855839777590116,7.183456272846115e-18,2.1717351906634996e-18,4.4583041562094666e-06,False,0.035,0.167,0.949,0.766,0.783,0.9757738896366084,True,максимум плательщиков за день выше среднего своего колена на 3.8 σ,False,0.14285714285714285
100000008011159100,peripheral,0.7,5,0.5033,"слабые связи: 3 вход / 5 выход, 363 тыс ₸ → 153 тыс ₸, без устойчивого паттерна",,2,False,3,5,363000.0,153037.0,6,5,0.4215895316804408,0,1,7,1.0,0.3593902128243497,1.0,1.0,0.0004861091667224914,0.001303093354713922,0.00014978499564178294,0.00012211295083857732,False,0.035,0.167,0.869,0.767,0.941,0.7451772095109914,False,,False,0.16666666666666666
100000005140601100,peripheral,0.7,3,0.503,"слабые связи: 3 вход / 2 выход, 53 тыс ₸ → 195 тыс ₸, без устойчивого паттерна",,2,False,3,2,52685.0,195300.0,4,5,3.706937458479643,0,1,7,1.0,0.9743983614951357,2.0,2.0,0.0027057314547033204,0.0016244594188492278,0.0016302742427693657,1.9616538287321655e-05,False,0.035,0.167,0.749,0.995,0.836,0.9111709286675639,False,,False,0.5
100000004017410100,peripheral,0.7,17,0.5027,"слабые связи: 2 вход / 5 выход, 194 тыс ₸ → 1.3 млн ₸, без устойчивого паттерна",,3,False,2,5,193650.0,1330915.0,6,11,6.872785954040795,0,0,7,1.0,0.04132495313374633,2.0,7.0,0.0011315419625793047,7.87929302640391e-06,1.776957394941111e-05,4.0587080059121736e-05,False,0.035,0.0,0.954,0.959,0.893,0.9672498878420817,False,,False,0.3333333333333333
100000003164661100,terminal,0.843,24,0.5024,"получил 596 тыс ₸ от 1 плательщ.; исходящих ≥5 тыс ₸ в выборке не наблюдается (колено 3, исходящие выгружены)",observed_sink,3,False,1,0,596200.0,0.0,3,0,0.0,0,0,1,0.0,0.0,1.0,0.0,0.0006007384807220591,-0.0,-2.983671101507468e-20,0.0,False,0.295,0.0,0.883,0.883,0.367,0.47510094212651416,False,,False,0.0
100000003964910100,terminal,0.9,14,0.502,"получил 1.0 млн ₸ от 2 плательщ.; исходящих ≥5 тыс ₸ в выборке не наблюдается (колено 3, исходящие выгружены)",observed_sink,3,False,2,0,1000000.0,0.0,2,0,0.0,0,0,7,0.0,0.0,2.0,0.0,0.0005093616966720346,-0.0,0.00025203681383135335,0.0,False,0.315,0.0,0.927,0.782,0.367,0.8959174517720951,False,,False,0.0
100000000913911100,peripheral,0.7,10,0.502,"слабые связи: 2 вход / 1 выход, 467 тыс ₸ → 600 тыс ₸, без устойчивого паттерна",,2,False,2,1,467000.0,600000.0,2,1,1.284796573875803,0,1,7,1.0,0.0,2.0,0.0,0.00045944318623889006,-2.2358954898974584e-19,6.262331410085471e-05,1.9418391435934565e-05,False,0.035,0.167,0.933,0.748,0.83,0.876626289816061,False,,False,0.0
100000001714173100,terminal,0.844,1,0.5019,"получил 639 тыс ₸ от 1 плательщ.; исходящих ≥5 тыс ₸ в выборке не наблюдается (колено 3, исходящие выгружены)",observed_sink,3,False,1,0,638905.0,0.0,6,0,0.0,0,0,9,0.0,0.0,1.0,0.0,0.0005706777097822553,-0.0,1.584727722630176e-08,0.0,False,0.295,0.0,0.891,0.868,0.367,0.4544638851502916,False,,False,0.0
100000000274067100,peripheral,0.7,13,0.5011,"слабые связи: 2 вход / 3 выход, 518 тыс ₸ → 3.0 млн ₸, без устойчивого паттерна",,1,False,2,3,517704.0,2969000.0,9,9,5.734937338710924,1,1,1,1.0,0.6921522398113843,1.0,1.0,0.00041370365128518645,2.1328111234998974e-19,4.37640590272176e-06,1.1888811083225246e-06,False,0.035,0.167,0.987,0.718,0.76,0.8833557649170032,False,,False,0.1111111111111111
100000001985793100,terminal,0.837,12,0.5006,"получил 420 тыс ₸ от 1 плательщ.; исходящих ≥5 тыс ₸ в выборке не наблюдается (колено 2, исходящие выгружены)",observed_sink,2,False,1,0,420000.0,0.0,1,0,0.0,0,1,1,0.0,0.0,1.0,0.0,0.0003726610761384919,-0.0,4.2828278418604587e-07,0.0,False,0.293,0.167,0.832,0.667,0.367,0.708838043965904,False,,False,0.0
100000008746449100,distributor,0.639,1,0.5001,"веерная рассылка: 10 получателям, 10 переводов на 1.0 млн ₸",,3,False,1,10,10000.0,1009000.0,1,10,100.9,0,0,8,1.0,0.0,1.0,0.0,0.00028700414108164755,1.6584609643488064e-06,2.6125683863490796e-07,0.00016598228268404117,False,0.479,0.0,0.929,0.05,0.952,0.9143113503813369,False,,False,0.0
100000004076740100,peripheral,0.7,17,0.5001,"слабые связи: 3 вход / 6 выход, 93 тыс ₸ → 125 тыс ₸, без устойчивого паттерна",,1,False,3,6,93250.0,125000.0,5,10,1.3404825737265416,1,1,7,1.0,0.184,1.0,4.0,0.0007414546780411341,1.958361463730977e-07,0.00218665229818518,0.000435160400673932,False,0.035,0.167,0.725,0.919,0.972,0.8909825033647375,False,,False,0.2
100000004603109100,peripheral,0.7,11,0.5,"слабые связи: 3 вход / 2 выход, 2.7 млн ₸ → 400 тыс ₸, без устойчивого паттерна",,3,False,3,2,2730000.0,400000.0,8,2,0.14652014652014653,0,0,2,1.0,1.0,2.0,6.0,0.00317836527963168,-1.6781150812005687e-19,-2.543434638463611e-19,6.93513979854806e-07,False,0.035,0.0,0.984,0.999,0.75,0.9932705248990579,True,число циклов выше среднего своего колена на 3.1 σ,False,0.0
100000005767403100,terminal,0.618,17,0.4997,"вероятный конечный получатель: 1.1 млн ₸ от 1; 4 колено, исходящие не собраны, P(пересылает)=0.33",likely_sink_truncated,4,False,1,0,1100000.0,0.0,2,0,0.0,0,0,7,0.3300526694297026,0.0,1.0,0.0,0.0010818599457011395,-0.0,1.468380142133151e-07,0.0,True,0.216,0.0,0.935,0.956,0.367,0.7981157469717362,False,,False,0.0
100000003809101100,peripheral,0.7,18,0.4989,"слабые связи: 2 вход / 2 выход, 166 тыс ₸ → 55 тыс ₸, без устойчивого паттерна",,1,False,2,2,166050.0,55200.0,3,4,0.3324299909665763,1,2,8,1.0,0.18478260869565216,1.0,1.0,0.0003619470775424321,-1.1010037816927628e-19,0.00012382997603206804,0.00013333962119341738,False,0.035,0.333,0.727,0.651,0.944,0.6648721399730821,False,,False,0.0
100000003603979100,terminal,0.824,21,0.4986,"получил 165 тыс ₸ от 1 плательщ.; исходящих ≥5 тыс ₸ в выборке не наблюдается (колено 2, исходящие выгружены)",observed_sink,2,False,1,0,165000.0,0.0,3,0,0.0,0,1,1,0.0,0.0,1.0,0.0,0.0005856463349534333,-0.0,9.096172047990908e-20,0.0,False,0.288,0.167,0.674,0.876,0.367,0.33467922835352176,False,,False,0.3333333333333333
100000004674799100,terminal,0.822,3,0.4982,"получил 140 тыс ₸ от 1 плательщ.; исходящих ≥5 тыс ₸ в выборке не наблюдается (колено 2, исходящие выгружены)",observed_sink,2,False,1,0,140000.0,0.0,5,0,0.0,0,1,7,0.0,0.0,1.0,0.0,0.000790673193306168,-0.0,8.651368695696966e-05,0.0,False,0.288,0.167,0.635,0.926,0.367,0.3728129205921938,False,,False,0.0
100000008545727100,peripheral,0.7,8,0.4981,"слабые связи: 1 вход / 6 выход, 30 тыс ₸ → 1.9 млн ₸, без устойчивого паттерна",,2,False,1,6,30000.0,1866500.0,1,7,62.21666666666667,0,1,9,1.0,0.6375569247254219,1.0,1.0,0.0003387010043398443,3.0530858568026077e-06,2.862330894308425e-20,0.00013420203177516877,False,0.035,0.167,0.969,0.601,0.944,0.7860026917900403,False,,False,0.0
100000008731444100,peripheral,0.7,3,0.4971,"слабые связи: 3 вход / 9 выход, 439 тыс ₸ → 880 тыс ₸, без устойчивого паттерна",,2,False,3,9,439000.0,879767.8,5,9,2.0040268792710707,0,1,7,1.0,0.6956014984863051,1.0,0.0,0.0003533618851938035,0.00864213337504681,0.0002137844208998297,0.0001241168559002798,False,0.035,0.167,0.943,0.632,0.941,0.8541947061462539,False,,False,0.0
100000007181706100,terminal,0.875,6,0.4969,"получил 176 тыс ₸ от 2 плательщ.; исходящих ≥5 тыс ₸ в выборке не наблюдается (колено 1, исходящие выгружены)",observed_sink,1,False,2,0,176272.0,0.0,2,0,0.0,1,2,10,0.0,0.0,2.0,0.0,0.00031906641503554723,-0.0,0.003366949620291073,0.0,False,0.306,0.333,0.686,0.536,0.367,0.7465231045311799,False,,False,0.0
100000006274203100,peripheral,0.7,0,0.4969,"слабые связи: 2 вход / 3 выход, 3.4 млн ₸ → 72 тыс ₸, без устойчивого паттерна",,3,False,2,3,3417512.0,72000.0,41,3,0.02106795821053445,0,0,9,1.0,0.06944444444444445,1.0,1.0,0.0006321051467844558,0.0019068781625776994,0.0029636817988173466,3.734276532549144e-05,False,0.035,0.0,0.987,0.894,0.875,0.9102736653207717,False,,False,0.0
100000001887715100,peripheral,0.7,1,0.4962,"слабые связи: 3 вход / 1 выход, 1.3 млн ₸ → 750 тыс ₸, без устойчивого паттерна",,3,False,3,1,1331500.0,750000.0,4,1,0.5632745024408562,0,0,9,1.0,1.0,3.0,0.0,0.0007309294553868668,2.678316874786545e-20,1.3426258810712874e-06,2.2588741058127966e-05,False,0.035,0.0,0.973,0.918,0.862,0.9896814715118888,True,максимум плательщиков за день выше среднего своего колена на 5.1 σ,False,0.0
100000002622822100,terminal,0.665,1,0.4961,"вероятный конечный получатель: 750 тыс ₸ от 1; 4 колено, исходящие не собраны, P(пересылает)=0.21",likely_sink_truncated,4,False,1,0,750000.0,0.0,1,0,0.0,0,0,9,0.21140609097837093,0.0,1.0,0.0,0.0009076861139921038,-0.0,6.292660436486099e-20,0.0,True,0.233,0.0,0.902,0.946,0.367,0.8115746971736204,False,,False,0.0
100000002469065100,terminal,0.827,10,0.4961,"получил 200 тыс ₸ от 1 плательщ.; исходящих ≥5 тыс ₸ в выборке не наблюдается (колено 2, исходящие выгружены)",observed_sink,2,False,1,0,200000.0,0.0,1,0,0.0,0,2,7,0.0,0.0,1.0,0.0,0.00031869598721132004,-0.0,4.040756032115181e-06,0.0,False,0.289,0.333,0.711,0.532,0.367,0.5574248541947061,False,,False,0.0
100000000795129100,terminal,0.834,2,0.4956,"получил 332 тыс ₸ от 1 плательщ.; исходящих ≥5 тыс ₸ в выборке не наблюдается (колено 2, исходящие выгружены)",observed_sink,2,False,1,0,332000.0,0.0,1,0,0.0,0,1,7,0.0,0.0,1.0,0.0,0.0003911920814716169,-0.0,3.567634960949523e-05,0.0,False,0.292,0.167,0.793,0.692,0.367,0.6666666666666666,False,,False,0.0
100000004722765100,peripheral,0.7,0,0.4951,"слабые связи: 1 вход / 3 выход, 230 тыс ₸ → 2.3 млн ₸, без устойчивого паттерна",,3,False,1,3,230000.0,2284500.0,1,9,9.932608695652174,0,0,7,1.0,0.07660319544758153,1.0,0.0,0.0005815882668655397,4.394809275602666e-19,2.4063740247405406e-20,5.8255174307803695e-05,False,0.035,0.0,0.977,0.874,0.909,0.7819650067294751,False,,False,0.0
100000004386258100,peripheral,0.7,11,0.4948,"слабые связи: 3 вход / 3 выход, 62 тыс ₸ → 40 тыс ₸, без устойчивого паттерна",,2,False,3,3,61700.0,40000.0,3,3,0.6482982171799028,0,2,9,1.0,0.75,2.0,2.0,0.0005336690126056135,-4.078672289895016e-19,7.491788921443321e-21,0.00012047328564334914,False,0.035,0.333,0.588,0.815,0.94,0.892328398384926,False,,False,0.3333333333333333
100000002870463100,peripheral,0.7,12,0.4948,"слабые связи: 3 вход / 1 выход, 207 тыс ₸ → 10 тыс ₸, без устойчивого паттерна",,2,False,3,1,207000.0,10000.0,4,1,0.04830917874396135,0,1,7,1.0,1.0,1.0,1.0,0.0019299755548282795,-8.567207951440958e-20,3.17313780335417e-05,1.9418391435934565e-05,False,0.035,0.167,0.724,0.985,0.83,0.8156123822341858,False,,False,0.0
100000002635780100,terminal,0.824,13,0.4943,"получил 163 тыс ₸ от 1 плательщ.; исходящих ≥5 тыс ₸ в выборке не наблюдается (колено 2, исходящие выгружены)",observed_sink,2,False,1,0,163000.02,0.0,1,0,0.0,0,1,9,0.0,0.0,1.0,0.0,0.0005553850086577899,-0.0,3.0235730100663833e-19,0.0,False,0.288,0.167,0.67,0.856,0.367,0.4952893674293405,False,,False,0.0
100000007242833100,peripheral,0.7,11,0.494,"слабые связи: 1 вход / 1 выход, 108 тыс ₸ → 45 тыс ₸, без устойчивого паттерна",,2,False,1,1,107500.0,45000.0,3,2,0.4186046511627907,0,2,9,1.0,1.0,1.0,0.0,0.0005138001156911164,2.4331521513585757e-19,-4.0112555302088464e-19,1.981468513870874e-05,False,0.035,0.333,0.657,0.784,0.842,0.7303723642889188,False,,False,0.0
100000002956898100,terminal,0.882,2,0.4938,"получил 290 тыс ₸ от 2 плательщ.; исходящих ≥5 тыс ₸ в выборке не наблюдается (колено 2, исходящие выгружены)",observed_sink,2,False,2,0,290240.0,0.0,2,0,0.0,0,1,7,0.0,0.0,1.0,0.0,0.0003768413148122,-0.0,8.824618613831998e-05,0.0,False,0.309,0.167,0.773,0.675,0.367,0.6061013907581875,False,,False,0.0
100000000785800100,transit,1.0,41,0.4933,"транзит: получил 19 тыс ₸, отдал 100%, 100% ушло в течение 2 дн. после прихода",,2,False,1,1,19000.0,19000.0,1,1,1.0,0,1,1,1.0,1.0,1.0,1.0,0.00035669797856313927,3.997165638603555e-20,-4.259644226411519e-21,0.0,False,0.6,0.167,0.361,0.639,0.367,0.7810677433826828,False,,False,0.0
100000004480280100,peripheral,0.7,15,0.4928,"слабые связи: 1 вход / 2 выход, 147 тыс ₸ → 296 тыс ₸, без устойчивого паттерна",,1,False,1,2,146694.0,295850.0,1,7,2.0167832358515003,1,2,10,1.0,0.23998647963495015,1.0,0.0,0.0003149427776315945,1.8572189437112573e-08,0.0004611679650745722,3.571762118628406e-05,False,0.035,0.333,0.839,0.514,0.874,0.7061462539255271,False,,False,0.0
100000002720627100,terminal,0.827,6,0.4925,"получил 199 тыс ₸ от 1 плательщ.; исходящих ≥5 тыс ₸ в выборке не наблюдается (колено 1, исходящие выгружены)",observed_sink,1,False,1,0,199300.0,0.0,1,0,0.0,1,2,8,0.0,0.0,1.0,0.0,0.0003157971602163407,-0.0,0.00012279960625588972,0.0,False,0.289,0.333,0.706,0.517,0.367,0.5410497981157469,False,,False,0.0
100000005034574100,terminal,0.83,44,0.4919,"получил 259 тыс ₸ от 1 плательщ.; исходящих ≥5 тыс ₸ в выборке не наблюдается (колено 1, исходящие выгружены)",observed_sink,1,False,1,0,258816.0,0.0,16,0,0.0,1,1,1,0.0,0.0,1.0,0.0,0.00042508668959388804,-0.0,2.9213628294450705e-19,0.0,False,0.29,0.167,0.755,0.724,0.367,0.5500224315836698,False,,False,0.1875
100000002335358100,terminal,0.822,2,0.4914,"получил 140 тыс ₸ от 1 плательщ.; исходящих ≥5 тыс ₸ в выборке не наблюдается (колено 2, исходящие выгружены)",observed_sink,2,False,1,0,140000.0,0.0,2,0,0.0,0,1,7,0.0,0.0,1.0,0.0,0.0006124866171005871,-0.0,-7.941593857695002e-19,0.0,False,0.288,0.167,0.635,0.887,0.367,0.3261552265589951,False,,False,0.0
100000003034546100,terminal,0.84,1,0.4914,"получил 487 тыс ₸ от 1 плательщ.; исходящих ≥5 тыс ₸ в выборке не наблюдается (колено 2, исходящие выгружены)",observed_sink,2,False,1,0,486715.0,0.0,2,0,0.0,0,1,1,0.0,0.0,1.0,0.0,0.0003313690046042362,-0.0,5.012796367303085e-07,0.0,False,0.294,0.167,0.857,0.579,0.367,0.6460296096904441,False,,False,0.0
100000002824176100,terminal,0.822,12,0.4911,"получил 144 тыс ₸ от 1 плательщ.; исходящих ≥5 тыс ₸ в выборке не наблюдается (колено 1, исходящие выгружены)",observed_sink,1,False,1,0,144000.0,0.0,1,0,0.0,1,2,2,0.0,0.0,1.0,0.0,0.0003385981575005855,-0.0,9.228378273109344e-07,0.0,False,0.288,0.333,0.641,0.6,0.367,0.4015253476895469,False,,False,0.0
100000004692798100,peripheral,0.7,11,0.4907,"слабые связи: 2 вход / 1 выход, 240 тыс ₸ → 15 тыс ₸, без устойчивого паттерна",,1,False,2,1,240305.0,15000.0,4,2,0.06242067372713843,1,1,1,1.0,1.0,1.0,1.0,0.0019106511787003809,-1.0326326363379672e-19,1.018078696539671e-05,1.981468513870874e-07,False,0.035,0.167,0.754,0.984,0.736,0.8277254374158816,False,,False,0.5
100000000976943100,transit,0.589,0,0.4907,"транзит: получил 70 тыс ₸, отдал 120%, 13% ушло в течение 2 дн. после прихода",,3,False,1,1,70000.0,84000.0,1,3,1.2,0,0,8,1.0,0.13095238095238096,1.0,0.0,0.00037346136238482506,1.842933845126372e-19,4.037599825353315e-05,2.1796153652579615e-05,False,0.353,0.0,0.66,0.668,0.858,0.5033647375504711,False,,False,0.0
100000007229557100,terminal,0.948,1,0.4907,"получил 878 тыс ₸ от 3 плательщ.; исходящих ≥5 тыс ₸ в выборке не наблюдается (колено 3, исходящие выгружены)",observed_sink,3,False,3,0,878000.0,0.0,3,0,0.0,0,0,9,0.0,0.0,3.0,0.0,0.0003942093306983486,-0.0,4.866928268881273e-06,0.0,False,0.332,0.0,0.916,0.698,0.367,0.9596231493943472,False,,False,0.0
100000002692750100,peripheral,0.7,12,0.4903,"слабые связи: 3 вход / 1 выход, 113 тыс ₸ → 77 тыс ₸, без устойчивого паттерна",,2,False,3,1,112830.0,77000.0,3,8,0.682442612780289,0,1,7,1.0,0.15584415584415584,1.0,1.0,0.0020142415855482925,-1.7637920714159895e-19,2.918818223159124e-05,1.981468513870874e-05,False,0.035,0.167,0.697,0.987,0.842,0.664423508299686,False,,False,0.0
100000000267734100,peripheral,0.7,13,0.4902,"слабые связи: 2 вход / 7 выход, 180 тыс ₸ → 282 тыс ₸, без устойчивого паттерна",,1,False,2,7,180000.0,282000.0,4,8,1.5666666666666667,1,1,1,1.0,0.4148936170212766,1.0,1.0,0.0005373190777888414,1.947942272862831e-19,4.3764059027222885e-06,3.5666433249675733e-06,False,0.035,0.167,0.85,0.824,0.779,0.8286227007626739,False,,False,0.0
100000008192264100,transit,0.847,5,0.4898,"транзит: получил 163 тыс ₸, отдал 115%, 87% ушло в течение 2 дн. после прихода",,3,False,1,1,162810.0,187910.0,1,2,1.1541674344327744,0,0,7,1.0,0.8749933478793039,1.0,0.0,0.00029084583184829166,1.9038875261507438e-20,0.002940174080170154,1.922024458454748e-05,False,0.508,0.0,0.802,0.196,0.81,0.7631224764468372,False,,False,0.0
100000003366154100,peripheral,0.7,6,0.4895,"слабые связи: 1 вход / 3 выход, 125 тыс ₸ → 289 тыс ₸, без устойчивого паттерна",,1,False,1,3,125000.0,289170.0,1,3,2.31336,1,2,10,1.0,1.0,1.0,0.0,0.0003105988484375585,5.3540689468431416e-05,0.0004611679650745722,6.146709644545516e-05,False,0.035,0.333,0.831,0.478,0.914,0.8649618663077613,False,,False,0.0
100000003191430100,terminal,0.825,2,0.4892,"получил 180 тыс ₸ от 1 плательщ.; исходящих ≥5 тыс ₸ в выборке не наблюдается (колено 2, исходящие выгружены)",observed_sink,2,False,1,0,180000.0,0.0,1,0,0.0,0,1,7,0.0,0.0,1.0,0.0,0.0005307375952815085,-0.0,-1.3541135341882241e-18,0.0,False,0.289,0.167,0.689,0.801,0.367,0.5320771646478242,False,,False,0.0
100000008335401100,terminal,0.823,8,0.4883,"получил 150 тыс ₸ от 1 плательщ.; исходящих ≥5 тыс ₸ в выборке не наблюдается (колено 2, исходящие выгружены)",observed_sink,2,False,1,0,150000.0,0.0,3,0,0.0,0,1,9,0.0,0.0,1.0,0.0,0.0005512278448300608,-0.0,2.862330894308425e-20,0.0,False,0.288,0.167,0.65,0.848,0.367,0.30462090623598026,False,,False,0.0
100000002671326100,terminal,0.617,27,0.488,"вероятный конечный получатель: 1.1 млн ₸ от 1; 4 колено, исходящие не собраны, P(пересылает)=0.33",likely_sink_truncated,4,False,1,0,1050000.0,0.0,2,0,0.0,0,0,7,0.33216358915616956,0.0,1.0,0.0,0.0006294451129335758,-0.0,8.772660247959191e-20,0.0,True,0.216,0.0,0.932,0.893,0.367,0.7895917451772095,False,,False,0.0
100000004544958100,peripheral,0.7,6,0.4879,"слабые связи: 1 вход / 2 выход, 168 тыс ₸ → 23 тыс ₸, без устойчивого паттерна",,2,False,1,2,168000.0,23200.0,3,2,0.1380952380952381,0,1,8,1.0,0.22413793103448276,1.0,1.0,0.001214607508891013,5.3109162749844684e-05,8.087776897717305e-20,2.0805419395644178e-05,False,0.035,0.167,0.699,0.965,0.851,0.6034096007178107,False,,False,0.0
100000006564102100,terminal,0.829,0,0.4879,"получил 233 тыс ₸ от 1 плательщ.; исходящих ≥5 тыс ₸ в выборке не наблюдается (колено 2, исходящие выгружены)",observed_sink,2,False,1,0,233235.0,0.0,1,0,0.0,0,1,9,0.0,0.0,1.0,0.0,0.00042809593979465147,-0.0,0.00014276729694478647,0.0,False,0.29,0.167,0.736,0.728,0.367,0.5984746523104532,False,,False,0.0
100000006641671100,transit,0.838,3,0.4878,"транзит: получил 22 тыс ₸, отдал 114%, 80% ушло в течение 2 дн. после прихода",,3,False,2,1,22000.0,25000.0,2,3,1.1363636363636365,0,0,7,1.0,0.8,1.0,0.0,0.00043999110799823783,1.0250042922727393e-05,0.0016549922964933586,5.449038413144904e-06,False,0.503,0.0,0.406,0.74,0.785,0.8546433378196501,False,,False,0.5
100000000838385100,peripheral,0.7,17,0.4876,"слабые связи: 1 вход / 2 выход, 437 тыс ₸ → 178 тыс ₸, без устойчивого паттерна",,3,False,1,2,436900.0,177500.0,8,6,0.40627145799954223,0,0,7,1.0,0.6901408450704225,1.0,1.0,0.0019211545642599033,-2.2950652485163577e-19,-2.516942266760474e-19,2.1796153652579615e-05,False,0.035,0.0,0.887,0.985,0.858,0.8299685957828623,False,,False,0.0
100000002956769100,terminal,0.947,1,0.4874,"получил 840 тыс ₸ от 3 плательщ.; исходящих ≥5 тыс ₸ в выборке не наблюдается (колено 3, исходящие выгружены)",observed_sink,3,False,3,0,840000.0,0.0,3,0,0.0,0,0,9,0.0,0.0,3.0,0.0,0.00038478275617857913,-0.0,3.2631506306699203e-06,0.0,False,0.331,0.0,0.914,0.683,0.367,0.9578286227007626,False,,False,0.0
100000002760175100,terminal,0.826,6,0.4873,"получил 187 тыс ₸ от 1 плательщ.; исходящих ≥5 тыс ₸ в выборке не наблюдается (колено 1, исходящие выгружены)",observed_sink,1,False,1,0,187410.0,0.0,1,0,0.0,1,2,8,0.0,0.0,1.0,0.0,0.00031399380182833917,-0.0,0.00012279960625588972,0.0,False,0.289,0.333,0.694,0.504,0.367,0.5311799013010319,False,,False,0.0
100000005363908100,transit,1.0,37,0.4872,"транзит: получил 20 тыс ₸, отдал 100%, 100% ушло в течение 2 дн. после прихода",,1,False,1,1,19500.0,19500.0,1,1,1.0,1,1,1,1.0,1.0,1.0,0.0,0.0003385171206244062,-3.1484605774622336e-19,6.281310027024944e-19,0.0,False,0.6,0.167,0.364,0.6,0.367,0.8456707043517272,False,,False,0.0
100000008747113100,terminal,0.877,6,0.4872,"получил 198 тыс ₸ от 2 плательщ.; исходящих ≥5 тыс ₸ в выборке не наблюдается (колено 1, исходящие выгружены)",observed_sink,1,False,2,0,197801.0,0.0,2,0,0.0,1,2,10,0.0,0.0,2.0,0.0,0.00030751915506009543,-0.0,0.0034013420452447254,0.0,False,0.307,0.333,0.704,0.455,0.367,0.7514580529385375,False,,False,0.0
100000000791285100,peripheral,0.7,23,0.487,"слабые связи: 1 вход / 3 выход, 1.1 млн ₸ → 650 тыс ₸, без устойчивого паттерна",,3,False,1,3,1120000.0,650000.0,2,3,0.5803571428571429,0,0,7,1.0,0.9538461538461539,1.0,1.0,0.0005664343010128576,2.1645154398805284e-06,-7.438797586113939e-19,3.883678287186913e-05,False,0.035,0.0,0.961,0.865,0.885,0.9600717810677434,False,,False,0.0
100000008603331100,peripheral,0.7,27,0.4869,"слабые связи: 2 вход / 6 выход, 40 тыс ₸ → 742 тыс ₸, без устойчивого паттерна",,2,False,2,6,39500.0,741774.0,3,6,18.779088607594936,0,1,7,1.0,0.44400855247015936,1.0,1.0,0.00034423402970945057,2.6120657852464885e-06,1.7182172420836364e-06,0.0001957690891704424,False,0.035,0.167,0.906,0.613,0.956,0.7299237326155227,False,,False,0.6666666666666666
100000002621949100,terminal,0.824,6,0.4868,"получил 165 тыс ₸ от 1 плательщ.; исходящих ≥5 тыс ₸ в выборке не наблюдается (колено 1, исходящие выгружены)",observed_sink,1,False,1,0,164612.0,0.0,1,0,0.0,1,2,10,0.0,0.0,1.0,0.0,0.00031853061405174465,-0.0,0.0004611679650745722,0.0,False,0.288,0.333,0.672,0.532,0.367,0.4759982054733064,False,,False,0.0
100000004180097100,peripheral,0.7,10,0.4867,"слабые связи: 3 вход / 3 выход, 105 тыс ₸ → 48 тыс ₸, без устойчивого паттерна",,1,False,3,3,104854.0,47800.0,5,7,0.4558719743643542,1,1,7,1.0,0.8577405857740585,1.0,3.0,0.0008565318930578556,7.6231010451083704e-06,0.002186648804528211,0.0003136664657457594,False,0.035,0.167,0.657,0.936,0.967,0.8905338716913415,False,,False,0.6
100000004698193100,peripheral,0.7,12,0.4861,"слабые связи: 2 вход / 3 выход, 223 тыс ₸ → 38 тыс ₸, без устойчивого паттерна",,2,False,2,3,222700.0,38000.0,15,5,0.17063313875168387,0,1,1,1.0,0.3157894736842105,1.0,1.0,0.0008254145941905135,-1.109364607636496e-20,2.89510506987025e-05,1.5851748110966993e-06,False,0.035,0.167,0.757,0.932,0.768,0.6890982503364738,False,,False,0.13333333333333333
100000000821507100,terminal,0.837,25,0.486,"получил 400 тыс ₸ от 1 плательщ.; исходящих ≥5 тыс ₸ в выборке не наблюдается (колено 2, исходящие выгружены)",observed_sink,2,False,1,0,400000.0,0.0,1,0,0.0,0,1,7,0.0,0.0,1.0,0.0,0.0003355427477307156,-0.0,3.87668795219064e-07,0.0,False,0.293,0.167,0.826,0.591,0.367,0.6980708838043966,False,,False,0.0
100000000076451100,peripheral,0.7,31,0.4856,"слабые связи: 3 вход / 4 выход, 88 тыс ₸ → 58 тыс ₸, без устойчивого паттерна",,2,False,3,4,87707.0,58000.0,4,4,0.661292713238396,0,1,7,1.0,0.25862068965517243,2.0,2.0,0.0013962008641423907,-1.1710321562442754e-20,3.6251437387819074e-05,9.76863977338341e-05,False,0.035,0.167,0.643,0.972,0.932,0.8645132346343651,False,,False,0.25
100000007647294100,terminal,0.836,14,0.4848,"получил 385 тыс ₸ от 1 плательщ.; исходящих ≥5 тыс ₸ в выборке не наблюдается (колено 3, исходящие выгружены)",observed_sink,3,False,1,0,385000.0,0.0,1,0,0.0,0,0,7,0.0,0.0,1.0,0.0,0.0005792181286000663,-0.0,-2.492872205970298e-19,0.0,False,0.293,0.0,0.819,0.873,0.367,0.5262449528936743,False,,False,0.0
100000002459832100,terminal,0.898,10,0.4847,"получил 881 тыс ₸ от 2 плательщ.; исходящих ≥5 тыс ₸ в выборке не наблюдается (колено 3, исходящие выгружены)",observed_sink,3,False,2,0,880606.0,0.0,2,0,0.0,0,0,7,0.0,0.0,1.0,0.0,0.00039318803670429763,-0.0,0.00020964082125432884,0.0,False,0.314,0.0,0.917,0.697,0.367,0.7833109017496636,False,,False,0.0
100000000041368100,terminal,0.823,6,0.4847,"получил 160 тыс ₸ от 1 плательщ.; исходящих ≥5 тыс ₸ в выборке не наблюдается (колено 1, исходящие выгружены)",observed_sink,1,False,1,0,160000.0,0.0,1,0,0.0,1,2,10,0.0,0.0,1.0,0.0,0.00031760712361923363,-0.0,0.0004611679650745722,0.0,False,0.288,0.333,0.667,0.527,0.367,0.46837146702557203,False,,False,0.0
100000002884708100,terminal,0.619,1,0.4846,"вероятный конечный получатель: 1.2 млн ₸ от 1; 4 колено, исходящие не собраны, P(пересылает)=0.33",likely_sink_truncated,4,False,1,0,1171644.0,0.0,2,0,0.0,0,0,8,0.3285930278142829,0.0,1.0,0.0,0.0005625754563953251,-0.0,-8.219588139064011e-19,0.0,True,0.217,0.0,0.938,0.863,0.367,0.8200986989681471,False,,False,0.0
100000002679516100,terminal,0.917,11,0.4846,"получил 102 тыс ₸ от 3 плательщ.; исходящих ≥5 тыс ₸ в выборке не наблюдается (колено 1, исходящие выгружены)",observed_sink,1,False,3,0,102335.0,0.0,3,0,0.0,1,2,10,0.0,0.0,1.0,0.0,0.0003268254970708488,-0.0,0.00015523711606143796,0.0,False,0.321,0.333,0.589,0.566,0.367,0.6312247644683715,False,,False,0.0
100000002793881100,terminal,0.947,1,0.4837,"получил 786 тыс ₸ от 3 плательщ.; исходящих ≥5 тыс ₸ в выборке не наблюдается (колено 3, исходящие выгружены)",observed_sink,3,False,3,0,785600.0,0.0,3,0,0.0,0,0,9,0.0,0.0,3.0,0.0,0.0003750831470797373,-0.0,5.277513813512636e-06,0.0,False,0.331,0.0,0.906,0.672,0.367,0.9573799910273665,False,,False,0.0
100000004979498100,peripheral,0.7,39,0.4832,"слабые связи: 1 вход / 1 выход, 700 тыс ₸ → 200 тыс ₸, без устойчивого паттерна",,2,False,1,1,700000.0,200000.0,2,1,0.2857142857142857,0,1,1,1.0,1.0,1.0,1.0,0.001318982766627467,7.185352485008756e-20,-1.3712707395549315e-21,0.0,False,0.035,0.167,0.919,0.967,0.367,0.8882907133243607,False,,False,0.0
100000003289405100,terminal,0.835,10,0.4831,"получил 355 тыс ₸ от 1 плательщ.; исходящих ≥5 тыс ₸ в выборке не наблюдается (колено 2, исходящие выгружены)",observed_sink,2,False,1,0,355000.0,0.0,1,0,0.0,0,1,1,0.0,0.0,1.0,0.0,0.0003390046672361447,-0.0,6.211858333423018e-05,0.0,False,0.292,0.167,0.806,0.602,0.367,0.6841633019291162,False,,False,0.0
100000004140487100,distributor,0.639,0,0.4826,"веерная рассылка: 10 получателям, 19 переводов на 263 тыс ₸",,3,False,1,10,24510.0,262600.0,1,19,10.713994288045695,0,0,7,1.0,0.29588728103579587,1.0,35.0,0.0002894271448597533,0.0027251207623059963,0.00023334462577838898,0.00032537043857319123,False,0.479,0.0,0.771,0.149,0.968,0.9685957828622701,False,,False,0.0
100000003220685100,terminal,0.648,5,0.4823,"вероятный конечный получатель: 1.3 млн ₸ от 1; 4 колено, исходящие не собраны, P(пересылает)=0.25",likely_sink_truncated,4,False,1,0,1306000.0,0.0,2,0,0.0,0,0,7,0.2548900411649258,0.0,1.0,0.0,0.0005375987236644594,-0.0,-1.0783155986351035e-18,0.0,True,0.227,0.0,0.942,0.825,0.367,0.8497083894122925,False,,False,0.0
100000001166289100,peripheral,0.7,4,0.4823,"слабые связи: 2 вход / 1 выход, 721 тыс ₸ → 25 тыс ₸, без устойчивого паттерна",,2,False,2,1,721039.0,25000.0,10,1,0.0346721883282319,0,1,1,1.0,1.0,1.0,1.0,0.0020021280906723808,-3.051631029482604e-19,-3.0990073820920305e-19,0.0,False,0.035,0.167,0.9,0.987,0.367,0.8550919694930462,False,,False,0.2
100000007129492100,peripheral,0.7,6,0.4822,"слабые связи: 2 вход / 1 выход, 51 тыс ₸ → 37 тыс ₸, без устойчивого паттерна",,1,False,2,1,50990.0,37000.0,2,1,0.725632476956266,2,4,11,1.0,1.0,1.0,0.0,0.0002945171129254449,-1.993234083285746e-19,0.0005839675713304621,2.5164650126160102e-05,False,0.035,0.667,0.545,0.292,0.869,0.8129205921938089,False,,False,0.0
100000002087788100,terminal,0.817,5,0.4821,"получил 100 тыс ₸ от 1 плательщ.; исходящих ≥5 тыс ₸ в выборке не наблюдается (колено 2, исходящие выгружены)",observed_sink,2,False,1,0,100500.0,0.0,1,0,0.0,0,1,7,0.0,0.0,1.0,0.0,0.0006585724738436659,-0.0,-1.0504282886599705e-18,0.0,False,0.286,0.167,0.586,0.903,0.367,0.379766711529834,False,,False,0.0
100000003321423100,terminal,0.817,29,0.4811,"получил 100 тыс ₸ от 1 плательщ.; исходящих ≥5 тыс ₸ в выборке не наблюдается (колено 2, исходящие выгружены)",observed_sink,2,False,1,0,100000.0,0.0,2,0,0.0,0,1,8,0.0,0.0,1.0,0.0,0.0006711029646605598,-0.0,1.7924021490958713e-19,0.0,False,0.286,0.167,0.58,0.905,0.367,0.2732166890982503,False,,False,0.0
100000004732589100,terminal,0.829,9,0.4811,"получил 228 тыс ₸ от 1 плательщ.; исходящих ≥5 тыс ₸ в выборке не наблюдается (колено 2, исходящие выгружены)",observed_sink,2,False,1,0,227520.0,0.0,1,0,0.0,0,1,1,0.0,0.0,1.0,0.0,0.00039397292658312265,-0.0,2.3228134124635814e-05,0.0,False,0.29,0.167,0.73,0.697,0.367,0.5877074921489457,False,,False,0.0
100000007593823100,distributor,0.668,0,0.481,"веерная рассылка: 13 получателям, 21 переводов на 163 тыс ₸",,3,False,3,13,25000.0,162900.0,3,21,6.516,0,0,7,1.0,0.40085942295887045,1.0,50.0,0.00029059209456347635,0.0014877923405593949,0.004303149176099721,0.0006813203182041415,False,0.501,0.0,0.695,0.191,0.979,0.9928218932256617,True,число циклов выше среднего своего колена на 6.6 σ,False,0.3333333333333333
100000002748532100,peripheral,0.7,1,0.4806,"слабые связи: 3 вход / 2 выход, 356 тыс ₸ → 647 тыс ₸, без устойчивого паттерна",,2,False,3,2,355575.0,646685.0,3,7,1.8187021022287844,0,1,9,1.0,0.0,1.0,0.0,0.00033910551994433967,8.503611384582288e-07,2.5270982728503063e-05,3.110905566777272e-05,False,0.035,0.167,0.928,0.603,0.872,0.7155675190668461,False,,False,0.0
100000008137435100,peripheral,0.7,20,0.4806,"слабые связи: 2 вход / 6 выход, 94 тыс ₸ → 1.4 млн ₸, без устойчивого паттерна",,1,False,2,6,93906.0,1419700.0,2,7,15.118309799160864,1,1,7,1.0,0.29442840036627455,2.0,14.0,0.00031427797773225964,0.004931742069564188,0.00279449731151759,0.00029840915818895366,False,0.035,0.167,0.953,0.508,0.964,0.9582772543741588,False,,False,0.0
100000005547096100,peripheral,0.7,37,0.4803,"слабые связи: 1 вход / 2 выход, 8 тыс ₸ → 226 тыс ₸, без устойчивого паттерна",,2,False,1,2,8000.0,226300.0,1,3,28.2875,0,1,1,1.0,0.0,1.0,1.0,0.0008920567423173877,-4.960613370666251e-19,2.109209816808631e-19,3.962937027741748e-07,False,0.035,0.167,0.737,0.943,0.742,0.7294751009421265,False,,False,1.0
100000002559089100,terminal,0.895,1,0.4797,"получил 715 тыс ₸ от 2 плательщ.; исходящих ≥5 тыс ₸ в выборке не наблюдается (колено 3, исходящие выгружены)",observed_sink,3,False,2,0,715000.0,0.0,2,0,0.0,0,0,9,0.0,0.0,2.0,0.0,0.00039242595373201167,-0.0,2.803919166264607e-06,0.0,False,0.313,0.0,0.898,0.696,0.367,0.8681022880215343,False,,False,0.0
100000003158727100,terminal,0.936,1,0.4795,"получил 368 тыс ₸ от 3 плательщ.; исходящих ≥5 тыс ₸ в выборке не наблюдается (колено 1, исходящие выгружены)",observed_sink,1,False,3,0,367940.0,0.0,3,0,0.0,1,1,9,0.0,0.0,2.0,0.0,0.0003141291273527455,-0.0,7.583777668911219e-06,0.0,False,0.328,0.167,0.81,0.506,0.367,0.8102288021534321,False,,False,0.0
100000004527381100,peripheral,0.7,2,0.479,"слабые связи: 1 вход / 1 выход, 119 тыс ₸ → 274 тыс ₸, без устойчивого паттерна",,2,False,1,1,119333.17,273866.11,1,1,2.2949705433954364,0,1,7,1.0,1.0,1.0,3.0,0.00037549896425589674,3.2941860984099757e-06,-8.347479925877553e-21,0.0003213941929498557,False,0.035,0.167,0.821,0.673,0.968,0.8335576491700314,False,,False,0.0
100000003031890100,terminal,0.828,21,0.4786,"получил 215 тыс ₸ от 1 плательщ.; исходящих ≥5 тыс ₸ в выборке не наблюдается (колено 2, исходящие выгружены)",observed_sink,2,False,1,0,215000.0,0.0,10,0,0.0,0,1,1,0.0,0.0,1.0,0.0,0.00039212223001592727,-0.0,1.6175436826327147e-18,0.0,False,0.29,0.167,0.721,0.694,0.367,0.49573799910273664,False,,False,0.1
100000008758168100,peripheral,0.7,1,0.4785,"слабые связи: 2 вход / 5 выход, 75 тыс ₸ → 1.5 млн ₸, без устойчивого паттерна",,2,False,2,5,75410.0,1533600.0,2,5,20.33682535472749,0,1,9,1.0,0.28729786124152323,1.0,0.0,0.00031836725127907677,4.488393544426662e-06,1.333190399743097e-06,5.6020009578558015e-05,False,0.035,0.167,0.958,0.531,0.903,0.6783310901749664,False,,False,0.0
100000002433697100,transit,0.885,5,0.4784,"транзит: получил 130 тыс ₸, отдал 85%, 100% ушло в течение 2 дн. после прихода",,3,False,1,1,130000.0,110000.0,1,1,0.8461538461538461,0,0,7,1.0,1.0,1.0,0.0,0.000289782486846921,2.9863042860380946e-19,0.002940174080170154,1.922024458454748e-05,False,0.531,0.0,0.743,0.164,0.81,0.8093315388066398,False,,False,0.0
100000002371751100,peripheral,0.7,43,0.4782,"слабые связи: 1 вход / 1 выход, 200 тыс ₸ → 250 тыс ₸, без устойчивого паттерна",,1,False,1,1,200000.0,250000.0,5,1,1.25,1,1,1,1.0,1.0,1.0,0.0,0.0005285862410602071,-4.688374068469717e-21,7.57730433155282e-19,1.981468513870874e-07,False,0.035,0.167,0.844,0.791,0.736,0.8205473306415433,False,,False,0.0
100000004398811100,peripheral,0.7,10,0.4779,"слабые связи: 1 вход / 3 выход, 426 тыс ₸ → 1.0 млн ₸, без устойчивого паттерна",,2,False,1,3,426000.0,1040672.0,1,4,2.4428920187793426,0,1,1,1.0,0.39493711755481076,1.0,0.0,0.0003496917418399157,0.00020283123402591865,6.211858333423018e-05,1.4861013854031556e-06,False,0.035,0.167,0.952,0.626,0.766,0.8425302826379543,False,,False,0.0
100000001690558100,terminal,0.846,19,0.4779,"получил 740 тыс ₸ от 1 плательщ.; исходящих ≥5 тыс ₸ в выборке не наблюдается (колено 3, исходящие выгружены)",observed_sink,3,False,1,0,740000.0,0.0,1,0,0.0,0,0,7,0.0,0.0,1.0,0.0,0.0004121206393043224,-0.0,8.448073393743623e-05,0.0,False,0.296,0.0,0.9,0.717,0.367,0.7097353073126963,False,,False,0.0
100000001330595100,peripheral,0.7,21,0.4777,"слабые связи: 3 вход / 1 выход, 87 тыс ₸ → 154 тыс ₸, без устойчивого паттерна",,2,False,3,1,87000.0,154000.0,6,1,1.7701149425287357,0,1,1,1.0,0.0,2.0,0.0,0.0006755694259219595,2.0958981973115966e-19,3.019265060201024e-18,1.1888811083225246e-06,False,0.035,0.167,0.744,0.906,0.76,0.8317631224764468,False,,False,0.16666666666666666
100000003213473100,distributor,0.649,0,0.4772,"веерная рассылка: 11 получателям, 12 переводов на 240 тыс ₸",,3,False,1,11,57500.0,240000.0,2,12,4.173913043478261,0,0,7,1.0,0.1875,1.0,34.0,0.00028880769232283906,0.0016894765792935234,0.0029057816552165005,0.00010972673620999486,False,0.487,0.0,0.776,0.119,0.935,0.968147151188874,False,,False,0.5
100000002964966100,terminal,0.827,16,0.4772,"получил 200 тыс ₸ от 1 плательщ.; исходящих ≥5 тыс ₸ в выборке не наблюдается (колено 2, исходящие выгружены)",observed_sink,2,False,1,0,200000.0,0.0,1,0,0.0,0,1,8,0.0,0.0,1.0,0.0,0.00039541593494282724,-0.0,2.2343493947030172e-18,0.0,False,0.289,0.167,0.711,0.701,0.367,0.5574248541947061,False,,False,0.0
100000002472632100,peripheral,0.7,22,0.4766,"слабые связи: 2 вход / 1 выход, 502 тыс ₸ → 20 тыс ₸, без устойчивого паттерна",,3,False,2,1,502400.0,20000.0,3,1,0.03980891719745223,0,0,7,1.0,0.0,1.0,0.0,0.000985619333290865,2.6621867985525345e-19,2.5213388721232982e-06,2.0012831990095827e-05,False,0.035,0.0,0.871,0.951,0.846,0.696276357110812,False,,False,0.0
100000002826669100,terminal,0.823,3,0.4765,"получил 160 тыс ₸ от 1 плательщ.; исходящих ≥5 тыс ₸ в выборке не наблюдается (колено 2, исходящие выгружены)",observed_sink,2,False,1,0,159900.0,0.0,4,0,0.0,0,1,7,0.0,0.0,1.0,0.0,0.0004762394546257387,-0.0,3.537647196486651e-05,0.0,False,0.288,0.167,0.666,0.759,0.367,0.35486765365634815,False,,False,0.25
100000008172352100,peripheral,0.7,16,0.4763,"слабые связи: 3 вход / 7 выход, 90 тыс ₸ → 290 тыс ₸, без устойчивого паттерна",,1,False,3,7,90265.0,289510.0,3,8,3.207333961114496,1,1,8,1.0,0.7666747262616145,2.0,0.0,0.00037526567278554305,-6.534358735961495e-19,0.00012101161498524887,0.00018673359274719116,False,0.035,0.167,0.816,0.672,0.955,0.9416778824585016,False,,False,0.0
100000002936322100,terminal,0.897,10,0.4756,"получил 787 тыс ₸ от 2 плательщ.; исходящих ≥5 тыс ₸ в выборке не наблюдается (колено 3, исходящие выгружены)",observed_sink,3,False,2,0,787133.0,0.0,2,0,0.0,0,0,7,0.0,0.0,1.0,0.0,0.00036638128696323056,-0.0,0.0016837722416694996,0.0,False,0.314,0.0,0.907,0.659,0.367,0.7649170031404217,False,,False,0.0
100000002963189100,peripheral,0.7,8,0.4753,"слабые связи: 1 вход / 7 выход, 490 тыс ₸ → 5.2 млн ₸, без устойчивого паттерна",,3,False,1,7,490000.0,5219000.0,3,15,10.651020408163266,0,0,7,1.0,0.0,1.0,1.0,0.0004240685983737267,3.1769064467872137e-06,2.441379038303138e-05,8.540784150822377e-05,False,0.035,0.0,0.996,0.723,0.927,0.9174517720951099,False,,False,0.0
100000004756901100,terminal,0.823,10,0.4746,"получил 153 тыс ₸ от 1 плательщ.; исходящих ≥5 тыс ₸ в выборке не наблюдается (колено 2, исходящие выгружены)",observed_sink,2,False,1,0,153248.0,0.0,1,0,0.0,0,2,7,0.0,0.0,1.0,0.0,0.0003109522914570356,-0.0,4.040756032115181e-06,0.0,False,0.288,0.333,0.659,0.48,0.367,0.4688200986989681,False,,False,0.0
100000008752616100,peripheral,0.7,1,0.4745,"слабые связи: 2 вход / 7 выход, 65 тыс ₸ → 1.3 млн ₸, без устойчивого паттерна",,2,False,2,7,64510.0,1265000.0,2,7,19.6093628894745,0,1,9,1.0,1.0,1.0,0.0,0.00031306069757078097,4.859721138652932e-06,1.3473242142711494e-06,0.00013875981919617183,False,0.035,0.167,0.944,0.497,0.947,0.8241363840287125,False,,False,0.0
100000003131016100,peripheral,0.7,3,0.4744,"слабые связи: 1 вход / 1 выход, 406 тыс ₸ → 126 тыс ₸, без устойчивого паттерна",,2,False,1,1,405700.0,126000.0,7,4,0.31057431599704216,0,1,7,1.0,0.3253968253968254,1.0,1.0,0.0016774572234080564,0.0033463293459575416,-5.52921314344666e-19,0.0,False,0.035,0.167,0.873,0.978,0.367,0.6630776132794975,False,,False,0.14285714285714285
100000002670860100,terminal,0.888,9,0.4744,"получил 450 тыс ₸ от 2 плательщ.; исходящих ≥5 тыс ₸ в выборке не наблюдается (колено 1, исходящие выгружены)",observed_sink,1,False,2,0,450000.0,0.0,2,0,0.0,1,1,3,0.0,0.0,1.0,0.0,0.00030894570400308004,-0.0,4.720828643395536e-06,0.0,False,0.311,0.167,0.844,0.464,0.367,0.670704351727232,False,,False,0.0
100000005844459100,terminal,0.88,3,0.4739,"получил 243 тыс ₸ от 2 плательщ.; исходящих ≥5 тыс ₸ в выборке не наблюдается (колено 1, исходящие выгружены)",observed_sink,1,False,2,0,243400.0,0.0,2,0,0.0,1,1,7,0.0,0.0,1.0,0.0,0.0003380825577474265,-0.0,0.0032895890599809767,0.0,False,0.308,0.167,0.746,0.598,0.367,0.531628532974428,False,,False,0.0
100000004424023100,peripheral,0.7,12,0.4738,"слабые связи: 1 вход / 1 выход, 50 тыс ₸ → 100 тыс ₸, без устойчивого паттерна",,2,False,1,1,50000.0,100000.0,1,1,2.0,0,1,9,1.0,0.0,1.0,0.0,0.000971714391152958,7.070757763235206e-19,7.374151933013424e-19,2.0409125692870002e-05,False,0.035,0.167,0.65,0.949,0.849,0.4901301031852849,False,,False,0.0
100000002983879100,terminal,0.877,0,0.4738,"получил 200 тыс ₸ от 2 плательщ.; исходящих ≥5 тыс ₸ в выборке не наблюдается (колено 2, исходящие выгружены)",observed_sink,2,False,2,0,200050.0,0.0,2,0,0.0,0,1,9,0.0,0.0,1.0,0.0,0.0003580797764870854,-0.0,0.003082941377114941,0.0,False,0.307,0.167,0.714,0.642,0.367,0.5495737999102737,False,,False,0.0
100000008628231100,peripheral,0.7,6,0.4737,"слабые связи: 1 вход / 2 выход, 50 тыс ₸ → 628 тыс ₸, без устойчивого паттерна",,1,False,1,2,50000.0,627870.0,1,19,12.5574,1,2,10,1.0,0.03503910045073025,1.0,0.0,0.0002955811159053975,1.5307357911218898e-19,0.0004611679650745722,4.755524433290098e-05,False,0.035,0.333,0.895,0.312,0.899,0.6576940331987439,False,,False,0.0
100000001669260100,terminal,0.662,10,0.4725,"вероятный конечный получатель: 500 тыс ₸ от 1; 4 колено, исходящие не собраны, P(пересылает)=0.22",likely_sink_truncated,4,False,1,0,500000.0,0.0,1,0,0.0,0,0,1,0.2196511796321796,0.0,1.0,0.0,0.0005601153780204297,-0.0,-1.5127998040002814e-20,0.0,True,0.232,0.0,0.864,0.862,0.367,0.7211754149842979,False,,False,0.0
100000008418934100,terminal,0.835,1,0.4725,"получил 360 тыс ₸ от 1 плательщ.; исходящих ≥5 тыс ₸ в выборке не наблюдается (колено 2, исходящие выгружены)",observed_sink,2,False,1,0,360000.0,0.0,1,0,0.0,0,1,1,0.0,0.0,1.0,0.0,0.00031944516765308024,-0.0,5.012796367303085e-07,0.0,False,0.292,0.167,0.808,0.539,0.367,0.6859578286227007,False,,False,0.0
100000007283257100,terminal,0.826,44,0.4724,"получил 192 тыс ₸ от 1 плательщ.; исходящих ≥5 тыс ₸ в выборке не наблюдается (колено 1, исходящие выгружены)",observed_sink,1,False,1,0,192000.0,0.0,7,0,0.0,1,1,1,0.0,0.0,1.0,0.0,0.0003890688456836091,-0.0,2.9213628294450705e-19,0.0,False,0.289,0.167,0.7,0.688,0.367,0.3997308209959623,False,,False,0.0
100000008625905100,peripheral,0.7,2,0.4718,"слабые связи: 1 вход / 2 выход, 198 тыс ₸ → 635 тыс ₸, без устойчивого паттерна",,3,False,1,2,197800.0,635000.0,1,2,3.210313447927199,0,0,7,1.0,0.0,1.0,0.0,0.0005453128171044582,-3.862434608648499e-19,-6.201308104770766e-19,3.962937027741748e-05,False,0.035,0.0,0.913,0.838,0.89,0.6680125616868551,False,,False,0.0
100000004041163100,peripheral,0.7,2,0.4717,seed: отправил 866 тыс ₸ 2 получателям; для консолидации/рассылки мало связей,,0,True,1,2,50000.0,866000.0,1,6,17.32,1,6,14,1.0,0.05542725173210162,1.0,1.0,0.002084748055672515,4.6424055325484297e-07,3.5496988238507627e-19,2.3381328463676314e-05,False,0.035,1.0,0.922,0.988,0.864,0.6908927770300584,False,,False,0.0
100000003557488100,peripheral,0.7,26,0.4712,"слабые связи: 1 вход / 2 выход, 665 тыс ₸ → 138 тыс ₸, без устойчивого паттерна",,3,False,1,2,664992.0,138000.0,3,4,0.20752129348924497,0,0,7,1.0,0.855072463768116,1.0,1.0,0.0005809718147261454,1.9563347671900357e-20,4.7473559650463285e-05,1.981468513870874e-05,False,0.035,0.0,0.908,0.873,0.842,0.8842530282637954,False,,False,0.0
100000003205210100,terminal,0.821,6,0.4712,"получил 138 тыс ₸ от 1 плательщ.; исходящих ≥5 тыс ₸ в выборке не наблюдается (колено 1, исходящие выгружены)",observed_sink,1,False,1,0,137563.0,0.0,1,0,0.0,1,2,10,0.0,0.0,1.0,0.0,0.00031311441875491234,-0.0,0.0004611679650745722,0.0,False,0.287,0.333,0.632,0.497,0.367,0.41094661283086587,False,,False,0.0
100000008427027100,terminal,0.833,6,0.4711,"получил 300 тыс ₸ от 1 плательщ.; исходящих ≥5 тыс ₸ в выборке не наблюдается (колено 3, исходящие выгружены)",observed_sink,3,False,1,0,300000.0,0.0,1,0,0.0,0,0,10,0.0,0.0,1.0,0.0,0.0005512640793595224,-0.0,3.7169169964332173e-06,0.0,False,0.292,0.0,0.778,0.849,0.367,0.38313144908030505,False,,False,0.0
100000002459093100,peripheral,0.7,12,0.4705,"слабые связи: 1 вход / 1 выход, 500 тыс ₸ → 55 тыс ₸, без устойчивого паттерна",,2,False,1,1,500000.0,55000.0,2,3,0.11,0,1,1,1.0,0.0,1.0,0.0,0.0003892499869806256,5.2664186051043925e-21,4.2828278418604587e-07,1.1888811083225246e-06,False,0.035,0.167,0.877,0.688,0.76,0.6837146702557201,False,,False,0.0
100000007330432100,terminal,0.663,2,0.4704,"вероятный конечный получатель: 585 тыс ₸ от 1; 4 колено, исходящие не собраны, P(пересылает)=0.22",likely_sink_truncated,4,False,1,0,584900.0,0.0,1,0,0.0,0,0,7,0.21717458723855435,0.0,1.0,0.0,0.0005381759930674287,-0.0,2.0650450096489465e-08,0.0,True,0.232,0.0,0.882,0.827,0.367,0.7644683714670256,False,,False,0.0
100000002864256100,terminal,0.821,6,0.4702,"получил 136 тыс ₸ от 1 плательщ.; исходящих ≥5 тыс ₸ в выборке не наблюдается (колено 1, исходящие выгружены)",observed_sink,1,False,1,0,135780.0,0.0,1,0,0.0,1,2,10,0.0,0.0,1.0,0.0,0.00031275739719351445,-0.0,0.0004611679650745722,0.0,False,0.287,0.333,0.631,0.494,0.367,0.4060116644235083,False,,False,0.0
100000003071930100,peripheral,0.7,13,0.4701,"слабые связи: 3 вход / 1 выход, 478 тыс ₸ → 5 тыс ₸, без устойчивого паттерна",,1,False,3,1,477610.0,5000.0,4,1,0.010468792529469651,1,1,8,1.0,1.0,1.0,0.0,0.0003483674806474168,8.094659438929015e-21,0.00014631330484213222,4.279971989961088e-05,False,0.035,0.167,0.855,0.624,0.897,0.8802153432032301,False,,False,0.0
100000002973903100,terminal,0.916,11,0.4701,"получил 93 тыс ₸ от 3 плательщ.; исходящих ≥5 тыс ₸ в выборке не наблюдается (колено 1, исходящие выгружены)",observed_sink,1,False,3,0,92880.0,0.0,3,0,0.0,1,2,8,0.0,0.0,1.0,0.0,0.00031686903979445224,-0.0,0.00015492745254173856,0.0,False,0.321,0.333,0.559,0.523,0.367,0.6366083445491252,False,,False,0.0
100000007334196100,terminal,0.823,6,0.4701,"получил 150 тыс ₸ от 1 плательщ.; исходящих ≥5 тыс ₸ в выборке не наблюдается (колено 1, исходящие выгружены)",observed_sink,1,False,1,0,150002.0,0.0,1,0,0.0,1,2,8,0.0,0.0,1.0,0.0,0.0003083201238991245,-0.0,0.00012279960625588972,0.0,False,0.288,0.333,0.653,0.461,0.367,0.44235082996859576,False,,False,0.0
100000006443391100,peripheral,0.7,13,0.4698,"слабые связи: 3 вход / 2 выход, 87 тыс ₸ → 60 тыс ₸, без устойчивого паттерна",,1,False,3,2,86775.93,60041.71000000001,7,6,0.6919166409394865,1,1,1,1.0,0.8944885147341739,1.0,2.0,0.0024195077535015346,-7.247301138285726e-20,2.3115980147422604e-05,1.1888811083225246e-06,False,0.035,0.167,0.645,0.993,0.76,0.8918797667115298,False,,False,0.42857142857142855
100000005474472100,terminal,0.817,11,0.4694,"получил 100 тыс ₸ от 1 плательщ.; исходящих ≥5 тыс ₸ в выборке не наблюдается (колено 2, исходящие выгружены)",observed_sink,2,False,1,0,100000.0,0.0,1,0,0.0,0,1,1,0.0,0.0,1.0,0.0,0.0005449540086863319,-0.0,1.630926740829596e-19,0.0,False,0.286,0.167,0.58,0.838,0.367,0.379766711529834,False,,False,0.0
100000002255058100,terminal,0.84,10,0.4693,"получил 492 тыс ₸ от 1 плательщ.; исходящих ≥5 тыс ₸ в выборке не наблюдается (колено 3, исходящие выгружены)",observed_sink,3,False,1,0,491500.0,0.0,2,0,0.0,0,0,1,0.0,0.0,1.0,0.0,0.00042612867221805017,-0.0,3.7799502474308876e-06,0.0,False,0.294,0.0,0.859,0.726,0.367,0.44324809331538806,False,,False,0.5
100000005456919100,peripheral,0.7,32,0.4691,"слабые связи: 2 вход / 1 выход, 480 тыс ₸ → 5 тыс ₸, без устойчивого паттерна",,1,False,2,1,479950.0,5000.0,10,1,0.010417751849150954,1,1,1,1.0,1.0,2.0,4.0,0.0013700274780428564,-7.705236477057084e-19,-2.7102781303989435e-19,0.0,False,0.035,0.167,0.856,0.97,0.367,0.9439210408254822,False,,False,0.0
100000002799941100,terminal,0.843,19,0.4689,"получил 600 тыс ₸ от 1 плательщ.; исходящих ≥5 тыс ₸ в выборке не наблюдается (колено 3, исходящие выгружены)",observed_sink,3,False,1,0,600000.0,0.0,1,0,0.0,0,0,7,0.0,0.0,1.0,0.0,0.0003881784929365055,-0.0,8.448073393743623e-05,0.0,False,0.295,0.0,0.885,0.687,0.367,0.6700314042171377,False,,False,0.0
100000001782980100,peripheral,0.7,24,0.4688,"слабые связи: 1 вход / 1 выход, 50 тыс ₸ → 596 тыс ₸, без устойчивого паттерна",,2,False,1,1,50000.0,596200.0,1,3,11.924,0,1,1,1.0,0.0,1.0,0.0,0.00037028315078489494,-1.2699265661381862e-20,-6.055156016930428e-20,5.944405541612623e-07,False,0.035,0.167,0.893,0.665,0.748,0.5477792732166891,False,,False,0.0
100000005664632100,terminal,0.827,6,0.4683,"получил 199 тыс ₸ от 1 плательщ.; исходящих ≥5 тыс ₸ в выборке не наблюдается (колено 2, исходящие выгружены)",observed_sink,2,False,1,0,198620.0,0.0,18,0,0.0,0,1,10,0.0,0.0,1.0,0.0,0.0003651420399228022,-0.0,1.7982189938361276e-19,0.0,False,0.289,0.167,0.706,0.657,0.367,0.5643786451323464,False,,False,0.4444444444444444
100000008751429100,peripheral,0.7,32,0.4681,"слабые связи: 3 вход / 1 выход, 386 тыс ₸ → 73 тыс ₸, без устойчивого паттерна",,1,False,3,1,386200.0,72600.0,6,2,0.1879854997410668,1,1,1,1.0,1.0,2.0,6.0,0.0015043129924041077,1.9249946688919086e-19,-1.2496474653257395e-18,0.0,False,0.035,0.167,0.848,0.974,0.367,0.9510991475998205,False,,False,0.0
100000003616818100,peripheral,0.7,21,0.4681,"слабые связи: 3 вход / 3 выход, 78 тыс ₸ → 240 тыс ₸, без устойчивого паттерна",,1,False,3,3,78000.0,240100.0,4,8,3.0782051282051284,1,1,1,1.0,0.0,1.0,14.0,0.0005130034108689012,1.77129286382979e-18,2.1717351906634996e-18,1.981468513870874e-06,False,0.035,0.167,0.788,0.783,0.773,0.9138627187079408,False,,False,0.0
100000002911170100,terminal,0.833,25,0.4681,"получил 300 тыс ₸ от 1 плательщ.; исходящих ≥5 тыс ₸ в выборке не наблюдается (колено 2, исходящие выгружены)",observed_sink,2,False,1,0,300000.0,0.0,2,0,0.0,0,1,7,0.0,0.0,1.0,0.0,0.00032304938435235924,-0.0,3.87668795219064e-07,0.0,False,0.292,0.167,0.778,0.554,0.367,0.5181695827725438,False,,False,0.0
100000003001661100,peripheral,0.7,17,0.4677,"слабые связи: 1 вход / 5 выход, 110 тыс ₸ → 440 тыс ₸, без устойчивого паттерна",,3,False,1,5,110000.0,439500.0,1,8,3.9954545454545456,0,0,7,1.0,0.0,1.0,1.0,0.0005464870342921854,1.6305487954344123e-09,-1.553733068954935e-19,8.322167758257671e-05,False,0.035,0.0,0.875,0.841,0.926,0.8209959623149394,False,,False,0.0
100000005527892100,peripheral,0.7,1,0.4676,"слабые связи: 3 вход / 8 выход, 220 тыс ₸ → 552 тыс ₸, без устойчивого паттерна",,1,False,3,8,220001.0,552419.0,3,8,2.510984040981632,1,1,8,1.0,0.6232949989048168,1.0,0.0,0.00031243167214621,3.06088023639086e-06,0.0030873352842451735,0.0004955713375099349,False,0.035,0.167,0.904,0.492,0.974,0.8950201884253028,False,,False,0.0
100000005042822100,terminal,0.667,26,0.4675,"вероятный конечный получатель: 1.0 млн ₸ от 1; 4 колено, исходящие не собраны, P(пересылает)=0.21",likely_sink_truncated,4,False,1,0,1000000.0,0.0,1,0,0.0,0,0,7,0.20692079343236425,0.0,1.0,0.0,0.00045261173566138175,-0.0,5.537799683278981e-19,0.0,True,0.233,0.0,0.927,0.746,0.367,0.8463436518618215,False,,False,0.0
100000003831324100,terminal,0.883,13,0.4674,"получил 300 тыс ₸ от 2 плательщ.; исходящих ≥5 тыс ₸ в выборке не наблюдается (колено 1, исходящие выгружены)",observed_sink,1,False,2,0,300000.0,0.0,2,0,0.0,1,1,9,0.0,0.0,1.0,0.0,0.00031519260326985616,-0.0,4.672374915290947e-06,0.0,False,0.309,0.167,0.778,0.515,0.367,0.5670704351727232,False,,False,0.0
100000000941942100,terminal,0.82,6,0.4674,"получил 130 тыс ₸ от 1 плательщ.; исходящих ≥5 тыс ₸ в выборке не наблюдается (колено 1, исходящие выгружены)",observed_sink,1,False,1,0,130000.0,0.0,1,0,0.0,1,2,10,0.0,0.0,1.0,0.0,0.0003116000306063692,-0.0,0.0004611679650745722,0.0,False,0.287,0.333,0.626,0.485,0.367,0.40511440107671604,False,,False,0.0
100000002193259100,peripheral,0.7,11,0.4671,"слабые связи: 2 вход / 3 выход, 48 тыс ₸ → 58 тыс ₸, без устойчивого паттерна",,2,False,2,3,48000.0,58000.0,2,3,1.2083333333333333,0,1,8,1.0,0.6896551724137931,1.0,2.0,0.0008908421386694397,5.501382857356533e-05,-3.888594482528689e-19,6.43977267008034e-05,False,0.035,0.167,0.594,0.942,0.915,0.7653656348138178,False,,False,0.5
100000001875239100,terminal,0.945,1,0.4669,"получил 712 тыс ₸ от 3 плательщ.; исходящих ≥5 тыс ₸ в выборке не наблюдается (колено 3, исходящие выгружены)",observed_sink,3,False,3,0,712000.0,0.0,3,0,0.0,0,0,9,0.0,0.0,3.0,0.0,0.000333978630576876,-0.0,5.44820519161268e-06,0.0,False,0.331,0.0,0.898,0.587,0.367,0.9560340960071781,False,,False,0.0
100000008517061100,terminal,0.631,8,0.4668,"вероятный конечный получатель: 1.8 млн ₸ от 1; 4 колено, исходящие не собраны, P(пересылает)=0.30",likely_sink_truncated,4,False,1,0,1844000.0,0.0,4,0,0.0,0,0,7,0.29830167090422893,0.0,1.0,0.0,0.0004130567179862461,-0.0,5.9204630721959984e-08,0.0,True,0.221,0.0,0.964,0.718,0.367,0.841633019291162,False,,False,0.0
100000000993112100,terminal,0.822,16,0.4667,"получил 141 тыс ₸ от 1 плательщ.; исходящих ≥5 тыс ₸ в выборке не наблюдается (колено 2, исходящие выгружены)",observed_sink,2,False,1,0,141000.0,0.0,1,0,0.0,0,1,8,0.0,0.0,1.0,0.0,0.00044111482764995513,-0.0,-2.410514333998708e-19,0.0,False,0.288,0.167,0.638,0.741,0.367,0.4549125168236878,False,,False,0.0
100000002704875100,terminal,0.93,3,0.4657,"получил 245 тыс ₸ от 3 плательщ.; исходящих ≥5 тыс ₸ в выборке не наблюдается (колено 1, исходящие выгружены)",observed_sink,1,False,3,0,244891.0,0.0,4,0,0.0,1,1,7,0.0,0.0,1.0,0.0,0.0003150737954997622,-0.0,0.004839827491626735,0.0,False,0.326,0.167,0.746,0.515,0.367,0.6464782413638402,False,,False,0.0
100000003022835100,terminal,0.82,6,0.465,"получил 125 тыс ₸ от 1 плательщ.; исходящих ≥5 тыс ₸ в выборке не наблюдается (колено 1, исходящие выгружены)",observed_sink,1,False,1,0,125000.0,0.0,1,0,0.0,1,2,10,0.0,0.0,1.0,0.0,0.0003105988484375585,-0.0,0.0004611679650745722,0.0,False,0.287,0.333,0.621,0.478,0.367,0.39928218932256615,False,,False,0.0
100000001184915100,terminal,0.827,2,0.465,"получил 201 тыс ₸ от 1 плательщ.; исходящих ≥5 тыс ₸ в выборке не наблюдается (колено 2, исходящие выгружены)",observed_sink,2,False,1,0,201000.0,0.0,2,0,0.0,0,1,7,0.0,0.0,1.0,0.0,0.0003495156202357229,-0.0,3.567634960949523e-05,0.0,False,0.289,0.167,0.714,0.626,0.367,0.41004934948407357,False,,False,0.0
100000002945626100,terminal,0.942,1,0.4644,"получил 584 тыс ₸ от 3 плательщ.; исходящих ≥5 тыс ₸ в выборке не наблюдается (колено 3, исходящие выгружены)",observed_sink,3,False,3,0,584000.0,0.0,3,0,0.0,0,0,9,0.0,0.0,2.0,0.0,0.00033776443625034406,-0.0,4.852794454353315e-06,0.0,False,0.33,0.0,0.881,0.597,0.367,0.9071332436069987,False,,False,0.0
100000004035925100,terminal,0.618,2,0.464,"вероятный конечный получатель: 1.1 млн ₸ от 1; 4 колено, исходящие не собраны, P(пересылает)=0.33",likely_sink_truncated,4,False,1,0,1111588.0,0.0,2,0,0.0,0,0,7,0.3306586196743851,0.0,1.0,0.0,0.0004624126239356524,-0.0,3.0787436515578e-20,0.0,True,0.216,0.0,0.935,0.75,0.367,0.8034993270524899,False,,False,0.0
100000004186824100,peripheral,0.7,2,0.4639,"слабые связи: 2 вход / 1 выход, 452 тыс ₸ → 7 тыс ₸, без устойчивого паттерна",,1,False,2,1,451700.0,7000.0,7,1,0.015497011290679655,1,1,7,1.0,0.0,1.0,0.0,0.00038192715477473974,0.00012666707989799153,0.00030783810063239695,2.1796153652579613e-06,False,0.035,0.167,0.848,0.679,0.774,0.6083445491251682,False,,False,0.14285714285714285
100000004679953100,peripheral,0.7,0,0.4635,"слабые связи: 3 вход / 3 выход, 344 тыс ₸ → 34 тыс ₸, без устойчивого паттерна",,1,False,3,3,343538.0,34100.0,3,3,0.09926121709970949,1,1,7,1.0,0.624633431085044,2.0,6.0,0.0003342675529915214,0.0002663927813036703,0.006661875080243084,0.0003542158299202328,False,0.035,0.167,0.815,0.589,0.971,0.9407806191117093,False,,False,0.0
100000003104347100,peripheral,0.7,20,0.4632,"слабые связи: 1 вход / 1 выход, 418 тыс ₸ → 32 тыс ₸, без устойчивого паттерна",,2,False,1,1,418000.0,32000.0,1,1,0.07655502392344497,0,1,7,1.0,0.0,1.0,0.0,0.00036431706006781543,3.452592407479045e-19,9.190763811915139e-05,1.922024458454748e-05,False,0.035,0.167,0.844,0.656,0.81,0.7353073126962764,False,,False,0.0
100000004114962100,terminal,0.874,5,0.4629,"получил 165 тыс ₸ от 2 плательщ.; исходящих ≥5 тыс ₸ в выборке не наблюдается (колено 3, исходящие выгружены)",observed_sink,3,False,2,0,165000.0,0.0,2,0,0.0,0,0,7,0.0,0.0,1.0,0.0,0.0007112908662345276,-0.0,0.0029636817988173457,0.0,False,0.306,0.0,0.674,0.913,0.367,0.5966801256168686,False,,False,0.0
100000000375150100,terminal,0.658,28,0.4624,"вероятный конечный получатель: 300 тыс ₸ от 1; 4 колено, исходящие не собраны, P(пересылает)=0.23",likely_sink_truncated,4,False,1,0,300000.0,0.0,1,0,0.0,0,0,10,0.2290074863371649,0.0,1.0,0.0,0.0007463802351751558,-0.0,4.862376797016387e-19,0.0,True,0.23,0.0,0.778,0.921,0.367,0.6229250785105428,False,,False,0.0
100000003834495100,peripheral,0.7,3,0.4621,"слабые связи: 3 вход / 1 выход, 602 тыс ₸ → 20 тыс ₸, без устойчивого паттерна",,3,False,3,1,602441.0,20000.0,5,1,0.0331982716979754,0,0,7,1.0,1.0,2.0,0.0,0.0006208601664329524,0.00048563390393562385,0.0022879940872827208,2.871714010460002e-06,False,0.035,0.0,0.888,0.891,0.777,0.9654553611484971,False,,False,0.0
100000007131370100,transit,0.7,31,0.4621,"транзит: получил 30 тыс ₸, отдал 100%, 0% ушло в течение 2 дн. после прихода",,3,False,1,1,30000.0,30000.0,1,1,1.0,0,0,7,1.0,0.0,1.0,1.0,0.0008999890359090004,1.5429536913846503e-05,-6.878300873229051e-21,0.0,False,0.42,0.0,0.475,0.945,0.367,0.6379542395693136,False,,False,0.0
100000008531133100,peripheral,0.7,2,0.461,"слабые связи: 1 вход / 3 выход, 25 тыс ₸ → 158 тыс ₸, без устойчивого паттерна",,2,False,1,3,25000.0,158271.68,1,3,6.3308672,0,1,7,1.0,0.20074140869674223,1.0,0.0,0.0005327484529006024,0.0009051216563373552,4.654245529803976e-19,2.334830398844513e-05,False,0.035,0.167,0.691,0.811,0.863,0.588604755495738,False,,False,0.0
100000001884825100,terminal,0.94,1,0.4609,"получил 495 тыс ₸ от 3 плательщ.; исходящих ≥5 тыс ₸ в выборке не наблюдается (колено 3, исходящие выгружены)",observed_sink,3,False,3,0,495000.0,0.0,3,0,0.0,0,0,8,0.0,0.0,2.0,0.0,0.0003400964668098235,-0.0,3.5733225661214002e-06,0.0,False,0.329,0.0,0.861,0.605,0.367,0.8990578734858681,False,,False,0.0
100000003122817100,terminal,0.838,23,0.4605,"получил 445 тыс ₸ от 1 плательщ.; исходящих ≥5 тыс ₸ в выборке не наблюдается (колено 3, исходящие выгружены)",observed_sink,3,False,1,0,444680.0,0.0,1,0,0.0,0,0,7,0.0,0.0,1.0,0.0,0.00039708273280823027,-0.0,-7.438797586113939e-19,0.0,False,0.293,0.0,0.84,0.703,0.367,0.5527142216240467,False,,False,0.0
100000004388353100,terminal,0.86,6,0.4603,"получил 63 тыс ₸ от 2 плательщ.; исходящих ≥5 тыс ₸ в выборке не наблюдается (колено 1, исходящие выгружены)",observed_sink,1,False,2,0,62960.0,0.0,2,0,0.0,1,2,8,0.0,0.0,1.0,0.0,0.000340759074079163,-0.0,0.00015190147771061826,0.0,False,0.301,0.333,0.483,0.607,0.367,0.41498429789143115,False,,False,0.0
100000003823811100,peripheral,0.7,18,0.4603,"слабые связи: 1 вход / 3 выход, 30 тыс ₸ → 66 тыс ₸, без устойчивого паттерна",,2,False,1,3,30000.0,66130.0,1,3,2.2043333333333335,0,2,7,1.0,0.0,1.0,0.0,0.0003569753080281222,1.549391543071178e-05,1.8751205368957208e-06,0.00012452339757262028,False,0.035,0.333,0.569,0.64,0.942,0.5307312696276357,False,,False,0.0
100000003042994100,terminal,0.832,2,0.4601,"получил 286 тыс ₸ от 1 плательщ.; исходящих ≥5 тыс ₸ в выборке не наблюдается (колено 1, исходящие выгружены)",observed_sink,1,False,1,0,286086.0,0.0,3,0,0.0,1,1,7,0.0,0.0,1.0,0.0,0.0003163287040785161,-0.0,0.00029524161332082757,0.0,False,0.291,0.167,0.77,0.52,0.367,0.3876177658142665,False,,False,0.0
100000008775471100,terminal,0.842,1,0.4601,"получил 580 тыс ₸ от 1 плательщ.; исходящих ≥5 тыс ₸ в выборке не наблюдается (колено 3, исходящие выгружены)",observed_sink,3,False,1,0,580000.0,0.0,2,0,0.0,0,0,8,0.0,0.0,1.0,0.0,0.0003583758008227347,-0.0,1.2902818407805275e-06,0.0,False,0.295,0.0,0.88,0.643,0.367,0.5217586361597129,False,,False,0.0
100000008708207100,terminal,0.889,1,0.4596,"получил 465 тыс ₸ от 2 плательщ.; исходящих ≥5 тыс ₸ в выборке не наблюдается (колено 3, исходящие выгружены)",observed_sink,3,False,2,0,465000.0,0.0,2,0,0.0,0,0,9,0.0,0.0,2.0,0.0,0.000359786904729812,-0.0,1.366713486787153e-06,0.0,False,0.311,0.0,0.851,0.646,0.367,0.8250336473755047,False,,False,0.0
100000003154105100,peripheral,0.7,10,0.4594,"слабые связи: 1 вход / 7 выход, 60 тыс ₸ → 338 тыс ₸, без устойчивого паттерна",,3,False,1,7,60000.0,338000.0,1,9,5.633333333333334,0,0,7,1.0,0.16272189349112426,1.0,0.0,0.0005506807965745357,-6.272780125430139e-18,-3.590263378676782e-19,0.0001400898239306708,False,0.035,0.0,0.824,0.847,0.948,0.8218932256617317,False,,False,0.0
100000004559194100,terminal,0.832,2,0.4592,"получил 282 тыс ₸ от 1 плательщ.; исходящих ≥5 тыс ₸ в выборке не наблюдается (колено 1, исходящие выгружены)",observed_sink,1,False,1,0,282145.0,0.0,6,0,0.0,1,1,7,0.0,0.0,1.0,0.0,0.00031590497542956757,-0.0,0.00029524161332082757,0.0,False,0.291,0.167,0.768,0.518,0.367,0.4136384028712427,False,,False,0.0
100000008555918100,peripheral,0.7,6,0.4591,"слабые связи: 1 вход / 2 выход, 139 тыс ₸ → 43 тыс ₸, без устойчивого паттерна",,1,False,1,2,139211.0,43300.0,1,2,0.3110386391879952,1,2,10,1.0,0.0,1.0,0.0,0.0003134444083977524,-1.667887580386436e-19,0.0004611679650745722,4.755524433290098e-05,False,0.035,0.333,0.69,0.5,0.899,0.62673844773441,False,,False,0.0
100000000607941100,peripheral,0.7,2,0.459,"слабые связи: 2 вход / 1 выход, 50 тыс ₸ → 70 тыс ₸, без устойчивого паттерна",,2,False,2,1,50000.0,70000.0,3,4,1.4,0,1,7,1.0,0.2857142857142857,1.0,1.0,0.0005785720589504676,-1.0270632318265315e-19,2.6248002570701485e-06,5.7660733753642434e-05,False,0.035,0.167,0.616,0.872,0.906,0.6585912965455362,False,,False,0.3333333333333333
100000002956779100,terminal,0.837,10,0.4588,"получил 411 тыс ₸ от 1 плательщ.; исходящих ≥5 тыс ₸ в выборке не наблюдается (колено 3, исходящие выгружены)",observed_sink,3,False,1,0,411000.0,0.0,1,0,0.0,0,0,1,0.0,0.0,1.0,0.0,0.00040310724815078425,-0.0,3.7799502474308876e-06,0.0,False,0.293,0.0,0.829,0.708,0.367,0.5365634813817856,False,,False,0.0
100000000596954100,peripheral,0.7,6,0.4579,"слабые связи: 1 вход / 2 выход, 120 тыс ₸ → 48 тыс ₸, без устойчивого паттерна",,2,False,1,2,120000.0,48100.0,1,2,0.4008333333333333,0,1,10,1.0,1.0,1.0,0.0,0.0005156144546495886,-3.7253631990471466e-19,4.73613239065315e-19,4.834783173844933e-05,False,0.035,0.167,0.678,0.786,0.901,0.7635711081202333,False,,False,0.0
100000002257794100,terminal,0.823,21,0.4578,"получил 154 тыс ₸ от 1 плательщ.; исходящих ≥5 тыс ₸ в выборке не наблюдается (колено 3, исходящие выгружены)",observed_sink,3,False,1,0,154000.0,0.0,1,0,0.0,0,0,1,0.0,0.0,1.0,0.0,0.0008606341011324336,-0.0,4.92427755254924e-19,0.0,False,0.288,0.0,0.66,0.937,0.367,0.1247196052041274,False,,False,0.0
100000002605184100,terminal,0.822,2,0.4575,"получил 140 тыс ₸ от 1 плательщ.; исходящих ≥5 тыс ₸ в выборке не наблюдается (колено 2, исходящие выгружены)",observed_sink,2,False,1,0,140000.0,0.0,1,0,0.0,0,1,7,0.0,0.0,1.0,0.0,0.00039107352079071413,-0.0,-8.347479925877553e-21,0.0,False,0.288,0.167,0.635,0.691,0.367,0.4477344100493495,False,,False,0.0
100000004892144100,peripheral,0.7,11,0.4572,"слабые связи: 2 вход / 1 выход, 4.5 млн ₸ → 180 тыс ₸, без устойчивого паттерна",,3,False,2,1,4500000.0,180300.0,7,1,0.04006666666666667,0,0,2,1.0,0.0,2.0,4.0,0.002783203687212419,-6.818289974207695e-20,-2.3407573920178744e-19,0.0,False,0.035,0.0,0.993,0.996,0.367,0.9798115746971736,True,входящий оборот выше среднего своего колена на 3.1 σ,False,0.0
100000004670388100,peripheral,0.7,38,0.4571,"слабые связи: 1 вход / 2 выход, 160 тыс ₸ → 720 тыс ₸, без устойчивого паттерна",,3,False,1,2,160354.0,720000.0,1,4,4.490065729573319,0,0,7,1.0,0.5277777777777778,1.0,1.0,0.0005140172616899964,-4.6555929476451835e-21,1.2117826247106994e-19,1.9616538287321655e-05,False,0.035,0.0,0.917,0.785,0.836,0.8389412292507851,False,,False,0.0
100000006169033100,peripheral,0.7,5,0.457,"слабые связи: 1 вход / 3 выход, 49 тыс ₸ → 1.1 млн ₸, без устойчивого паттерна",,3,False,1,3,49000.0,1140271.0,1,10,23.270836734693876,0,0,7,1.0,0.0,1.0,1.0,0.00041804163396876585,6.477997734331161e-05,2.4284366617555375e-05,3.923307657464331e-05,False,0.035,0.0,0.94,0.719,0.888,0.7958725886047555,False,,False,0.0
100000006240939100,peripheral,0.7,12,0.4569,"слабые связи: 1 вход / 5 выход, 160 тыс ₸ → 778 тыс ₸, без устойчивого паттерна",,2,False,1,5,160000.0,778015.0,1,5,4.86259375,0,1,1,1.0,0.2120331870208158,1.0,0.0,0.00031874711590155753,2.5365357565776885e-05,4.2828278418604587e-07,4.161083879128836e-06,False,0.035,0.167,0.923,0.533,0.781,0.6899955136832661,False,,False,0.0
100000002527114100,distributor,1.0,4,0.4563,"веерная рассылка: 111 получателям, 113 переводов на 3.3 млн ₸ (seed: входящие извне выборки не видны)",,0,True,3,111,129000.0,3289249.0,4,113,25.49805426356589,0,0,0,1.0,0.4463742331456208,1.0,3.0,0.0008111056953132608,-7.828341886084901e-16,-1.7581371600930976e-19,0.00019339132695379732,False,0.75,0.0,0.986,0.931,0.956,0.9587258860475549,False,,False,0.25
100000001065234100,terminal,0.66,2,0.4563,"вероятный конечный получатель: 360 тыс ₸ от 1; 4 колено, исходящие не собраны, P(пересылает)=0.23",likely_sink_truncated,4,False,1,0,360000.0,0.0,1,0,0.0,0,0,7,0.2257491226899459,0.0,1.0,0.0,0.00054869478712359,-0.0,-4.537362565117341e-19,0.0,True,0.231,0.0,0.808,0.845,0.367,0.6455809780170481,False,,False,0.0
100000002152857100,peripheral,0.7,12,0.4559,"слабые связи: 1 вход / 5 выход, 105 тыс ₸ → 1.2 млн ₸, без устойчивого паттерна",,1,False,1,5,105000.0,1230000.0,1,6,11.714285714285714,1,1,1,1.0,0.5853658536585366,1.0,0.0,0.0002997108402620934,2.2981552650708534e-05,4.0895899043318464e-05,0.00031346831889437224,False,0.035,0.167,0.944,0.376,0.966,0.8595782862270076,False,,False,0.0
100000002593344100,terminal,0.888,1,0.4556,"получил 431 тыс ₸ от 2 плательщ.; исходящих ≥5 тыс ₸ в выборке не наблюдается (колено 3, исходящие выгружены)",observed_sink,3,False,2,0,431000.0,0.0,2,0,0.0,0,0,9,0.0,0.0,2.0,0.0,0.00035896158975109305,-0.0,3.024824413008808e-07,0.0,False,0.311,0.0,0.836,0.645,0.367,0.813369223867205,False,,False,0.0
100000003692843100,terminal,0.611,2,0.4552,"вероятный конечный получатель: 510 тыс ₸ от 1; 4 колено, исходящие не собраны, P(пересылает)=0.35",likely_sink_truncated,4,False,1,0,510000.0,0.0,2,0,0.0,0,0,7,0.3485264584291046,0.0,1.0,0.0,0.0005294957412060594,-0.0,4.05963060079541e-19,0.0,True,0.214,0.0,0.867,0.794,0.367,0.6370569762225213,False,,False,0.0
100000003270419100,terminal,0.823,28,0.4548,"получил 150 тыс ₸ от 1 плательщ.; исходящих ≥5 тыс ₸ в выборке не наблюдается (колено 3, исходящие выгружены)",observed_sink,3,False,1,0,150000.0,0.0,1,0,0.0,0,0,10,0.0,0.0,1.0,0.0,0.0008334814098706011,-0.0,-7.084613218419537e-19,0.0,False,0.288,0.0,0.65,0.933,0.367,0.11148497083894122,False,,False,0.0
100000005031696100,peripheral,0.7,6,0.4547,"слабые связи: 1 вход / 2 выход, 5 тыс ₸ → 115 тыс ₸, без устойчивого паттерна",,2,False,1,2,5000.0,115000.0,1,3,23.0,0,1,10,1.0,0.043478260869565216,1.0,0.0,0.0005397118809391441,-8.135150695530873e-19,1.302241199706388e-18,9.59030760713503e-05,False,0.035,0.167,0.616,0.832,0.929,0.7940780619111709,False,,False,1.0
100000004408683100,terminal,0.868,2,0.4547,"получил 113 тыс ₸ от 2 плательщ.; исходящих ≥5 тыс ₸ в выборке не наблюдается (колено 1, исходящие выгружены)",observed_sink,1,False,2,0,112919.68,0.0,3,0,0.0,1,1,7,0.0,0.0,1.0,0.0,0.00038531432958818963,-0.0,0.0003121094041483011,0.0,False,0.304,0.167,0.605,0.684,0.367,0.46119336025123375,False,,False,0.0
100000008443341100,peripheral,0.7,11,0.4535,"слабые связи: 2 вход / 3 выход, 34 тыс ₸ → 50 тыс ₸, без устойчивого паттерна",,1,False,2,3,34500.0,50000.0,2,4,1.4492753623188406,1,1,7,1.0,0.62,1.0,35.0,0.0006689699930486642,0.00024016148339999326,0.002168885072987587,0.00036009896241195655,False,0.035,0.167,0.535,0.904,0.971,0.9349484073575595,False,,False,0.0
100000007841978100,terminal,0.662,5,0.4532,"вероятный конечный получатель: 449 тыс ₸ от 1; 4 колено, исходящие не собраны, P(пересылает)=0.22",likely_sink_truncated,4,False,1,0,449000.0,0.0,1,0,0.0,0,0,7,0.22050338622497928,0.0,1.0,0.0,0.0005063238893873184,-0.0,-2.4315961933569107e-19,0.0,True,0.232,0.0,0.842,0.781,0.367,0.7009869896814716,False,,False,0.0
100000002308091100,terminal,0.826,9,0.4531,"получил 187 тыс ₸ от 1 плательщ.; исходящих ≥5 тыс ₸ в выборке не наблюдается (колено 3, исходящие выгружены)",observed_sink,3,False,1,0,186720.0,0.0,1,0,0.0,0,0,1,0.0,0.0,1.0,0.0,0.000561106872834332,-0.0,-5.983792273424808e-20,0.0,False,0.289,0.0,0.694,0.863,0.367,0.17362045760430686,False,,False,0.0
100000001822623100,terminal,0.827,20,0.453,"получил 201 тыс ₸ от 1 плательщ.; исходящих ≥5 тыс ₸ в выборке не наблюдается (колено 2, исходящие выгружены)",observed_sink,2,False,1,0,201300.0,0.0,1,0,0.0,0,1,7,0.0,0.0,1.0,0.0,0.00032349256040320104,-0.0,9.190763811915139e-05,0.0,False,0.289,0.167,0.715,0.556,0.367,0.5634813817855541,False,,False,0.0
100000003016635100,distributor,0.926,2,0.4529,"веерная рассылка: 73 получателям, 151 переводов на 9.4 млн ₸ (seed: входящие извне выборки не видны)",,0,True,8,73,586981.0,9414081.0,36,151,16.038135817002594,0,0,6,1.0,0.9350810769527053,3.0,19.0,0.001189636334387764,0.015842594967054428,1.249079105107747e-05,0.007215469082446287,False,0.694,0.0,0.999,0.963,1.0,0.9807088380439659,True,число получателей выше среднего своего колена на 3.7 σ,False,0.6388888888888888
100000005895525100,terminal,0.819,36,0.4528,"получил 120 тыс ₸ от 1 плательщ.; исходящих ≥5 тыс ₸ в выборке не наблюдается (колено 1, исходящие выгружены)",observed_sink,1,False,1,0,120000.0,0.0,3,0,0.0,1,1,1,0.0,0.0,1.0,0.0,0.00039127287948343374,-0.0,4.9009073544342925e-19,0.0,False,0.287,0.167,0.616,0.693,0.367,0.24854194706146254,False,,False,0.0
100000002594214100,terminal,0.667,5,0.4526,"вероятный конечный получатель: 1.0 млн ₸ от 1; 4 колено, исходящие не собраны, P(пересылает)=0.21",likely_sink_truncated,4,False,1,0,1000000.0,0.0,1,0,0.0,0,0,7,0.2070557445120882,0.0,1.0,0.0,0.000367059243362219,-0.0,2.8841010044711346e-21,0.0,True,0.233,0.0,0.927,0.661,0.367,0.8463436518618215,False,,False,0.0
100000002958286100,terminal,0.83,13,0.4524,"получил 257 тыс ₸ от 1 плательщ.; исходящих ≥5 тыс ₸ в выборке не наблюдается (колено 1, исходящие выгружены)",observed_sink,1,False,1,0,257000.0,0.0,1,0,0.0,1,1,1,0.0,0.0,1.0,0.0,0.00031316938195489997,-0.0,2.274780546011994e-05,0.0,False,0.29,0.167,0.754,0.498,0.367,0.6074472857783759,False,,False,0.0
100000002753146100,terminal,0.847,9,0.4524,"получил 804 тыс ₸ от 1 плательщ.; исходящих ≥5 тыс ₸ в выборке не наблюдается (колено 3, исходящие выгружены)",observed_sink,3,False,1,0,803540.0,0.0,3,0,0.0,0,0,2,0.0,0.0,1.0,0.0,0.0003238433894737329,-0.0,3.7941363435538907e-07,0.0,False,0.296,0.0,0.908,0.558,0.367,0.566173171825931,False,,False,0.0
100000002156381100,peripheral,0.7,29,0.4523,"слабые связи: 2 вход / 1 выход, 61 тыс ₸ → 22 тыс ₸, без устойчивого паттерна",,2,False,2,1,61000.0,21800.0,7,3,0.35737704918032787,0,1,8,1.0,0.22935779816513763,2.0,1.0,0.0010807758307164056,9.280507946627464e-20,3.5125454878677853e-19,4.240342619683671e-05,False,0.035,0.167,0.529,0.956,0.896,0.8344549125168237,False,,False,0.5714285714285714
100000004737477100,transit,0.674,0,0.4522,"транзит: получил 50 тыс ₸, отдал 82%, 37% ушло в течение 2 дн. после прихода",,1,False,2,1,49598.0,40500.0,3,3,0.8165651840800032,1,1,7,1.0,0.37037037037037035,1.0,0.0,0.0002923193048489305,1.0351848864215056e-20,0.005057463282107331,1.922024458454748e-05,False,0.404,0.167,0.553,0.241,0.81,0.6792283535217586,False,,False,0.0
100000002170580100,terminal,0.823,9,0.4522,"получил 150 тыс ₸ от 1 плательщ.; исходящих ≥5 тыс ₸ в выборке не наблюдается (колено 2, исходящие выгружены)",observed_sink,2,False,1,0,150000.0,0.0,1,0,0.0,0,1,1,0.0,0.0,1.0,0.0,0.0003570379336989835,-0.0,2.3228134124635814e-05,0.0,False,0.288,0.167,0.65,0.64,0.367,0.4638851502916106,False,,False,0.0
100000001073568100,peripheral,0.7,8,0.4521,"слабые связи: 1 вход / 2 выход, 707 тыс ₸ → 220 тыс ₸, без устойчивого паттерна",,3,False,1,2,707465.0,219503.0,4,3,0.31026693900051594,0,0,7,1.0,1.0,1.0,0.0,0.0004855354375132767,1.055863293316381e-05,2.441379038303138e-05,1.922024458454748e-05,False,0.035,0.0,0.922,0.766,0.81,0.8945715567519067,False,,False,0.0
100000006638021100,terminal,0.615,1,0.4521,"вероятный конечный получатель: 388 тыс ₸ от 2; 4 колено, исходящие не собраны, P(пересылает)=0.34",likely_sink_truncated,4,False,2,0,388500.0,0.0,2,0,0.0,0,0,9,0.33681841746702934,0.0,2.0,0.0,0.0005444856962899737,-0.0,3.7213106545134757e-20,0.0,True,0.215,0.0,0.82,0.837,0.367,0.9789143113503813,True,максимум плательщиков за день выше среднего своего колена на 6.6 σ,False,0.0
100000001875167100,terminal,0.85,5,0.452,"получил 1.0 млн ₸ от 1 плательщ.; исходящих ≥5 тыс ₸ в выборке не наблюдается (колено 3, исходящие выгружены)",observed_sink,3,False,1,0,1000000.0,0.0,2,0,0.0,0,0,7,0.0,0.0,1.0,0.0,0.0003179784682913733,-0.0,0.002940174080170154,0.0,False,0.298,0.0,0.927,0.529,0.367,0.6895468820098699,False,,False,0.0
100000005507142100,peripheral,0.7,16,0.452,"слабые связи: 3 вход / 3 выход, 51 тыс ₸ → 100 тыс ₸, без устойчивого паттерна",,2,False,3,3,51000.0,100000.0,3,4,1.9607843137254901,0,1,1,1.0,0.0,1.0,2.0,0.0005589500977581298,1.475768325482919e-19,-3.876221107658417e-19,4.5573775819030105e-06,False,0.035,0.167,0.655,0.861,0.784,0.7523553162853297,False,,False,0.0
100000002722108100,terminal,0.847,9,0.452,"получил 800 тыс ₸ от 1 плательщ.; исходящих ≥5 тыс ₸ в выборке не наблюдается (колено 3, исходящие выгружены)",observed_sink,3,False,1,0,800000.0,0.0,2,0,0.0,0,0,2,0.0,0.0,1.0,0.0,0.0003236747727313084,-0.0,3.7941363435538907e-07,0.0,False,0.296,0.0,0.907,0.557,0.367,0.6285329744279946,False,,False,0.0
100000008238989100,terminal,0.827,20,0.4519,"получил 200 тыс ₸ от 1 плательщ.; исходящих ≥5 тыс ₸ в выборке не наблюдается (колено 2, исходящие выгружены)",observed_sink,2,False,1,0,200000.0,0.0,2,0,0.0,0,1,7,0.0,0.0,1.0,0.0,0.0003232476510835702,-0.0,9.190763811915139e-05,0.0,False,0.289,0.167,0.711,0.555,0.367,0.40915208613728127,False,,False,0.0
100000003824464100,terminal,0.827,20,0.4519,"получил 200 тыс ₸ от 1 плательщ.; исходящих ≥5 тыс ₸ в выборке не наблюдается (колено 2, исходящие выгружены)",observed_sink,2,False,1,0,200000.0,0.0,1,0,0.0,0,1,7,0.0,0.0,1.0,0.0,0.0003232476510835702,-0.0,9.190763811915139e-05,0.0,False,0.289,0.167,0.711,0.555,0.367,0.5574248541947061,False,,False,0.0
100000005616568100,terminal,0.662,5,0.4518,"вероятный конечный получатель: 530 тыс ₸ от 1; 4 колено, исходящие не собраны, P(пересылает)=0.22",likely_sink_truncated,4,False,1,0,530000.0,0.0,1,0,0.0,0,0,7,0.2188410573098875,0.0,1.0,0.0,0.0004319554143337915,-0.0,1.9139625631765823e-19,0.0,True,0.232,0.0,0.872,0.733,0.367,0.7402422611036339,False,,False,0.0
100000002748761100,terminal,0.847,9,0.4518,"получил 797 тыс ₸ от 1 плательщ.; исходящих ≥5 тыс ₸ в выборке не наблюдается (колено 3, исходящие выгружены)",observed_sink,3,False,1,0,796800.0,0.0,3,0,0.0,0,0,2,0.0,0.0,1.0,0.0,0.00032352235081725233,-0.0,3.7941363435538907e-07,0.0,False,0.296,0.0,0.907,0.556,0.367,0.5518169582772544,False,,False,0.0
100000004993576100,terminal,0.824,2,0.4516,"получил 167 тыс ₸ от 1 плательщ.; исходящих ≥5 тыс ₸ в выборке не наблюдается (колено 2, исходящие выгружены)",observed_sink,2,False,1,0,167000.0,0.0,1,0,0.0,0,1,7,0.0,0.0,1.0,0.0,0.0003386988287699184,-0.0,3.567634960949523e-05,0.0,False,0.288,0.167,0.677,0.601,0.367,0.5038133692238672,False,,False,0.0
100000006446271100,terminal,0.863,6,0.4516,"получил 80 тыс ₸ от 2 плательщ.; исходящих ≥5 тыс ₸ в выборке не наблюдается (колено 1, исходящие выгружены)",observed_sink,1,False,2,0,80000.0,0.0,2,0,0.0,1,2,10,0.0,0.0,2.0,0.0,0.00031391369620990085,-0.0,0.0006039352620193588,0.0,False,0.302,0.333,0.521,0.504,0.367,0.7339614176760879,False,,False,0.0
100000008555233100,terminal,0.838,1,0.4514,"получил 441 тыс ₸ от 1 плательщ.; исходящих ≥5 тыс ₸ в выборке не наблюдается (колено 3, исходящие выгружены)",observed_sink,3,False,1,0,440600.0,0.0,1,0,0.0,0,0,9,0.0,0.0,1.0,0.0,0.00036340872056222037,-0.0,8.364542261078192e-08,0.0,False,0.293,0.0,0.838,0.653,0.367,0.5486765365634814,False,,False,0.0
100000008647905100,peripheral,0.7,19,0.4513,"слабые связи: 1 вход / 2 выход, 50 тыс ₸ → 344 тыс ₸, без устойчивого паттерна",,2,False,1,2,50000.0,344222.0,1,2,6.88444,0,1,7,1.0,0.670497527758249,1.0,0.0,0.00032871032586726667,1.4300621030456149e-19,2.841455004939276e-20,3.844048916909496e-05,False,0.035,0.167,0.822,0.572,0.879,0.6917900403768507,False,,False,0.0
100000003171006100,terminal,0.89,1,0.4511,"получил 485 тыс ₸ от 2 плательщ.; исходящих ≥5 тыс ₸ в выборке не наблюдается (колено 3, исходящие выгружены)",observed_sink,3,False,2,0,485000.0,0.0,2,0,0.0,0,0,9,0.0,0.0,2.0,0.0,0.00033496794429429064,-0.0,4.496881745611878e-06,0.0,False,0.312,0.0,0.856,0.59,0.367,0.8268281740690893,False,,False,0.0
100000001477796100,terminal,0.825,16,0.4508,"получил 182 тыс ₸ от 1 плательщ.; исходящих ≥5 тыс ₸ в выборке не наблюдается (колено 1, исходящие выгружены)",observed_sink,1,False,1,0,182000.0,0.0,1,0,0.0,1,1,1,0.0,0.0,1.0,0.0,0.0003306619019813834,-0.0,6.780076054127126e-05,0.0,False,0.289,0.167,0.69,0.578,0.367,0.5163750560789592,False,,False,0.0
100000002921047100,peripheral,0.7,13,0.4506,"слабые связи: 2 вход / 1 выход, 338 тыс ₸ → 163 тыс ₸, без устойчивого паттерна",,1,False,2,1,338000.0,163000.02,2,1,0.48224857988165676,1,1,9,1.0,1.0,1.0,0.0,0.00031704809387447764,1.2869098367449836e-19,5.617563035292723e-06,2.159800680119253e-05,False,0.035,0.167,0.866,0.523,0.857,0.8618214445939884,False,,False,0.0
100000002633701100,terminal,0.831,1,0.4505,"получил 267 тыс ₸ от 1 плательщ.; исходящих ≥5 тыс ₸ в выборке не наблюдается (колено 2, исходящие выгружены)",observed_sink,2,False,1,0,266850.0,0.0,1,0,0.0,0,1,1,0.0,0.0,1.0,0.0,0.0003106797854015696,-0.0,5.012796367303085e-07,0.0,False,0.291,0.167,0.76,0.478,0.367,0.6262898160610139,False,,False,0.0
100000002032323100,peripheral,0.7,27,0.4505,"слабые связи: 1 вход / 1 выход, 300 тыс ₸ → 1.1 млн ₸, без устойчивого паттерна",,3,False,1,1,300000.0,1050000.0,1,2,3.5,0,0,7,1.0,0.2857142857142857,1.0,0.0,0.0004040501867995857,3.733868085848704e-20,4.867829532676994e-08,1.9616538287321655e-05,False,0.035,0.0,0.945,0.709,0.836,0.753252579632122,False,,False,0.0
100000000594783100,peripheral,0.7,11,0.4504,"слабые связи: 1 вход / 2 выход, 2.6 млн ₸ → 152 тыс ₸, без устойчивого паттерна",,3,False,1,2,2635000.0,152500.0,10,2,0.05787476280834915,0,0,2,1.0,1.0,1.0,3.0,0.0013815888060884824,-1.7643796897504644e-19,-6.433374926874892e-19,0.0,False,0.035,0.0,0.982,0.971,0.367,0.9627635711081203,False,,False,0.1
100000003589877100,peripheral,0.7,1,0.4502,"слабые связи: 2 вход / 6 выход, 176 тыс ₸ → 416 тыс ₸, без устойчивого паттерна",,1,False,2,6,176000.0,416129.0,2,6,2.364369318181818,1,1,9,1.0,0.8798449519259652,1.0,0.0,0.00030697515997142073,0.00012316260585161216,4.833056457587371e-06,9.545724565572935e-05,False,0.035,0.167,0.883,0.45,0.929,0.8698968147151189,False,,False,0.0
100000004816564100,peripheral,0.7,2,0.4499,"слабые связи: 1 вход / 1 выход, 285 тыс ₸ → 5 тыс ₸, без устойчивого паттерна",,2,False,1,1,285480.0,5000.0,1,1,0.01751436177665686,0,1,7,1.0,1.0,1.0,0.0,0.00037639216561899256,-5.293458907696883e-19,3.567634960949523e-05,1.922024458454748e-05,False,0.035,0.167,0.774,0.673,0.81,0.8689995513683266,False,,False,0.0
100000005409156100,terminal,0.881,5,0.4499,"получил 260 тыс ₸ от 2 плательщ.; исходящих ≥5 тыс ₸ в выборке не наблюдается (колено 3, исходящие выгружены)",observed_sink,3,False,2,0,260080.0,0.0,2,0,0.0,0,0,7,0.0,0.0,1.0,0.0,0.00042393100512820077,-0.0,0.003047116471197844,0.0,False,0.308,0.0,0.757,0.722,0.367,0.6065500224315836,False,,False,0.0
100000000733940100,terminal,0.614,26,0.4498,"вероятный конечный получатель: 752 тыс ₸ от 1; 4 колено, исходящие не собраны, P(пересылает)=0.34",likely_sink_truncated,4,False,1,0,752000.0,0.0,2,0,0.0,0,0,7,0.3391038194725408,0.0,1.0,0.0,0.00041118521018324706,-0.0,5.537799683278981e-19,0.0,True,0.215,0.0,0.902,0.715,0.367,0.7065948855989233,False,,False,0.0
100000002736316100,terminal,0.931,0,0.4498,"получил 267 тыс ₸ от 3 плательщ.; исходящих ≥5 тыс ₸ в выборке не наблюдается (колено 3, исходящие выгружены)",observed_sink,3,False,3,0,266921.0,0.0,3,0,0.0,0,0,7,0.0,0.0,2.0,0.0,0.0003838232724141563,-0.0,0.002506687570555585,0.0,False,0.326,0.0,0.761,0.681,0.367,0.8936742934051144,False,,False,0.0
100000002713074100,peripheral,0.7,14,0.4497,"слабые связи: 2 вход / 1 выход, 700 тыс ₸ → 430 тыс ₸, без устойчивого паттерна",,3,False,2,1,700000.0,430000.0,2,2,0.6142857142857143,0,0,7,1.0,0.0,2.0,0.0,0.0004336098166177588,2.6181405825442707e-21,0.0006992464408273294,1.922024458454748e-05,False,0.035,0.0,0.936,0.734,0.81,0.9255271422162404,False,,False,0.0
100000004188160100,peripheral,0.7,2,0.4496,"слабые связи: 2 вход / 5 выход, 88 тыс ₸ → 134 тыс ₸, без устойчивого паттерна",,1,False,2,5,87862.0,133846.0,5,6,1.5233661878855478,1,2,7,1.0,0.38653377762503177,1.0,6.0,0.0002968274021349173,9.609308633689293e-05,0.00033091796293032274,0.002460104826647164,False,0.035,0.333,0.727,0.333,0.993,0.8815612382234186,False,,False,0.2
100000000291908100,peripheral,0.7,38,0.4495,"слабые связи: 1 вход / 1 выход, 296 тыс ₸ → 13 тыс ₸, без устойчивого паттерна",,3,False,1,1,295500.0,13300.0,5,1,0.045008460236886635,0,0,7,1.0,0.0,1.0,0.0,0.0007065527083396985,-2.1269085156709662e-19,1.2117826247106994e-19,1.981468513870874e-05,False,0.035,0.0,0.785,0.912,0.842,0.4706146253925527,False,,False,0.0
100000003278020100,terminal,0.826,0,0.4495,"получил 190 тыс ₸ от 1 плательщ.; исходящих ≥5 тыс ₸ в выборке не наблюдается (колено 2, исходящие выгружены)",observed_sink,2,False,1,0,190000.0,0.0,1,0,0.0,0,1,7,0.0,0.0,1.0,0.0,0.00032455129303952463,-0.0,3.129115642084554e-05,0.0,False,0.289,0.167,0.698,0.56,0.367,0.5522655899506506,False,,False,0.0
100000000552584100,peripheral,0.7,11,0.4493,"слабые связи: 1 вход / 1 выход, 2.5 млн ₸ → 58 тыс ₸, без устойчивого паттерна",,3,False,1,1,2500000.0,57500.0,3,1,0.023,0,0,2,1.0,0.0,1.0,2.0,0.0013254360037725011,-1.0825506923296948e-19,-6.433374926874892e-19,0.0,False,0.035,0.0,0.98,0.968,0.367,0.927321668909825,False,,False,0.0
100000003886323100,peripheral,0.7,2,0.4493,"слабые связи: 2 вход / 1 выход, 78 тыс ₸ → 8 тыс ₸, без устойчивого паттерна",,1,False,2,1,78168.0,7650.0,6,1,0.09786613447958244,1,1,7,1.0,0.0,1.0,1.0,0.0018048414724056996,-1.001735194620036e-19,0.000297602173134513,1.922024458454748e-05,False,0.035,0.167,0.54,0.98,0.81,0.693135935397039,False,,True,0.8333333333333334
100000005904580100,terminal,0.862,11,0.4492,"получил 72 тыс ₸ от 2 плательщ.; исходящих ≥5 тыс ₸ в выборке не наблюдается (колено 2, исходящие выгружены)",observed_sink,2,False,2,0,72000.0,0.0,2,0,0.0,0,1,7,0.0,0.0,2.0,0.0,0.0005227099859368683,-0.0,6.845419898233066e-06,0.0,False,0.302,0.167,0.506,0.788,0.367,0.7178106774338269,False,,False,0.0
100000000998559100,terminal,0.817,6,0.4484,"получил 100 тыс ₸ от 1 плательщ.; исходящих ≥5 тыс ₸ в выборке не наблюдается (колено 1, исходящие выгружены)",observed_sink,1,False,1,0,100000.0,0.0,1,0,0.0,1,2,10,0.0,0.0,1.0,0.0,0.0003055929375935048,-0.0,0.0004611679650745722,0.0,False,0.286,0.333,0.58,0.439,0.367,0.32772543741588156,False,,False,0.0
100000000922570100,transit,0.654,11,0.4482,"транзит: получил 47 тыс ₸, отдал 106%, 0% ушло в течение 2 дн. после прихода",,1,False,1,1,47101.0,50000.0,1,1,1.0615485870788306,1,1,1,1.0,0.0,1.0,0.0,0.00029338594320602393,-1.118932109983983e-19,1.0100033668708282e-05,1.981468513870874e-07,False,0.392,0.167,0.572,0.267,0.736,0.4768954688200987,False,,False,0.0
100000003942602100,transit,1.0,4,0.4481,"транзит: получил 30 тыс ₸, отдал 100%, 100% ушло в течение 2 дн. после прихода",,1,False,1,1,30000.0,30000.0,1,1,1.0,1,1,1,1.0,1.0,1.0,1.0,0.000291865942812865,-7.483080442039739e-20,-1.6434871352799926e-17,0.0,False,0.6,0.167,0.475,0.227,0.367,0.8443248093315389,False,,False,0.0
100000008104567100,peripheral,0.7,8,0.4479,"слабые связи: 3 вход / 3 выход, 54 тыс ₸ → 40 тыс ₸, без устойчивого паттерна",,2,False,3,3,53550.0,40000.0,3,4,0.7469654528478058,0,1,7,1.0,0.3,1.0,1.0,0.0005380423675699446,1.2232102383642312e-06,2.8325851016863083e-05,0.0020260185309577375,False,0.035,0.167,0.56,0.826,0.991,0.699416778824585,False,,False,0.3333333333333333
100000004744306100,peripheral,0.7,18,0.4478,"слабые связи: 1 вход / 2 выход, 69 тыс ₸ → 92 тыс ₸, без устойчивого паттерна",,1,False,1,2,69000.0,92000.0,1,3,1.3333333333333333,1,1,8,1.0,0.0,1.0,0.0,0.0004607769966825409,-4.7933431038478025e-20,8.651558042576832e-09,3.923307657464331e-05,False,0.035,0.167,0.669,0.749,0.888,0.5679676985195155,False,,False,0.0
100000000569479100,terminal,0.834,3,0.4478,"получил 320 тыс ₸ от 1 плательщ.; исходящих ≥5 тыс ₸ в выборке не наблюдается (колено 3, исходящие выгружены)",observed_sink,3,False,1,0,320000.0,0.0,1,0,0.0,0,0,7,0.0,0.0,1.0,0.0,0.0003949532398197781,-0.0,0.0001610542594498365,0.0,False,0.292,0.0,0.789,0.7,0.367,0.4535666218034993,False,,False,0.0
100000002796853100,peripheral,0.7,1,0.4475,"слабые связи: 1 вход / 1 выход, 199 тыс ₸ → 46 тыс ₸, без устойчивого паттерна",,2,False,1,1,199000.0,46167.62,8,5,0.23199809045226133,0,1,1,1.0,0.8916989872988904,1.0,1.0,0.0021135984327106993,1.420602294071676e-19,4.949572591688773e-08,0.0,False,0.035,0.167,0.747,0.99,0.367,0.7384477344100493,False,,False,0.25
100000006866783100,distributor,0.911,0,0.4473,"веерная рассылка: 67 получателям, 90 переводов на 3.9 млн ₸ (seed: входящие извне выборки не видны)",,0,True,13,67,838812.0,3948037.0,31,90,4.706700667133994,0,0,6,1.0,1.0,5.0,886.0,0.0008703719471293999,0.11545872592100205,0.000683765277565341,0.006045225264012875,False,0.683,0.0,0.993,0.939,0.999,0.996859578286227,True,число циклов выше среднего своего колена на 6.6 σ,False,0.0
100000002922000100,terminal,0.661,34,0.4472,"вероятный конечный получатель: 448 тыс ₸ от 1; 4 колено, исходящие не собраны, P(пересылает)=0.22",likely_sink_truncated,4,False,1,0,448000.0,0.0,1,0,0.0,0,0,7,0.22148717710174504,0.0,1.0,0.0,0.0004597224521428421,-0.0,7.661109445084862e-07,0.0,True,0.231,0.0,0.841,0.748,0.367,0.7009869896814716,False,,False,0.0
100000008531186100,terminal,0.82,0,0.447,"получил 125 тыс ₸ от 1 плательщ.; исходящих ≥5 тыс ₸ в выборке не наблюдается (колено 2, исходящие выгружены)",observed_sink,2,False,1,0,125000.0,0.0,1,0,0.0,0,1,9,0.0,0.0,1.0,0.0,0.0003619550454860541,-0.0,0.00014276729694478647,0.0,False,0.287,0.167,0.621,0.652,0.367,0.4396590399282189,False,,False,0.0
100000003920950100,terminal,0.834,0,0.447,"получил 323 тыс ₸ от 1 плательщ.; исходящих ≥5 тыс ₸ в выборке не наблюдается (колено 3, исходящие выгружены)",observed_sink,3,False,1,0,323290.0,0.0,1,0,0.0,0,0,7,0.0,0.0,1.0,0.0,0.00039172837020751925,-0.0,0.00010831189958102266,0.0,False,0.292,0.0,0.79,0.694,0.367,0.45715567519066846,False,,False,0.0
100000004790991100,terminal,0.829,2,0.4468,"получил 239 тыс ₸ от 1 плательщ.; исходящих ≥5 тыс ₸ в выборке не наблюдается (колено 1, исходящие выгружены)",observed_sink,1,False,1,0,239413.0,0.0,4,0,0.0,1,1,7,0.0,0.0,1.0,0.0,0.00031131051396626665,-0.0,0.00029524161332082757,0.0,False,0.29,0.167,0.742,0.482,0.367,0.34320323014804843,False,,False,0.0
100000007898453100,peripheral,0.7,6,0.4466,"слабые связи: 1 вход / 2 выход, 25 тыс ₸ → 320 тыс ₸, без устойчивого паттерна",,2,False,1,2,24750.0,320000.0,1,2,12.929292929292929,0,1,10,1.0,0.9375,1.0,1.0,0.0003330161085564517,0.0001994488847229931,4.73613239065315e-19,2.3975769017837576e-05,False,0.035,0.167,0.798,0.585,0.866,0.756393001345895,False,,False,0.0
100000005077484100,peripheral,0.7,24,0.4458,"слабые связи: 1 вход / 2 выход, 150 тыс ₸ → 14 тыс ₸, без устойчивого паттерна",,2,False,1,2,150000.0,13550.0,1,2,0.09033333333333333,0,1,1,1.0,0.5202952029520295,1.0,1.0,0.0005397108639201045,7.751350936088932e-20,-6.055156016930428e-20,3.962937027741748e-07,False,0.035,0.167,0.671,0.831,0.742,0.7083894122925078,False,,False,0.0
100000003057225100,terminal,0.829,2,0.4455,"получил 236 тыс ₸ от 1 плательщ.; исходящих ≥5 тыс ₸ в выборке не наблюдается (колено 1, исходящие выгружены)",observed_sink,1,False,1,0,236000.0,0.0,1,0,0.0,1,1,7,0.0,0.0,1.0,0.0,0.0003109435548495802,-0.0,0.00029524161332082757,0.0,False,0.29,0.167,0.739,0.479,0.367,0.572678331090175,False,,False,0.0
100000002570206100,terminal,0.874,14,0.4455,"получил 167 тыс ₸ от 2 плательщ.; исходящих ≥5 тыс ₸ в выборке не наблюдается (колено 2, исходящие выгружены)",observed_sink,2,False,2,0,166959.6,0.0,2,0,0.0,0,1,7,0.0,0.0,1.0,0.0,0.00031851046572736367,-0.0,0.0005280203983831706,0.0,False,0.306,0.167,0.677,0.531,0.367,0.5352175863615971,False,,False,0.0
100000002462183100,terminal,0.818,36,0.4454,"получил 108 тыс ₸ от 1 плательщ.; исходящих ≥5 тыс ₸ в выборке не наблюдается (колено 1, исходящие выгружены)",observed_sink,1,False,1,0,107500.0,0.0,3,0,0.0,1,1,1,0.0,0.0,1.0,0.0,0.0003802620893515438,-0.0,4.9009073544342925e-19,0.0,False,0.286,0.167,0.595,0.678,0.367,0.22790489008524,False,,False,0.0
100000001317336100,peripheral,0.7,26,0.4454,"слабые связи: 1 вход / 2 выход, 131 тыс ₸ → 1.8 млн ₸, без устойчивого паттерна",,3,False,1,2,131196.0,1752000.0,1,3,13.354065672733924,0,0,7,1.0,0.0,1.0,0.0,0.0003438491368028848,4.714057747313009e-19,4.7473559650463285e-05,4.0025663980191654e-05,False,0.035,0.0,0.968,0.612,0.892,0.6998654104979811,False,,False,0.0
100000001689968100,terminal,0.935,14,0.4453,"получил 344 тыс ₸ от 3 плательщ.; исходящих ≥5 тыс ₸ в выборке не наблюдается (колено 3, исходящие выгружены)",observed_sink,3,False,3,0,344333.75,0.0,3,0,0.0,0,0,7,0.0,0.0,1.0,0.0,0.0003391431091830108,-0.0,0.004048891579845852,0.0,False,0.327,0.0,0.798,0.603,0.367,0.825930910722297,False,,False,0.0
100000000733451100,peripheral,0.7,28,0.4452,"слабые связи: 1 вход / 1 выход, 70 тыс ₸ → 300 тыс ₸, без устойчивого паттерна",,3,False,1,1,70000.0,300000.0,2,1,4.285714285714286,0,0,10,1.0,0.0,1.0,0.0,0.0005412616148555019,2.0695516560070007e-19,-7.084613218419537e-19,2.4570209571998837e-05,False,0.035,0.0,0.812,0.835,0.867,0.506056527590848,False,,False,0.0
100000005820746100,peripheral,0.7,11,0.4446,"слабые связи: 1 вход / 1 выход, 2.0 млн ₸ → 60 тыс ₸, без устойчивого паттерна",,3,False,1,1,1989000.0,60000.0,2,1,0.030165912518853696,0,0,1,1.0,0.0,1.0,1.0,0.000989461905456682,-3.8072571962619565e-19,-1.9670127339592803e-19,0.0,False,0.035,0.0,0.972,0.952,0.367,0.9075818752803948,False,,False,0.0
100000008676812100,terminal,0.829,19,0.4443,"получил 231 тыс ₸ от 1 плательщ.; исходящих ≥5 тыс ₸ в выборке не наблюдается (колено 3, исходящие выгружены)",observed_sink,3,False,1,0,230800.0,0.0,1,0,0.0,0,0,7,0.0,0.0,1.0,0.0,0.00047313415798955915,-0.0,1.6799534256510324e-19,0.0,False,0.29,0.0,0.734,0.757,0.367,0.25751458052938536,False,,False,0.0
100000008223756100,terminal,0.884,15,0.4438,"получил 332 тыс ₸ от 2 плательщ.; исходящих ≥5 тыс ₸ в выборке не наблюдается (колено 3, исходящие выгружены)",observed_sink,3,False,2,0,331682.0,0.0,2,0,0.0,0,0,7,0.0,0.0,1.0,0.0,0.000356281121163305,-0.0,0.0030360620329370823,0.0,False,0.309,0.0,0.793,0.637,0.367,0.6200089726334679,False,,False,0.0
100000001609499100,peripheral,0.7,0,0.4436,"слабые связи: 3 вход / 2 выход, 263 тыс ₸ → 21 тыс ₸, без устойчивого паттерна",,1,False,3,2,263113.0,21000.0,3,2,0.07981361620292422,1,1,7,1.0,0.47619047619047616,1.0,123.0,0.0003209139565492521,0.0005433343005036505,0.006661875080243084,0.0001842231717471561,False,0.035,0.167,0.769,0.548,0.954,0.9542395693135935,False,,False,0.0
100000002633108100,terminal,0.834,8,0.4432,"получил 320 тыс ₸ от 1 плательщ.; исходящих ≥5 тыс ₸ в выборке не наблюдается (колено 3, исходящие выгружены)",observed_sink,3,False,1,0,320000.0,0.0,3,0,0.0,0,0,7,0.0,0.0,1.0,0.0,0.00037601781938067727,-0.0,2.441379038303138e-05,0.0,False,0.292,0.0,0.789,0.673,0.367,0.17765814266487215,False,,False,0.0
100000003112436100,terminal,0.817,10,0.4431,"получил 100 тыс ₸ от 1 плательщ.; исходящих ≥5 тыс ₸ в выборке не наблюдается (колено 2, исходящие выгружены)",observed_sink,2,False,1,0,100000.0,0.0,1,0,0.0,0,2,7,0.0,0.0,1.0,0.0,0.0003021326407143051,-0.0,4.040756032115181e-06,0.0,False,0.286,0.333,0.58,0.408,0.367,0.379766711529834,False,,False,0.0
100000005079754100,peripheral,0.7,6,0.4428,"слабые связи: 1 вход / 2 выход, 70 тыс ₸ → 122 тыс ₸, без устойчивого паттерна",,1,False,1,2,70000.0,122000.0,1,2,1.7428571428571429,1,2,10,1.0,0.16393442622950818,1.0,0.0,0.00029958584458064045,8.456840235476318e-19,0.0004611679650745722,9.511048866580196e-05,False,0.035,0.333,0.7,0.373,0.928,0.6294302377747869,False,,False,0.0
100000004386331100,transit,0.606,11,0.4428,"транзит: получил 20 тыс ₸, отдал 88%, 0% ушло в течение 2 дн. после прихода",,3,False,1,2,20000.0,17500.0,1,2,0.875,0,0,9,1.0,0.0,1.0,1.0,0.0005126940455197109,-2.624760602291675e-19,-3.1942573080914253e-19,2.0210978841482916e-05,False,0.364,0.0,0.358,0.783,0.847,0.6926873037236428,False,,False,0.0
100000001311175100,terminal,0.659,9,0.4425,"вероятный конечный получатель: 300 тыс ₸ от 1; 4 колено, исходящие не собраны, P(пересылает)=0.23",likely_sink_truncated,4,False,1,0,300000.0,0.0,1,0,0.0,0,0,2,0.22833077132255353,0.0,1.0,0.0,0.0005315144876960884,-0.0,2.4788628053536424e-19,0.0,True,0.231,0.0,0.778,0.806,0.367,0.6229250785105428,False,,False,0.0
100000008636603100,peripheral,0.7,2,0.4424,"слабые связи: 2 вход / 6 выход, 35 тыс ₸ → 159 тыс ₸, без устойчивого паттерна",,2,False,2,6,35460.0,159375.0,2,7,4.494500846023689,0,1,7,1.0,0.36941176470588233,1.0,4.0,0.0003387006850594568,0.00026986269539744774,0.0006554121719383274,0.0034745654916701176,False,0.035,0.167,0.702,0.601,0.996,0.8030506953790938,False,,False,0.0
100000005539910100,peripheral,0.7,6,0.4422,"слабые связи: 1 вход / 2 выход, 102 тыс ₸ → 22 тыс ₸, без устойчивого паттерна",,2,False,1,2,102000.0,22000.0,1,2,0.21568627450980393,0,1,10,1.0,0.0,1.0,0.0,0.0004987263017480539,3.6233903544818596e-19,9.93460192638834e-19,4.795153803567515e-05,False,0.035,0.167,0.619,0.774,0.9,0.5446388515029161,False,,False,0.0
100000008332511100,terminal,0.817,12,0.4421,"получил 100 тыс ₸ от 1 плательщ.; исходящих ≥5 тыс ₸ в выборке не наблюдается (колено 3, исходящие выгружены)",observed_sink,3,False,1,0,100000.0,0.0,1,0,0.0,0,0,9,0.0,0.0,1.0,0.0,0.0011127776746800695,-0.0,1.6612626404122988e-18,0.0,False,0.286,0.0,0.58,0.958,0.367,0.07761327949753252,False,,False,0.0
100000004587414100,terminal,0.891,5,0.4418,"получил 534 тыс ₸ от 2 плательщ.; исходящих ≥5 тыс ₸ в выборке не наблюдается (колено 3, исходящие выгружены)",observed_sink,3,False,2,0,533603.0,0.0,2,0,0.0,0,0,7,0.0,0.0,1.0,0.0,0.00031487177064037594,-0.0,0.004072112523818757,0.0,False,0.312,0.0,0.873,0.513,0.367,0.676985195154778,False,,False,0.0
100000007138613100,peripheral,0.7,5,0.4416,"слабые связи: 3 вход / 2 выход, 1.0 млн ₸ → 179 тыс ₸, без устойчивого паттерна",,3,False,3,2,1002000.0,179000.0,3,2,0.17864271457085829,0,0,7,1.0,0.0,1.0,0.0,0.0003541752272666075,-5.558278389810277e-19,0.006007009994836493,3.883678287186913e-05,False,0.035,0.0,0.939,0.633,0.885,0.9291161956034096,False,,False,0.0
100000001680944100,terminal,0.836,1,0.4409,"получил 393 тыс ₸ от 1 плательщ.; исходящих ≥5 тыс ₸ в выборке не наблюдается (колено 3, исходящие выгружены)",observed_sink,3,False,1,0,393000.0,0.0,1,0,0.0,0,0,9,0.0,0.0,1.0,0.0,0.0003455898843992659,-0.0,3.559127087414176e-07,0.0,False,0.293,0.0,0.82,0.617,0.367,0.5358905338716914,False,,False,0.0
100000000896111100,terminal,0.832,11,0.4408,"получил 287 тыс ₸ от 1 плательщ.; исходящих ≥5 тыс ₸ в выборке не наблюдается (колено 3, исходящие выгружены)",observed_sink,3,False,1,0,287100.0,0.0,1,0,0.0,0,0,1,0.0,0.0,1.0,0.0,0.0003871718928532024,-0.0,-1.9670127339592803e-19,0.0,False,0.291,0.0,0.771,0.685,0.367,0.3604755495737999,False,,False,0.0
100000006534886100,peripheral,0.7,2,0.4408,"слабые связи: 1 вход / 1 выход, 72 тыс ₸ → 168 тыс ₸, без устойчивого паттерна",,2,False,1,1,71700.0,167500.0,5,8,2.336122733612273,0,1,7,1.0,0.4835820895522388,1.0,1.0,0.0011276985721232146,0.00012666707989799082,9.986823694874619e-08,0.0,False,0.035,0.167,0.742,0.959,0.367,0.6796769851951547,False,,False,0.4
100000002615479100,terminal,0.828,13,0.44,"получил 220 тыс ₸ от 1 плательщ.; исходящих ≥5 тыс ₸ в выборке не наблюдается (колено 1, исходящие выгружены)",observed_sink,1,False,1,0,220000.0,0.0,1,0,0.0,1,1,1,0.0,0.0,1.0,0.0,0.00030919582846738417,-0.0,2.274780546011994e-05,0.0,False,0.29,0.167,0.726,0.465,0.367,0.5675190668461193,False,,False,0.0
100000008501413100,transit,0.985,29,0.4398,"транзит: получил 5 тыс ₸, отдал 102%, 100% ушло в течение 2 дн. после прихода",,3,False,1,1,5000.0,5100.0,1,1,1.02,0,0,8,1.0,1.0,1.0,0.0,0.00036664528360685694,5.31034194060297e-19,9.977809550660083e-07,2.1201713098418353e-05,False,0.591,0.0,0.093,0.66,0.853,0.9232839838492598,False,,False,1.0
100000005124479100,peripheral,0.7,3,0.4397,"слабые связи: 2 вход / 2 выход, 138 тыс ₸ → 22 тыс ₸, без устойчивого паттерна",,1,False,2,2,137753.0,22000.0,2,2,0.15970614070110994,1,2,10,1.0,0.0,1.0,0.0,0.00030323005398091857,-4.923439900092026e-19,0.0015931064087231753,4.755524433290098e-05,False,0.035,0.333,0.665,0.422,0.899,0.5962314939434724,False,,False,0.0
100000003988112100,peripheral,0.7,18,0.4397,"слабые связи: 1 вход / 1 выход, 92 тыс ₸ → 64 тыс ₸, без устойчивого паттерна",,2,False,1,1,92000.0,64000.0,2,5,0.6956521739130435,0,2,7,1.0,0.6875,1.0,1.0,0.0005045477365705085,0.00094336650936311,1.8751205368957208e-06,0.0,False,0.035,0.333,0.664,0.779,0.367,0.6850605652759085,False,,False,0.0
100000002849158100,peripheral,0.7,1,0.4396,"слабые связи: 3 вход / 1 выход, 723 тыс ₸ → 1.3 млн ₸, без устойчивого паттерна",,3,False,3,1,723000.0,1313000.0,3,3,1.8160442600276625,0,0,9,1.0,0.5506473724295506,3.0,0.0,0.0003362455684917419,-4.326594890787983e-19,7.907222096631514e-06,2.2786887909515052e-05,False,0.035,0.0,0.972,0.593,0.863,0.9784656796769852,True,максимум плательщиков за день выше среднего своего колена на 5.1 σ,False,0.0
100000008576243100,terminal,0.864,0,0.4395,"получил 83 тыс ₸ от 2 плательщ.; исходящих ≥5 тыс ₸ в выборке не наблюдается (колено 3, исходящие выгружены)",observed_sink,3,False,2,0,82920.0,0.0,4,0,0.0,0,0,8,0.0,0.0,2.0,0.0,0.0016515737888683456,-0.0,9.244316899804097e-05,0.0,False,0.302,0.0,0.53,0.977,0.367,0.8519515477792732,False,,False,0.5
100000005367445100,transit,1.0,1,0.4393,"транзит: получил 5 тыс ₸, отдал 100%, 100% ушло в течение 2 дн. после прихода",,3,False,1,1,5000.0,5000.0,1,1,1.0,0,0,9,1.0,1.0,1.0,1.0,0.0018429964605732548,9.84728049179433e-07,2.534703656500018e-19,0.0,False,0.6,0.0,0.079,0.982,0.367,0.9504262000897263,False,,False,1.0
100000003089018100,terminal,0.829,1,0.4392,"получил 230 тыс ₸ от 1 плательщ.; исходящих ≥5 тыс ₸ в выборке не наблюдается (колено 2, исходящие выгружены)",observed_sink,2,False,1,0,230000.0,0.0,1,0,0.0,0,1,1,0.0,0.0,1.0,0.0,0.0003072122133568228,-0.0,5.012796367303085e-07,0.0,False,0.29,0.167,0.732,0.452,0.367,0.5912965455361149,False,,False,0.0
100000003060517100,terminal,0.833,14,0.4388,"получил 316 тыс ₸ от 1 плательщ.; исходящих ≥5 тыс ₸ в выборке не наблюдается (колено 3, исходящие выгружены)",observed_sink,3,False,1,0,315955.0,0.0,1,0,0.0,0,0,7,0.0,0.0,1.0,0.0,0.00036188349261668954,-0.0,0.0004659018150489403,0.0,False,0.292,0.0,0.787,0.651,0.367,0.44100493494840737,False,,False,0.0
100000006567935100,terminal,0.827,25,0.4383,"получил 200 тыс ₸ от 1 плательщ.; исходящих ≥5 тыс ₸ в выборке не наблюдается (колено 2, исходящие выгружены)",observed_sink,2,False,1,0,200000.0,0.0,1,0,0.0,0,1,7,0.0,0.0,1.0,0.0,0.0003105560209740029,-0.0,3.87668795219064e-07,0.0,False,0.289,0.167,0.711,0.477,0.367,0.5574248541947061,False,,False,0.0
100000005272139100,terminal,0.654,2,0.4377,"вероятный конечный получатель: 165 тыс ₸ от 1; 4 колено, исходящие не собраны, P(пересылает)=0.24",likely_sink_truncated,4,False,1,0,165000.0,0.0,1,0,0.0,0,0,7,0.23955054129249137,0.0,1.0,0.0,0.0007555290963517862,-0.0,2.3807858706111324e-20,0.0,True,0.229,0.0,0.674,0.922,0.367,0.46635262449528936,False,,False,0.0
100000001346560100,peripheral,0.7,6,0.4375,"слабые связи: 2 вход / 1 выход, 10 тыс ₸ → 22 тыс ₸, без устойчивого паттерна",,2,False,2,1,10000.0,22200.0,2,1,2.22,0,2,11,1.0,1.0,1.0,0.0,0.0005866163489075479,-3.735257782382336e-19,-1.3278440349947858e-18,2.5759090680321364e-05,False,0.035,0.333,0.33,0.877,0.869,0.8963660834454913,False,,False,1.0
100000005661829100,transit,0.9,19,0.4373,"транзит: получил 38 тыс ₸, отдал 107%, 84% ушло в течение 2 дн. после прихода",,3,False,1,2,37790.0,40362.0,1,4,1.0680603334215402,0,0,7,1.0,0.837173579109063,1.0,0.0,0.0002920319635832888,0.00011522832910020949,8.448073393743623e-05,2.229209894062771e-06,False,0.54,0.0,0.519,0.232,0.774,0.7577388963660835,False,,False,0.0
100000005075949100,peripheral,0.527,0,0.4373,"4 колено, обход оборван: исходящие не видны, P(пересылает)=0.59 — роль не определить, получил 2.2 млн ₸",truncated_unknown,4,False,1,0,2226000.0,0.0,7,0,0.0,0,0,7,0.5883979984143699,0.0,1.0,0.0,0.0007679113857379692,-0.0,3.4418434844695843e-19,0.0,True,0.026,0.0,0.974,0.923,0.367,0.8066397487662629,False,,False,0.0
100000007390016100,peripheral,0.7,5,0.4367,"слабые связи: 1 вход / 1 выход, 511 тыс ₸ → 346 тыс ₸, без устойчивого паттерна",,3,False,1,1,511000.0,346500.0,13,14,0.678082191780822,0,0,7,1.0,0.7157287157287158,1.0,1.0,0.0018430013608097028,0.0013224128230704885,-1.4923036687395012e-18,0.0,False,0.035,0.0,0.915,0.982,0.367,0.8340062808434275,False,,False,0.0
100000004004621100,terminal,0.913,0,0.4366,"получил 75 тыс ₸ от 3 плательщ.; исходящих ≥5 тыс ₸ в выборке не наблюдается (колено 1, исходящие выгружены)",observed_sink,1,False,3,0,75389.0,0.0,3,0,0.0,1,2,10,0.0,0.0,2.0,0.0,0.0003007744031334764,-0.0,0.0036608021330378025,0.0,False,0.32,0.333,0.513,0.393,0.367,0.8263795423956931,False,,False,0.0
100000003254277100,transit,0.936,0,0.4357,"транзит: получил 49 тыс ₸, отдал 91%, 100% ушло в течение 2 дн. после прихода",,3,False,1,1,49200.0,44997.0,1,1,0.9145731707317073,0,0,7,1.0,1.0,1.0,0.0,0.00028834023659629897,1.6660347999647784e-19,0.0029057816552165005,1.922024458454748e-05,False,0.562,0.0,0.562,0.098,0.81,0.7698519515477793,False,,False,0.0
100000005711521100,terminal,0.657,0,0.4354,"вероятный конечный получатель: 238 тыс ₸ от 1; 4 колено, исходящие не собраны, P(пересылает)=0.23",likely_sink_truncated,4,False,1,0,238000.0,0.0,1,0,0.0,0,0,7,0.2331208245695476,0.0,1.0,0.0,0.0005338432844113265,-0.0,4.777447589909997e-19,0.0,True,0.23,0.0,0.741,0.817,0.367,0.5764917003140422,False,,False,0.0
100000002815005100,terminal,0.839,1,0.4349,"получил 476 тыс ₸ от 1 плательщ.; исходящих ≥5 тыс ₸ в выборке не наблюдается (колено 3, исходящие выгружены)",observed_sink,3,False,1,0,476500.0,0.0,1,0,0.0,0,0,8,0.0,0.0,1.0,0.0,0.00031901272651967474,-0.0,1.9662146336183556e-06,0.0,False,0.294,0.0,0.854,0.535,0.367,0.591969493046209,False,,False,0.0
100000007865484100,terminal,0.611,30,0.4349,"вероятный конечный получатель: 585 тыс ₸ от 1; 4 колено, исходящие не собраны, P(пересылает)=0.35",likely_sink_truncated,4,False,1,0,584600.0,0.0,2,0,0.0,0,0,7,0.3463409925792433,0.0,1.0,0.0,0.00036618616723092687,-0.0,-7.700474683590847e-20,0.0,True,0.214,0.0,0.881,0.659,0.367,0.6720502467474204,False,,False,0.0
100000006225798100,peripheral,0.7,14,0.4345,"слабые связи: 3 вход / 2 выход, 722 тыс ₸ → 26 тыс ₸, без устойчивого паттерна",,3,False,3,2,722000.0,26300.0,4,2,0.03642659279778394,0,0,7,1.0,0.0,1.0,0.0,0.00035996892038230765,6.452435594973685e-19,0.006079300361165043,3.844048916909496e-05,False,0.035,0.0,0.901,0.647,0.879,0.895468820098699,False,,False,0.0
100000001236706100,peripheral,0.7,0,0.4341,"слабые связи: 3 вход / 2 выход, 143 тыс ₸ → 36 тыс ₸, без устойчивого паттерна",,3,False,3,2,142700.0,36000.0,3,2,0.25227750525578135,0,0,7,1.0,0.0,2.0,0.0,0.0007662915221773773,2.8925964935806694e-19,0.0032252163606305666,3.923307657464331e-05,False,0.035,0.0,0.687,0.923,0.888,0.9250785105428443,False,,False,0.0
100000003035737100,peripheral,0.7,15,0.4339,"слабые связи: 2 вход / 1 выход, 809 тыс ₸ → 7 тыс ₸, без устойчивого паттерна",,3,False,2,1,809170.0,6544.53,3,1,0.008087954323566123,0,0,7,1.0,1.0,1.0,0.0,0.00037881127846399476,-1.9085295421057994e-19,0.003070454457890736,1.922024458454748e-05,False,0.035,0.0,0.91,0.677,0.81,0.9183490354419022,False,,False,0.0
100000002784085100,terminal,0.827,13,0.4338,"получил 200 тыс ₸ от 1 плательщ.; исходящих ≥5 тыс ₸ в выборке не наблюдается (колено 1, исходящие выгружены)",observed_sink,1,False,1,0,200000.0,0.0,1,0,0.0,1,1,1,0.0,0.0,1.0,0.0,0.0003070479617173757,-0.0,2.274780546011994e-05,0.0,False,0.289,0.167,0.711,0.451,0.367,0.5410497981157469,False,,False,0.0
100000003054328100,peripheral,0.7,9,0.4338,"слабые связи: 1 вход / 2 выход, 140 тыс ₸ → 194 тыс ₸, без устойчивого паттерна",,2,False,1,2,140000.0,193720.0,1,2,1.3837142857142857,0,1,1,1.0,0.9638653727028701,1.0,0.0,0.0003359091501180967,-5.0937094041198266e-20,4.0882453974806574e-08,7.925874055483496e-07,False,0.035,0.167,0.794,0.593,0.752,0.7505607895917452,False,,False,0.0
100000003899899100,peripheral,0.7,2,0.4336,"слабые связи: 2 вход / 1 выход, 218 тыс ₸ → 10 тыс ₸, без устойчивого паттерна",,3,False,2,1,218500.0,10000.0,5,1,0.04576659038901602,0,0,7,1.0,1.0,1.0,0.0,0.0006539846029635851,-3.94870926870908e-20,5.299015073225364e-05,1.9418391435934565e-05,False,0.035,0.0,0.73,0.901,0.83,0.8622700762673845,False,,False,0.6
100000002991079100,peripheral,0.7,2,0.4334,"слабые связи: 2 вход / 1 выход, 149 тыс ₸ → 11 тыс ₸, без устойчивого паттерна",,1,False,2,1,148900.0,11000.0,3,1,0.07387508394895903,1,1,7,1.0,1.0,1.0,0.0,0.0003951739742726738,-1.315979075051679e-19,0.0003053651890932851,1.981468513870874e-05,False,0.035,0.167,0.666,0.7,0.842,0.7783759533423059,False,,False,0.0
100000003031761100,terminal,0.839,10,0.433,"получил 460 тыс ₸ от 1 плательщ.; исходящих ≥5 тыс ₸ в выборке не наблюдается (колено 3, исходящие выгружены)",observed_sink,3,False,1,0,460408.0,0.0,1,0,0.0,0,0,1,0.0,0.0,1.0,0.0,0.0003183607828225473,-0.0,7.936044353374742e-05,0.0,False,0.294,0.0,0.85,0.53,0.367,0.5737999102736653,False,,False,0.0
100000008582730100,transit,1.0,3,0.4328,"транзит: получил 5 тыс ₸, отдал 100%, 100% ушло в течение 2 дн. после прихода",,3,False,1,1,5000.0,5000.0,1,1,1.0,0,0,7,1.0,1.0,1.0,1.0,0.0008925911171850267,8.816478810773575e-05,4.456457571585993e-19,0.0,False,0.6,0.0,0.079,0.944,0.367,0.9504262000897263,False,,False,1.0
100000002691583100,terminal,0.832,23,0.4327,"получил 285 тыс ₸ от 1 плательщ.; исходящих ≥5 тыс ₸ в выборке не наблюдается (колено 3, исходящие выгружены)",observed_sink,3,False,1,0,285200.0,0.0,1,0,0.0,0,0,7,0.0,0.0,1.0,0.0,0.00035708956201916146,-0.0,-7.438797586113939e-19,0.0,False,0.291,0.0,0.77,0.641,0.367,0.3604755495737999,False,,False,0.0
100000000926078100,terminal,0.657,3,0.4323,"вероятный конечный получатель: 250 тыс ₸ от 1; 4 колено, исходящие не собраны, P(пересылает)=0.23",likely_sink_truncated,4,False,1,0,250000.0,0.0,1,0,0.0,0,0,7,0.23137147515512663,0.0,1.0,0.0,0.0005165635899862588,-0.0,-7.156013834864173e-19,0.0,True,0.23,0.0,0.75,0.786,0.367,0.5881561238223418,False,,False,0.0
100000002194320100,terminal,0.658,2,0.4321,"вероятный конечный получатель: 275 тыс ₸ от 1; 4 колено, исходящие не собраны, P(пересылает)=0.23",likely_sink_truncated,4,False,1,0,275000.0,0.0,1,0,0.0,0,0,7,0.2307177953381506,0.0,1.0,0.0,0.0004865679346318247,-0.0,-4.537362565117341e-19,0.0,True,0.23,0.0,0.763,0.767,0.367,0.6123822341857336,False,,False,0.0
100000000703894100,peripheral,0.7,24,0.432,"слабые связи: 1 вход / 1 выход, 120 тыс ₸ → 35 тыс ₸, без устойчивого паттерна",,1,False,1,1,120000.0,35000.0,1,1,0.2916666666666667,1,1,1,1.0,0.0,1.0,0.0,0.00047736859826889627,3.3994584372084636e-19,-5.660202029520676e-19,5.944405541612623e-07,False,0.035,0.167,0.662,0.761,0.748,0.5903992821893226,False,,False,0.0
100000008624978100,terminal,0.818,1,0.432,"получил 109 тыс ₸ от 1 плательщ.; исходящих ≥5 тыс ₸ в выборке не наблюдается (колено 2, исходящие выгружены)",observed_sink,2,False,1,0,109000.0,0.0,1,0,0.0,0,1,8,0.0,0.0,1.0,0.0,0.00033803190556376094,-0.0,5.704237349072325e-08,0.0,False,0.286,0.167,0.597,0.598,0.367,0.40421713772992374,False,,False,0.0
100000008379273100,transit,0.658,8,0.432,"транзит: получил 36 тыс ₸, отдал 106%, 0% ушло в течение 2 дн. после прихода",,3,False,2,4,36000.0,38000.0,2,4,1.0555555555555556,0,0,7,1.0,0.0,1.0,0.0,0.00029901719044964846,0.00011632381844201791,3.3989762118251572e-06,0.0017005148871402581,False,0.395,0.0,0.51,0.362,0.988,0.8138178555406012,False,,False,0.0
100000004417753100,terminal,0.876,3,0.4319,"получил 192 тыс ₸ от 2 плательщ.; исходящих ≥5 тыс ₸ в выборке не наблюдается (колено 3, исходящие выгружены)",observed_sink,3,False,2,0,192099.0,0.0,2,0,0.0,0,0,7,0.0,0.0,2.0,0.0,0.0003931467756499757,-0.0,0.00013358664355892562,0.0,False,0.307,0.0,0.701,0.696,0.367,0.790937640197398,False,,False,0.0
100000008587459100,peripheral,0.7,0,0.4316,"слабые связи: 2 вход / 2 выход, 182 тыс ₸ → 686 тыс ₸, без устойчивого паттерна",,2,False,2,2,181507.0,686500.0,2,4,3.782223275135394,0,1,7,1.0,0.0,1.0,39.0,0.00030075681163842564,0.0005035926787910806,0.003047949851144502,1.7724578204740182e-05,False,0.035,0.167,0.915,0.392,0.791,0.8968147151188874,False,,False,0.0
100000002901457100,peripheral,0.7,3,0.4312,"слабые связи: 1 вход / 3 выход, 340 тыс ₸ → 119 тыс ₸, без устойчивого паттерна",,3,False,1,3,340000.0,119000.0,1,3,0.35,0,0,7,1.0,0.0,1.0,0.0,0.0003742656113270814,2.708373326203101e-05,0.0011379074330901441,7.569209722986739e-05,False,0.035,0.0,0.849,0.67,0.92,0.7115298340062809,False,,False,0.0
100000003795588100,terminal,0.837,3,0.4304,"получил 400 тыс ₸ от 1 плательщ.; исходящих ≥5 тыс ₸ в выборке не наблюдается (колено 3, исходящие выгружены)",observed_sink,3,False,1,0,400000.0,0.0,2,0,0.0,0,0,7,0.0,0.0,1.0,0.0,0.00032104219550652103,-0.0,0.0011319384436486036,0.0,False,0.293,0.0,0.826,0.549,0.367,0.3032750112157918,False,,False,0.0
100000004904960100,terminal,0.85,3,0.4301,"получил 32 тыс ₸ от 2 плательщ.; исходящих ≥5 тыс ₸ в выборке не наблюдается (колено 2, исходящие выгружены)",observed_sink,2,False,2,0,32000.0,0.0,2,0,0.0,0,1,10,0.0,0.0,1.0,0.0,0.0007779174826823405,-0.0,-1.1040939929270843e-18,0.0,False,0.298,0.167,0.328,0.924,0.367,0.5554060116644235,False,,False,0.0
100000008136608100,terminal,0.654,8,0.4297,"вероятный конечный получатель: 170 тыс ₸ от 1; 4 колено, исходящие не собраны, P(пересылает)=0.24",likely_sink_truncated,4,False,1,0,170000.0,0.0,1,0,0.0,0,0,7,0.23953011288624274,0.0,1.0,0.0,0.0005643778935793348,-0.0,-9.35254227284037e-19,0.0,True,0.229,0.0,0.682,0.865,0.367,0.4780170480035891,False,,False,0.0
100000000810551100,peripheral,0.7,6,0.4292,"слабые связи: 1 вход / 1 выход, 100 тыс ₸ → 7 тыс ₸, без устойчивого паттерна",,1,False,1,1,100000.0,7100.0,1,1,0.071,1,2,10,1.0,0.0,1.0,0.0,0.0003055929375935048,4.325087454327582e-19,0.0004611679650745722,7.769558206055905e-05,False,0.035,0.333,0.595,0.439,0.924,0.5293853746074473,False,,False,0.0
100000000861294100,terminal,0.823,12,0.4286,"получил 150 тыс ₸ от 1 плательщ.; исходящих ≥5 тыс ₸ в выборке не наблюдается (колено 2, исходящие выгружены)",observed_sink,2,False,1,0,150000.0,0.0,1,0,0.0,0,1,1,0.0,0.0,1.0,0.0,0.0003139989095463333,-0.0,2.8721412970847028e-05,0.0,False,0.288,0.167,0.65,0.504,0.367,0.4638851502916106,False,,False,0.0
100000002773323100,peripheral,0.7,1,0.4285,"слабые связи: 2 вход / 1 выход, 285 тыс ₸ → 1.2 млн ₸, без устойчивого паттерна",,3,False,2,1,285000.0,1171644.0,2,2,4.111031578947369,0,0,8,1.0,0.0,2.0,0.0,0.0003254977886002247,-3.4984664815226775e-19,7.528982871820893e-07,2.139985994980544e-05,False,0.035,0.0,0.951,0.562,0.854,0.9026469268730373,False,,False,0.0
100000002214383100,terminal,0.656,7,0.4279,"вероятный конечный получатель: 213 тыс ₸ от 1; 4 колено, исходящие не собраны, P(пересылает)=0.23",likely_sink_truncated,4,False,1,0,213000.0,0.0,1,0,0.0,0,0,1,0.23461421701862256,0.0,1.0,0.0,0.0005308718022156244,-0.0,-5.410419722282212e-19,0.0,True,0.23,0.0,0.72,0.802,0.367,0.5385823239120682,False,,False,0.0
100000004183610100,peripheral,0.7,15,0.4278,"слабые связи: 1 вход / 1 выход, 22 тыс ₸ → 915 тыс ₸, без устойчивого паттерна",,3,False,1,1,22000.0,915000.0,1,3,41.59090909090909,0,0,7,1.0,0.01639344262295082,1.0,0.0,0.00034076272266534053,3.6802170547290265e-19,4.259946144311007e-08,1.9616538287321655e-05,False,0.035,0.0,0.923,0.607,0.836,0.6276357110812023,False,,False,0.0
100000003050771100,terminal,0.829,0,0.4277,"получил 229 тыс ₸ от 1 плательщ.; исходящих ≥5 тыс ₸ в выборке не наблюдается (колено 3, исходящие выгружены)",observed_sink,3,False,1,0,229000.0,0.0,1,0,0.0,0,0,7,0.0,0.0,1.0,0.0,0.0003703398485850226,-0.0,0.000259460087793076,0.0,False,0.29,0.0,0.731,0.665,0.367,0.2496635262449529,False,,False,0.0
100000000850297100,transit,1.0,9,0.4276,"транзит: получил 18 тыс ₸, отдал 100%, 100% ушло в течение 2 дн. после прихода",,2,False,1,1,17520.0,17520.0,1,1,1.0,0,1,1,1.0,1.0,1.0,1.0,0.00029391683130875195,9.759457887089555e-06,2.3228134124635814e-05,0.0,False,0.6,0.167,0.346,0.28,0.367,0.7918349035441902,False,,False,0.0
100000001616816100,consolidator,0.477,12,0.4276,"признаки консолидации: получает от 5 плательщиков (0 seed) 176 тыс ₸, дальше 103% полученного",,0,True,5,3,176195.0,181326.0,12,10,1.0291211441868384,0,2,10,1.0,0.6939214453525694,1.0,2.0,0.0024346571906844494,2.18703723215274e-05,4.749001496164247e-07,0.00010470096527690845,False,0.429,0.333,0.807,0.994,0.933,0.8793180798564378,False,,False,0.5
100000000667713100,peripheral,0.7,2,0.4275,"слабые связи: 2 вход / 6 выход, 119 тыс ₸ → 79 тыс ₸, без устойчивого паттерна",,1,False,2,6,119495.0,79236.0,10,7,0.663090505878907,1,1,7,1.0,0.4726386995809985,1.0,2.0,0.0003201059721320311,0.0006759245224282913,0.00030027075770846894,0.00013967625368757418,False,0.035,0.167,0.706,0.543,0.948,0.8864961866307761,False,,False,0.4
100000005314565100,terminal,0.828,0,0.4273,"получил 218 тыс ₸ от 1 плательщ.; исходящих ≥5 тыс ₸ в выборке не наблюдается (колено 3, исходящие выгружены)",observed_sink,3,False,1,0,218500.0,0.0,3,0,0.0,0,0,7,0.0,0.0,1.0,0.0,0.00037502151711100556,-0.0,0.0006428156846267583,0.0,False,0.29,0.0,0.725,0.671,0.367,0.10363391655450875,False,,False,0.0
100000004005964100,peripheral,0.7,21,0.4273,"слабые связи: 3 вход / 3 выход, 98 тыс ₸ → 72 тыс ₸, без устойчивого паттерна",,1,False,3,3,97900.0,72000.0,9,5,0.7354443309499489,1,1,1,1.0,0.625,1.0,16.0,0.00040452469148817116,3.1283473824550995e-18,2.231767167954529e-18,4.953671284677185e-07,False,0.035,0.167,0.681,0.71,0.746,0.9353970390309556,False,,False,0.3333333333333333
100000008493007100,transit,1.0,7,0.427,"транзит: получил 26 тыс ₸, отдал 100%, 100% ушло в течение 2 дн. после прихода",,3,False,1,1,26150.0,26150.0,1,1,1.0,0,0,1,1.0,1.0,1.0,0.0,0.00028965072814292185,5.940614877578192e-19,-1.528429321286511e-17,1.387027959709612e-06,False,0.6,0.0,0.446,0.157,0.764,0.7967698519515478,False,,False,0.0
100000001538095100,terminal,0.882,1,0.4269,"получил 280 тыс ₸ от 2 плательщ.; исходящих ≥5 тыс ₸ в выборке не наблюдается (колено 3, исходящие выгружены)",observed_sink,3,False,2,0,280000.0,0.0,2,0,0.0,0,0,9,0.0,0.0,2.0,0.0,0.000330135226662397,-0.0,3.051233649904244e-06,0.0,False,0.309,0.0,0.766,0.577,0.367,0.7720951099147599,False,,False,0.0
100000004390333100,peripheral,0.7,0,0.4268,"слабые связи: 2 вход / 9 выход, 65 тыс ₸ → 506 тыс ₸, без устойчивого паттерна",,1,False,2,9,64558.0,506500.0,2,14,7.845658167849066,1,1,7,1.0,0.21717670286278382,1.0,170.0,0.00029521378985057525,0.0028691080189599907,0.005057463282107331,0.00015841501981922766,False,0.035,0.167,0.879,0.306,0.951,0.961866307761328,False,,False,0.0
100000003097324100,terminal,0.882,1,0.4266,"получил 294 тыс ₸ от 2 плательщ.; исходящих ≥5 тыс ₸ в выборке не наблюдается (колено 3, исходящие выгружены)",observed_sink,3,False,2,0,294000.0,0.0,2,0,0.0,0,0,9,0.0,0.0,2.0,0.0,0.0003260131114572473,-0.0,2.3221273423598167e-06,0.0,False,0.309,0.0,0.774,0.564,0.367,0.7743382682817407,False,,False,0.0
100000000011452100,peripheral,0.7,3,0.4264,"слабые связи: 3 вход / 1 выход, 110 тыс ₸ → 17 тыс ₸, без устойчивого паттерна",,1,False,3,1,110000.0,16685.0,7,2,0.1516818181818182,1,1,7,1.0,1.0,1.0,1.0,0.00047686402523264667,0.0006938863234414881,0.003786366749604575,3.368496473580486e-06,False,0.035,0.167,0.623,0.76,0.779,0.8806639748766263,False,,False,0.42857142857142855
100000002109656100,terminal,0.84,9,0.4258,"получил 500 тыс ₸ от 1 плательщ.; исходящих ≥5 тыс ₸ в выборке не наблюдается (колено 3, исходящие выгружены)",observed_sink,3,False,1,0,500000.0,0.0,1,0,0.0,0,0,2,0.0,0.0,1.0,0.0,0.00030938521828855153,-0.0,3.7941363435538907e-07,0.0,False,0.294,0.0,0.864,0.469,0.367,0.6092418124719605,False,,False,0.0
100000002644285100,terminal,0.84,9,0.4258,"получил 500 тыс ₸ от 1 плательщ.; исходящих ≥5 тыс ₸ в выборке не наблюдается (колено 3, исходящие выгружены)",observed_sink,3,False,1,0,500000.0,0.0,1,0,0.0,0,0,2,0.0,0.0,1.0,0.0,0.00030938521828855153,-0.0,3.7941363435538907e-07,0.0,False,0.294,0.0,0.864,0.469,0.367,0.6092418124719605,False,,False,0.0
100000002540623100,terminal,0.817,9,0.4257,"получил 100 тыс ₸ от 1 плательщ.; исходящих ≥5 тыс ₸ в выборке не наблюдается (колено 2, исходящие выгружены)",observed_sink,2,False,1,0,100000.0,0.0,1,0,0.0,0,1,1,0.0,0.0,1.0,0.0,0.00033321505387175237,-0.0,2.3228134124635814e-05,0.0,False,0.286,0.167,0.58,0.585,0.367,0.379766711529834,False,,False,0.0
100000008619159100,terminal,0.639,2,0.4252,"вероятный конечный получатель: 446 тыс ₸ от 1; 4 колено, исходящие не собраны, P(пересылает)=0.28",likely_sink_truncated,4,False,1,0,446400.0,0.0,2,0,0.0,0,0,7,0.27753902974282785,0.0,1.0,0.0,0.00035658738939848764,-0.0,3.0787436515578e-20,0.0,True,0.224,0.0,0.84,0.638,0.367,0.6078959174517721,False,,False,0.0
100000001445848100,peripheral,0.7,14,0.4251,"слабые связи: 1 вход / 1 выход, 546 тыс ₸ → 352 тыс ₸, без устойчивого паттерна",,3,False,1,1,546000.0,351850.0,13,14,0.6444139194139195,0,0,7,1.0,0.6863720335370186,1.0,1.0,0.0007020167320692274,2.218993269476467e-05,-2.492872205970298e-19,0.0,False,0.035,0.0,0.918,0.911,0.367,0.8322117541498429,False,,False,0.07692307692307693
100000002591469100,terminal,0.829,13,0.4251,"получил 236 тыс ₸ от 1 плательщ.; исходящих ≥5 тыс ₸ в выборке не наблюдается (колено 1, исходящие выгружены)",observed_sink,1,False,1,0,235670.0,0.0,1,0,0.0,1,1,1,0.0,0.0,1.0,0.0,0.0002990831396236902,-0.0,4.3414150090401995e-06,0.0,False,0.29,0.167,0.738,0.362,0.367,0.572678331090175,False,,False,0.0
100000003031633100,terminal,0.837,1,0.4249,"получил 414 тыс ₸ от 1 плательщ.; исходящих ≥5 тыс ₸ в выборке не наблюдается (колено 3, исходящие выгружены)",observed_sink,3,False,1,0,414000.0,0.0,2,0,0.0,0,0,8,0.0,0.0,1.0,0.0,0.0003146261273194669,-0.0,1.9662146336183556e-06,0.0,False,0.293,0.0,0.831,0.51,0.367,0.3405114401076716,False,,False,0.0
100000006209210100,terminal,0.829,0,0.4248,"получил 229 тыс ₸ от 1 плательщ.; исходящих ≥5 тыс ₸ в выборке не наблюдается (колено 3, исходящие выгружены)",observed_sink,3,False,1,0,229111.0,0.0,1,0,0.0,0,0,7,0.0,0.0,1.0,0.0,0.00036080271331221227,-0.0,0.00010831189958102266,0.0,False,0.29,0.0,0.731,0.648,0.367,0.2496635262449529,False,,False,0.0
100000004588479100,terminal,0.825,2,0.4247,"получил 178 тыс ₸ от 1 плательщ.; исходящих ≥5 тыс ₸ в выборке не наблюдается (колено 1, исходящие выгружены)",observed_sink,1,False,1,0,177633.0,0.0,2,0,0.0,1,1,7,0.0,0.0,1.0,0.0,0.0003046680486193901,-0.0,0.00029524161332082757,0.0,False,0.289,0.167,0.687,0.431,0.367,0.3059668012561687,False,,False,0.0
100000008388049100,terminal,0.84,9,0.4246,"получил 496 тыс ₸ от 1 плательщ.; исходящих ≥5 тыс ₸ в выборке не наблюдается (колено 3, исходящие выгружены)",observed_sink,3,False,1,0,496400.0,0.0,1,0,0.0,0,0,2,0.0,0.0,1.0,0.0,0.0003092137436352385,-0.0,3.7941363435538907e-07,0.0,False,0.294,0.0,0.861,0.466,0.367,0.5989232839838493,False,,False,0.0
100000001141268100,peripheral,0.7,1,0.4242,"слабые связи: 2 вход / 1 выход, 480 тыс ₸ → 10 тыс ₸, без устойчивого паттерна",,3,False,2,1,480000.0,10000.0,2,1,0.020833333333333332,0,0,9,1.0,1.0,2.0,0.0,0.0003648625677100086,2.8196574158770728e-21,4.3955813135211625e-07,2.2390594206740877e-05,False,0.035,0.0,0.859,0.656,0.861,0.9484073575594437,False,,False,0.0
100000008188026100,peripheral,0.7,2,0.4239,"слабые связи: 2 вход / 4 выход, 86 тыс ₸ → 338 тыс ₸, без устойчивого паттерна",,1,False,2,4,86468.0,337983.17,5,4,3.9087659018365173,1,1,7,1.0,0.0,1.0,3.0,0.0002993035967853822,-1.4211601959507183e-20,0.0003478114498496522,8.203279647425419e-05,False,0.035,0.167,0.833,0.367,0.926,0.8447734410049349,False,,False,0.2
100000005546031100,peripheral,0.7,37,0.4236,"слабые связи: 3 вход / 1 выход, 67 тыс ₸ → 8 тыс ₸, без устойчивого паттерна",,1,False,3,1,66800.0,8000.0,6,1,0.11976047904191617,1,1,1,1.0,1.0,2.0,1.0,0.0007125289535173731,8.977335265175283e-20,-7.39725515608072e-19,5.944405541612623e-07,False,0.035,0.167,0.511,0.914,0.748,0.946164199192463,False,,False,0.6666666666666666
100000007511163100,peripheral,0.7,2,0.4234,"слабые связи: 2 вход / 3 выход, 64 тыс ₸ → 82 тыс ₸, без устойчивого паттерна",,1,False,2,3,63666.0,82052.0,2,3,1.2887883642760658,1,1,7,1.0,0.5971822746550968,1.0,1.0,0.00033959732516021664,0.00012739686232496618,0.0003053651890932851,0.00013645713165524087,False,0.035,0.167,0.644,0.604,0.945,0.768954688200987,False,,False,0.0
100000007322059100,peripheral,0.7,16,0.4231,"слабые связи: 2 вход / 1 выход, 29 тыс ₸ → 22 тыс ₸, без устойчивого паттерна",,2,False,2,1,29000.0,22500.0,2,2,0.7758620689655172,0,1,8,1.0,0.6888888888888889,1.0,1.0,0.0006801571631888173,-1.0709847161503698e-19,-8.892799100929757e-20,4.0025663980191654e-05,False,0.035,0.167,0.442,0.907,0.892,0.7640197397936295,False,,False,0.5
100000005241556100,terminal,0.817,1,0.4228,"получил 100 тыс ₸ от 1 плательщ.; исходящих ≥5 тыс ₸ в выборке не наблюдается (колено 3, исходящие выгружены)",observed_sink,3,False,1,0,100000.0,0.0,1,0,0.0,0,0,8,0.0,0.0,1.0,0.0,0.0005490718879795881,-0.0,4.629008337362131e-19,0.0,False,0.286,0.0,0.58,0.847,0.367,0.07761327949753252,False,,False,0.0
100000003237045100,peripheral,0.7,2,0.4226,"слабые связи: 1 вход / 1 выход, 340 тыс ₸ → 150 тыс ₸, без устойчивого паттерна",,2,False,1,1,340200.0,150000.0,2,1,0.4409171075837742,0,1,7,1.0,0.0,1.0,1.0,0.0003941344320653889,0.0001266670798979907,1.8799731546374494e-07,0.0,False,0.035,0.167,0.859,0.698,0.367,0.6724988784208165,False,,False,0.0
100000004539443100,terminal,0.86,6,0.4226,"получил 62 тыс ₸ от 2 плательщ.; исходящих ≥5 тыс ₸ в выборке не наблюдается (колено 3, исходящие выгружены)",observed_sink,3,False,2,0,61990.0,0.0,2,0,0.0,0,0,10,0.0,0.0,2.0,0.0,0.0009561831780302773,-0.0,-5.664357235375327e-19,0.0,False,0.301,0.0,0.48,0.948,0.367,0.8371467025572006,False,,False,0.0
100000002670960100,terminal,0.839,9,0.4223,"получил 480 тыс ₸ от 1 плательщ.; исходящих ≥5 тыс ₸ в выборке не наблюдается (колено 3, исходящие выгружены)",observed_sink,3,False,1,0,480310.0,0.0,1,0,0.0,0,0,2,0.0,0.0,1.0,0.0,0.0003084473471986253,-0.0,3.7941363435538907e-07,0.0,False,0.294,0.0,0.855,0.462,0.367,0.591969493046209,False,,False,0.0
100000000817146100,peripheral,0.85,2,0.4222,"мелкий получатель: разовое поступление 70 тыс ₸ от 1 плательщика, исходящих в выборке не наблюдается — признаков роли нет",small_receiver,1,False,1,0,70020.0,0.0,1,0,0.0,1,2,9,0.0,0.0,1.0,0.0,0.0005894684786410244,-0.0,-5.161402971404901e-19,0.0,False,0.042,0.333,0.503,0.878,0.367,0.16240466576940332,False,,False,0.0
100000000561160100,terminal,0.657,3,0.4222,"вероятный конечный получатель: 240 тыс ₸ от 1; 4 колено, исходящие не собраны, P(пересылает)=0.23",likely_sink_truncated,4,False,1,0,240000.0,0.0,1,0,0.0,0,0,7,0.23203502563204403,0.0,1.0,0.0,0.00043625462329843924,-0.0,1.1987358810531556e-05,0.0,True,0.23,0.0,0.743,0.737,0.367,0.5868102288021534,False,,False,0.0
100000008200810100,terminal,0.839,9,0.4218,"получил 475 тыс ₸ от 1 плательщ.; исходящих ≥5 тыс ₸ в выборке не наблюдается (колено 3, исходящие выгружены)",observed_sink,3,False,1,0,475000.0,0.0,1,0,0.0,0,0,2,0.0,0.0,1.0,0.0,0.0003081944220849885,-0.0,3.7941363435538907e-07,0.0,False,0.294,0.0,0.853,0.461,0.367,0.5908479138627187,False,,False,0.0
100000004689658100,peripheral,0.7,15,0.4215,"слабые связи: 1 вход / 1 выход, 456 тыс ₸ → 7 тыс ₸, без устойчивого паттерна",,3,False,1,1,456100.0,7092.0,1,1,0.015549221661916246,0,0,7,1.0,0.0,1.0,0.0,0.000386316358127699,-2.374769367348197e-19,0.0001302803777205814,1.922024458454748e-05,False,0.035,0.0,0.851,0.685,0.81,0.6469268730372364,False,,False,0.0
100000002981527100,terminal,0.824,13,0.4214,"получил 168 тыс ₸ от 1 плательщ.; исходящих ≥5 тыс ₸ в выборке не наблюдается (колено 1, исходящие выгружены)",observed_sink,1,False,1,0,168000.0,0.0,1,0,0.0,1,1,1,0.0,0.0,1.0,0.0,0.000303611374917362,-0.0,2.274780546011994e-05,0.0,False,0.288,0.167,0.678,0.426,0.367,0.47644683714670255,False,,False,0.0
100000004659919100,peripheral,0.7,6,0.4213,"слабые связи: 1 вход / 1 выход, 110 тыс ₸ → 39 тыс ₸, без устойчивого паттерна",,3,False,1,1,110000.0,39000.0,2,1,0.35454545454545455,0,0,10,1.0,0.0,1.0,0.0,0.0007249529791849286,4.260409974112141e-19,-9.556699845439188e-19,2.4173915869224665e-05,False,0.035,0.0,0.647,0.917,0.867,0.36608344549125166,False,,False,0.0
100000003171587100,peripheral,0.7,10,0.4213,"слабые связи: 2 вход / 2 выход, 700 тыс ₸ → 431 тыс ₸, без устойчивого паттерна",,3,False,2,2,700000.0,431300.0,2,7,0.6161428571428571,0,0,7,1.0,0.0,2.0,0.0,0.0003160184159302093,8.910831444311798e-19,0.0030195345237039014,3.883678287186913e-05,False,0.035,0.0,0.936,0.519,0.885,0.9331538806639749,False,,False,0.0
100000008751380100,terminal,0.885,1,0.4206,"получил 346 тыс ₸ от 2 плательщ.; исходящих ≥5 тыс ₸ в выборке не наблюдается (колено 3, исходящие выгружены)",observed_sink,3,False,2,0,345780.0,0.0,2,0,0.0,0,0,9,0.0,0.0,1.0,0.0,0.0003127638118830448,-0.0,1.982061910844597e-06,0.0,False,0.31,0.0,0.799,0.494,0.367,0.620457604306864,False,,False,0.5
100000002126791100,peripheral,0.517,1,0.4203,"4 колено, обход оборван: исходящие не видны, P(пересылает)=0.44 — роль не определить, получил 1.3 млн ₸",truncated_unknown,4,False,1,0,1313000.0,0.0,3,0,0.0,0,0,9,0.4446542465978088,0.0,1.0,0.0,0.0005716806006060716,-0.0,-1.0165261903946394e-18,0.0,True,0.026,0.0,0.943,0.869,0.367,0.7949753252579632,False,,False,0.0
100000005133757100,terminal,0.86,15,0.4203,"получил 65 тыс ₸ от 2 плательщ.; исходящих ≥5 тыс ₸ в выборке не наблюдается (колено 1, исходящие выгружены)",observed_sink,1,False,2,0,65000.0,0.0,2,0,0.0,1,2,10,0.0,0.0,1.0,0.0,0.00029941072919292984,-0.0,0.0005914483427951539,0.0,False,0.301,0.333,0.488,0.37,0.367,0.4165545087483176,False,,False,0.0
100000008221765100,terminal,0.653,5,0.4201,"вероятный конечный получатель: 156 тыс ₸ от 1; 4 колено, исходящие не собраны, P(пересылает)=0.24",likely_sink_truncated,4,False,1,0,156354.0,0.0,1,0,0.0,0,0,7,0.2415817630258904,0.0,1.0,0.0,0.0005404417175185705,-0.0,-4.456993344513442e-19,0.0,True,0.229,0.0,0.664,0.834,0.367,0.4158815612382234,False,,False,0.0
100000002445750100,peripheral,0.7,0,0.4198,"слабые связи: 1 вход / 1 выход, 70 тыс ₸ → 10 тыс ₸, без устойчивого паттерна",,2,False,1,1,70000.0,10000.0,1,1,0.14285714285714285,0,1,7,1.0,0.0,1.0,0.0,0.0005372906870343836,-2.308992255533104e-19,-6.321057006188075e-20,1.9418391435934565e-05,False,0.035,0.167,0.521,0.824,0.83,0.49259757738896365,False,,False,0.0
100000002548759100,terminal,0.886,1,0.4187,"получил 375 тыс ₸ от 2 плательщ.; исходящих ≥5 тыс ₸ в выборке не наблюдается (колено 3, исходящие выгружены)",observed_sink,3,False,2,0,375000.0,0.0,2,0,0.0,0,0,9,0.0,0.0,2.0,0.0,0.0003085290301049609,-0.0,5.186948352977976e-06,0.0,False,0.31,0.0,0.814,0.463,0.367,0.7891431135038134,False,,False,0.0
100000001270349100,terminal,0.827,12,0.4176,"получил 200 тыс ₸ от 1 плательщ.; исходящих ≥5 тыс ₸ в выборке не наблюдается (колено 3, исходящие выгружены)",observed_sink,3,False,1,0,200000.0,0.0,1,0,0.0,0,0,1,0.0,0.0,1.0,0.0,0.0003553003383239642,-0.0,4.7270722414759125e-07,0.0,False,0.289,0.0,0.711,0.635,0.367,0.1810228802153432,False,,False,0.0
100000008333492100,terminal,0.656,1,0.4175,"вероятный конечный получатель: 216 тыс ₸ от 1; 4 колено, исходящие не собраны, P(пересылает)=0.23",likely_sink_truncated,4,False,1,0,216400.0,0.0,1,0,0.0,0,0,9,0.2339233895338494,0.0,1.0,0.0,0.0004380108561569439,-0.0,1.7426726082595881e-19,0.0,True,0.23,0.0,0.723,0.738,0.367,0.5385823239120682,False,,False,0.0
100000003031003100,terminal,0.932,1,0.4172,"получил 280 тыс ₸ от 3 плательщ.; исходящих ≥5 тыс ₸ в выборке не наблюдается (колено 3, исходящие выгружены)",observed_sink,3,False,3,0,280090.0,0.0,3,0,0.0,0,0,9,0.0,0.0,2.0,0.0,0.00031149881059583704,-0.0,6.190924671218998e-06,0.0,False,0.326,0.0,0.767,0.484,0.367,0.8932256617317182,False,,False,0.0
100000001957974100,terminal,0.662,8,0.4171,"вероятный конечный получатель: 500 тыс ₸ от 1; 4 колено, исходящие не собраны, P(пересылает)=0.22",likely_sink_truncated,4,False,1,0,500000.0,0.0,1,0,0.0,0,0,7,0.21890052901860896,0.0,1.0,0.0,0.00032013746769043446,-0.0,5.9204630721959984e-08,0.0,True,0.232,0.0,0.864,0.543,0.367,0.7211754149842979,False,,False,0.0
100000003178549100,peripheral,0.7,14,0.4171,"слабые связи: 2 вход / 4 выход, 250 тыс ₸ → 89 тыс ₸, без устойчивого паттерна",,3,False,2,4,250000.0,89080.0,2,4,0.35632,0,0,7,1.0,0.0,1.0,11.0,0.0003521578194805638,0.0015225878541949682,0.0016231039861887163,0.000272122020152055,False,0.035,0.0,0.795,0.631,0.963,0.9385374607447285,False,,False,0.0
100000008739887100,peripheral,0.7,3,0.4168,"слабые связи: 2 вход / 2 выход, 214 тыс ₸ → 307 тыс ₸, без устойчивого паттерна",,3,False,2,2,214000.0,307000.0,3,2,1.4345794392523366,0,0,7,1.0,1.0,1.0,0.0,0.00033330063396974185,-6.091564229016391e-19,0.0027423192312258956,3.844048916909496e-05,False,0.035,0.0,0.87,0.586,0.879,0.8914311350381336,False,,False,0.0
100000003406094100,peripheral,0.7,2,0.4164,"слабые связи: 1 вход / 3 выход, 70 тыс ₸ → 47 тыс ₸, без устойчивого паттерна",,3,False,1,3,70000.0,47000.0,4,3,0.6714285714285714,0,0,7,1.0,0.14893617021276595,1.0,1.0,0.0007781507813786729,1.1351904805633778e-06,-2.4130677835494897e-19,3.883678287186913e-05,False,0.035,0.0,0.611,0.924,0.885,0.7169134140870346,False,,False,0.0
100000001285440100,terminal,0.88,1,0.4162,"получил 243 тыс ₸ от 2 плательщ.; исходящих ≥5 тыс ₸ в выборке не наблюдается (колено 3, исходящие выгружены)",observed_sink,3,False,2,0,243000.0,0.0,2,0,0.0,0,0,9,0.0,0.0,2.0,0.0,0.0003203647790984489,-0.0,3.3043791419704267e-06,0.0,False,0.308,0.0,0.745,0.544,0.367,0.7770300583221176,False,,False,0.0
100000000555721100,terminal,0.868,0,0.4161,"получил 113 тыс ₸ от 2 плательщ.; исходящих ≥5 тыс ₸ в выборке не наблюдается (колено 1, исходящие выгружены)",observed_sink,1,False,2,0,113000.0,0.0,3,0,0.0,1,1,7,0.0,0.0,2.0,0.0,0.000308091961795813,-0.0,0.0032895890599809767,0.0,False,0.304,0.167,0.606,0.46,0.367,0.737101839389861,False,,False,0.0
100000005815602100,peripheral,0.7,2,0.4161,"слабые связи: 1 вход / 1 выход, 20 тыс ₸ → 165 тыс ₸, без устойчивого паттерна",,3,False,1,1,20000.0,165000.0,1,1,8.25,0,0,7,1.0,0.0,1.0,0.0,0.0005521710322392142,1.0133232258233674e-20,8.295579338850688e-19,1.9418391435934565e-05,False,0.035,0.0,0.692,0.851,0.83,0.5186182144459399,False,,False,0.0
100000006111439100,transit,0.575,0,0.4158,"транзит: получил 21 тыс ₸, отдал 117%, 0% ушло в течение 2 дн. после прихода",,3,False,3,4,20570.0,24000.0,3,4,1.166747690811862,0,0,7,1.0,0.0,1.0,1.0,0.0003655017010699153,0.00039378213319800375,0.0036417525704084608,1.755563613021834e-05,False,0.345,0.0,0.391,0.657,0.79,0.9533423059668013,False,,False,1.0
100000001131403100,peripheral,0.518,8,0.4158,"4 колено, обход оборван: исходящие не видны, P(пересылает)=0.44 — роль не определить, получил 1.6 млн ₸",truncated_unknown,4,False,1,0,1570000.0,0.0,3,0,0.0,0,0,7,0.4403059603474255,0.0,1.0,0.0,0.0005380419296007586,-0.0,9.69184016974786e-20,0.0,True,0.026,0.0,0.956,0.825,0.367,0.8375953342305967,False,,False,0.0
100000003718715100,peripheral,0.514,15,0.4157,"4 колено, обход оборван: исходящие не видны, P(пересылает)=0.45 — роль не определить, получил 915 тыс ₸",truncated_unknown,4,False,1,0,915000.0,0.0,3,0,0.0,0,0,7,0.4540810164214382,0.0,1.0,0.0,0.0005755764809645297,-0.0,8.646608052984918e-19,0.0,True,0.026,0.0,0.921,0.871,0.367,0.6989681471511888,False,,False,0.0
100000001961048100,terminal,0.823,25,0.4157,"получил 150 тыс ₸ от 1 плательщ.; исходящих ≥5 тыс ₸ в выборке не наблюдается (колено 2, исходящие выгружены)",observed_sink,2,False,1,0,150000.0,0.0,1,0,0.0,0,1,7,0.0,0.0,1.0,0.0,0.00030430933928482474,-0.0,3.87668795219064e-07,0.0,False,0.288,0.167,0.65,0.43,0.367,0.4638851502916106,False,,False,0.0
100000002492277100,terminal,0.821,0,0.4156,"получил 138 тыс ₸ от 1 плательщ.; исходящих ≥5 тыс ₸ в выборке не наблюдается (колено 2, исходящие выгружены)",observed_sink,2,False,1,0,138500.0,0.0,1,0,0.0,0,1,7,0.0,0.0,1.0,0.0,0.0003074034730996861,-0.0,0.00014216819592800163,0.0,False,0.287,0.167,0.633,0.454,0.367,0.44190219829519967,False,,False,0.0
100000002762076100,peripheral,0.7,13,0.4156,"слабые связи: 2 вход / 1 выход, 140 тыс ₸ → 30 тыс ₸, без устойчивого паттерна",,1,False,2,1,140350.0,30000.0,2,1,0.21375133594584966,2,2,2,1.0,0.0,1.0,0.0,0.00029914566971164466,-4.652723130322966e-19,1.4441448677748666e-05,3.962937027741748e-07,False,0.035,0.333,0.683,0.364,0.742,0.5374607447285779,False,,False,0.0
100000002628576100,peripheral,0.7,5,0.4155,"слабые связи: 2 вход / 2 выход, 728 тыс ₸ → 539 тыс ₸, без устойчивого паттерна",,3,False,2,2,727882.0,539000.0,3,2,0.7405046422359668,0,0,7,1.0,1.0,1.0,0.0,0.0003113901539132382,-2.0698987917966382e-19,0.005845955735386653,3.844048916909496e-05,False,0.035,0.0,0.942,0.483,0.879,0.9344997756841633,False,,False,0.0
100000008279405100,terminal,0.829,3,0.4154,"получил 235 тыс ₸ от 1 плательщ.; исходящих ≥5 тыс ₸ в выборке не наблюдается (колено 3, исходящие выгружены)",observed_sink,3,False,1,0,234738.0,0.0,2,0,0.0,0,0,7,0.0,0.0,1.0,0.0,0.00033332885250302887,-0.0,0.0016044117981357526,0.0,False,0.29,0.0,0.737,0.586,0.367,0.12382234185733512,False,,False,0.0
100000008254069100,peripheral,0.7,18,0.4152,"слабые связи: 1 вход / 5 выход, 10 тыс ₸ → 108 тыс ₸, без устойчивого паттерна",,2,False,1,5,10200.0,107500.0,2,6,10.53921568627451,0,1,8,1.0,0.09302325581395349,1.0,1.0,0.00034248614123752176,5.528939788227828e-05,-1.2933949307308513e-19,9.351210406461278e-05,False,0.035,0.167,0.612,0.611,0.927,0.7729923732615522,False,,False,1.0
100000005168487100,peripheral,0.7,6,0.415,"слабые связи: 1 вход / 1 выход, 15 тыс ₸ → 104 тыс ₸, без устойчивого паттерна",,2,False,1,1,15000.0,103510.0,1,14,6.900666666666667,0,1,8,1.0,0.17399285093227707,1.0,1.0,0.0018125473143557728,5.2684536444915086e-05,3.0982931300838197e-19,0.0,False,0.035,0.167,0.613,0.981,0.367,0.6357110812023329,False,,False,0.0
100000000803368100,terminal,0.653,8,0.4149,"вероятный конечный получатель: 140 тыс ₸ от 1; 4 колено, исходящие не собраны, P(пересылает)=0.24",likely_sink_truncated,4,False,1,0,139503.0,0.0,1,0,0.0,0,0,7,0.24317111019346663,0.0,1.0,0.0,0.0005481144591336156,-0.0,1.9677002587840852e-07,0.0,True,0.229,0.0,0.634,0.844,0.367,0.4004037685060565,False,,False,0.0
100000008038077100,terminal,0.84,5,0.4143,"получил 500 тыс ₸ от 1 плательщ.; исходящих ≥5 тыс ₸ в выборке не наблюдается (колено 3, исходящие выгружены)",observed_sink,3,False,1,0,499850.0,0.0,2,0,0.0,0,0,7,0.0,0.0,1.0,0.0,0.0003017690198782206,-0.0,0.002940174080170154,0.0,False,0.294,0.0,0.863,0.405,0.367,0.4607447285778376,False,,False,0.0
100000003199390100,terminal,0.658,5,0.4143,"вероятный конечный получатель: 260 тыс ₸ от 1; 4 колено, исходящие не собраны, P(пересылает)=0.23",likely_sink_truncated,4,False,1,0,260000.0,0.0,1,0,0.0,0,0,7,0.231225813088434,0.0,1.0,0.0,0.00037663319077753615,-0.0,3.0443856381989164e-19,0.0,True,0.23,0.0,0.756,0.674,0.367,0.5957828622700763,False,,False,0.0
100000003128638100,terminal,0.659,1,0.4142,"вероятный конечный получатель: 300 тыс ₸ от 1; 4 колено, исходящие не собраны, P(пересылает)=0.23",likely_sink_truncated,4,False,1,0,300000.0,0.0,1,0,0.0,0,0,8,0.22794470970658723,0.0,1.0,0.0,0.00035818724692399735,-0.0,3.09069752631789e-08,0.0,True,0.231,0.0,0.778,0.643,0.367,0.6229250785105428,False,,False,0.0
100000004130144100,terminal,0.827,13,0.4141,"получил 200 тыс ₸ от 1 плательщ.; исходящих ≥5 тыс ₸ в выборке не наблюдается (колено 1, исходящие выгружены)",observed_sink,1,False,1,0,200000.0,0.0,1,0,0.0,1,1,1,0.0,0.0,1.0,0.0,0.00029703774196744934,-0.0,4.3414150090401995e-06,0.0,False,0.289,0.167,0.711,0.337,0.367,0.5410497981157469,False,,False,0.0
100000007641801100,terminal,0.827,13,0.4141,"получил 200 тыс ₸ от 1 плательщ.; исходящих ≥5 тыс ₸ в выборке не наблюдается (колено 1, исходящие выгружены)",observed_sink,1,False,1,0,200000.0,0.0,1,0,0.0,1,1,1,0.0,0.0,1.0,0.0,0.00029703774196744934,-0.0,4.3414150090401995e-06,0.0,False,0.289,0.167,0.711,0.337,0.367,0.5410497981157469,False,,False,0.0
100000002394199100,peripheral,0.7,13,0.414,"слабые связи: 1 вход / 1 выход, 277 тыс ₸ → 77 тыс ₸, без устойчивого паттерна",,3,False,1,1,277398.0,76777.0,3,1,0.2767756076107254,0,0,1,1.0,1.0,1.0,1.0,0.0029678523915121755,-7.14361515649869e-20,6.333759382766353e-19,0.0,False,0.035,0.0,0.805,0.997,0.367,0.8631673396141768,False,,False,0.0
100000008536546100,terminal,0.88,1,0.4139,"получил 250 тыс ₸ от 2 плательщ.; исходящих ≥5 тыс ₸ в выборке не наблюдается (колено 3, исходящие выгружены)",observed_sink,3,False,2,0,250000.0,0.0,2,0,0.0,0,0,8,0.0,0.0,2.0,0.0,0.00031725287200167396,-0.0,2.56642986703289e-06,0.0,False,0.308,0.0,0.75,0.524,0.367,0.7738896366083445,False,,False,0.0
100000002306369100,peripheral,0.7,0,0.4137,"слабые связи: 1 вход / 6 выход, 73 тыс ₸ → 261 тыс ₸, без устойчивого паттерна",,1,False,1,6,73166.0,260900.0,1,9,3.5658639258672062,1,1,7,1.0,0.0,1.0,81.0,0.0002992990714116951,0.0037957609972735914,0.002151681626890832,7.025152223848328e-05,False,0.035,0.167,0.794,0.366,0.918,0.949304620906236,False,,False,0.0
100000007311010100,peripheral,0.7,0,0.4136,"слабые связи: 2 вход / 1 выход, 64 тыс ₸ → 20 тыс ₸, без устойчивого паттерна",,1,False,2,1,64480.0,20000.0,2,1,0.31017369727047145,1,2,10,1.0,0.0,1.0,0.0,0.0003093598362490267,1.0680764706153227e-19,0.0006039352620193588,2.3975769017837576e-05,False,0.035,0.333,0.535,0.468,0.866,0.5145805293853746,False,,False,0.0
100000007071852100,terminal,0.656,3,0.4134,"вероятный конечный получатель: 195 тыс ₸ от 1; 4 колено, исходящие не собраны, P(пересылает)=0.24",likely_sink_truncated,4,False,1,0,195000.0,0.0,1,0,0.0,0,0,7,0.23622941278283452,0.0,1.0,0.0,0.00044351479276962143,-0.0,2.7170551345385924e-05,0.0,True,0.23,0.0,0.703,0.742,0.367,0.5008972633467923,False,,False,0.0
100000003116106100,terminal,0.84,5,0.4134,"получил 494 тыс ₸ от 1 плательщ.; исходящих ≥5 тыс ₸ в выборке не наблюдается (колено 3, исходящие выгружены)",observed_sink,3,False,1,0,494050.0,0.0,2,0,0.0,0,0,7,0.0,0.0,1.0,0.0,0.00030158104666859096,-0.0,0.002940174080170154,0.0,False,0.294,0.0,0.86,0.403,0.367,0.44414535666218036,False,,False,0.0
100000003275398100,peripheral,0.7,21,0.413,"слабые связи: 1 вход / 1 выход, 300 тыс ₸ → 20 тыс ₸, без устойчивого паттерна",,2,False,1,1,300000.0,20000.0,1,1,0.06666666666666667,0,1,1,1.0,0.0,1.0,0.0,0.0004342478092851559,1.285076263340446e-18,1.6175436826327147e-18,0.0,False,0.035,0.167,0.789,0.735,0.367,0.6733961417676088,False,,False,0.0
100000000723383100,peripheral,0.7,10,0.4127,"слабые связи: 1 вход / 2 выход, 7 тыс ₸ → 75 тыс ₸, без устойчивого паттерна",,2,False,1,2,6800.0,75000.0,1,2,11.029411764705882,0,1,7,1.0,0.0,1.0,0.0,0.00038931955491752166,-3.056215439906305e-19,1.4206363640228022e-07,0.0002389651027728274,False,0.035,0.167,0.527,0.689,0.959,0.7124270973530731,False,,False,1.0
100000004500444100,peripheral,0.7,8,0.4125,"слабые связи: 2 вход / 1 выход, 180 тыс ₸ → 74 тыс ₸, без устойчивого паттерна",,3,False,2,1,180000.0,74000.0,7,5,0.4111111111111111,0,0,7,1.0,1.0,1.0,0.0,0.0004643947559108723,5.966964776668855e-19,2.461056040890979e-05,1.9418391435934565e-05,False,0.035,0.0,0.752,0.751,0.83,0.8676536563481382,False,,False,0.0
100000000910216100,peripheral,0.7,0,0.4123,"слабые связи: 1 вход / 1 выход, 71 тыс ₸ → 52 тыс ₸, без устойчивого паттерна",,2,False,1,1,71000.0,52010.0,3,1,0.7325352112676057,0,1,7,1.0,0.0,1.0,0.0,0.0003232395491094316,1.637125105711993e-06,0.00015948068360919774,0.0004801618458481234,False,0.035,0.167,0.618,0.555,0.973,0.4890085240017945,False,,False,0.3333333333333333
100000008730238100,terminal,0.651,1,0.4117,"вероятный конечный получатель: 113 тыс ₸ от 1; 4 колено, исходящие не собраны, P(пересылает)=0.25",likely_sink_truncated,4,False,1,0,113000.0,0.0,1,0,0.0,0,0,8,0.24700047598699762,0.0,1.0,0.0,0.0005632359245676673,-0.0,-3.8019321383299747e-19,0.0,True,0.228,0.0,0.606,0.864,0.367,0.3685509196949305,False,,False,0.0
100000002343825100,peripheral,0.7,1,0.4115,"слабые связи: 3 вход / 2 выход, 350 тыс ₸ → 90 тыс ₸, без устойчивого паттерна",,3,False,3,2,350000.0,89800.0,4,2,0.25657142857142856,0,0,8,1.0,0.5567928730512249,2.0,0.0,0.00033359725354762716,-4.183851433783332e-19,3.617463372026642e-06,4.279971989961088e-05,False,0.035,0.0,0.838,0.587,0.897,0.94302377747869,False,,False,0.0
100000008659950100,terminal,0.83,1,0.4114,"получил 246 тыс ₸ от 1 плательщ.; исходящих ≥5 тыс ₸ в выборке не наблюдается (колено 3, исходящие выгружены)",observed_sink,3,False,1,0,246000.0,0.0,1,0,0.0,0,0,8,0.0,0.0,1.0,0.0,0.0003208665270804813,-0.0,2.6125683863490796e-07,0.0,False,0.29,0.0,0.748,0.547,0.367,0.30080753701211305,False,,False,0.0
100000002632742100,terminal,0.879,1,0.4113,"получил 236 тыс ₸ от 2 плательщ.; исходящих ≥5 тыс ₸ в выборке не наблюдается (колено 3, исходящие выгружены)",observed_sink,3,False,2,0,235500.0,0.0,2,0,0.0,0,0,8,0.0,0.0,1.0,0.0,0.0003175643151957884,-0.0,1.5515386794153419e-06,0.0,False,0.308,0.0,0.738,0.526,0.367,0.6069986541049798,False,,False,0.0
100000001363952100,peripheral,0.7,15,0.4111,"слабые связи: 2 вход / 1 выход, 197 тыс ₸ → 91 тыс ₸, без устойчивого паттерна",,1,False,2,1,196655.0,91000.0,2,2,0.4627393150441128,1,1,7,1.0,0.10989010989010989,1.0,0.0,0.00030709529312418954,-1.2039226254745843e-20,0.00226533886378573,1.922024458454748e-05,False,0.035,0.167,0.772,0.452,0.81,0.6240466576940332,False,,False,0.0
100000006122699100,terminal,0.855,2,0.4103,"получил 46 тыс ₸ от 2 плательщ.; исходящих ≥5 тыс ₸ в выборке не наблюдается (колено 2, исходящие выгружены)",observed_sink,2,False,2,0,45865.0,0.0,2,0,0.0,0,1,7,0.0,0.0,2.0,0.0,0.0004047064849586182,-0.0,7.403304381194544e-06,0.0,False,0.299,0.167,0.399,0.711,0.367,0.7276805742485419,False,,False,0.0
100000007745062100,terminal,0.65,11,0.4103,"вероятный конечный получатель: 100 тыс ₸ от 1; 4 колено, исходящие не собраны, P(пересылает)=0.25",likely_sink_truncated,4,False,1,0,100000.0,0.0,1,0,0.0,0,0,9,0.24933768155863142,0.0,1.0,0.0,0.00062527994252457,-0.0,-8.250729640552529e-19,0.0,True,0.227,0.0,0.58,0.891,0.367,0.3483624943921041,False,,False,0.0
100000002822472100,terminal,0.881,9,0.4102,"получил 267 тыс ₸ от 2 плательщ.; исходящих ≥5 тыс ₸ в выборке не наблюдается (колено 3, исходящие выгружены)",observed_sink,3,False,2,0,266722.0,0.0,2,0,0.0,0,0,8,0.0,0.0,1.0,0.0,0.00031223557685989894,-0.0,2.4793204017386926e-05,0.0,False,0.308,0.0,0.759,0.49,0.367,0.6029609690444145,False,,False,0.0
100000002697752100,terminal,0.876,3,0.41,"получил 191 тыс ₸ от 2 плательщ.; исходящих ≥5 тыс ₸ в выборке не наблюдается (колено 3, исходящие выгружены)",observed_sink,3,False,2,0,190785.0,0.0,2,0,0.0,0,0,7,0.0,0.0,1.0,0.0,0.000329580043041525,-0.0,0.0027423192312258956,0.0,False,0.307,0.0,0.698,0.574,0.367,0.5930910722296994,False,,False,0.0
100000008223661100,peripheral,0.7,1,0.4098,"слабые связи: 2 вход / 5 выход, 202 тыс ₸ → 263 тыс ₸, без устойчивого паттерна",,3,False,2,5,202000.0,262580.0,2,5,1.29990099009901,0,0,8,1.0,0.18748952700129484,2.0,0.0,0.0003146691750223816,0.00134729170582904,2.3413153457741187e-06,0.0003254231789280599,False,0.035,0.0,0.851,0.511,0.969,0.9282189322566173,False,,False,0.0
100000004644615100,peripheral,0.7,9,0.4097,"слабые связи: 1 вход / 2 выход, 51 тыс ₸ → 380 тыс ₸, без устойчивого паттерна",,3,False,1,2,50810.0,379665.0,1,14,7.472249557173785,0,0,1,1.0,0.045829876338350915,1.0,0.0,0.00037436756021008076,1.8885519073139718e-19,2.4631368116499185e-07,1.1888811083225246e-06,False,0.035,0.0,0.835,0.67,0.76,0.6164199192462988,False,,False,0.0
100000005873152100,transit,0.7,6,0.4095,"транзит: получил 10 тыс ₸, отдал 100%, 0% ушло в течение 2 дн. после прихода",,3,False,1,1,10000.0,10000.0,1,1,1.0,0,0,11,1.0,0.0,1.0,2.0,0.0004674555308962045,1.3851693639495167e-07,4.736292096056381e-19,3.962937027741748e-07,False,0.42,0.0,0.205,0.752,0.742,0.8142664872139973,False,,False,0.0
100000008077552100,terminal,0.828,3,0.4091,"получил 214 тыс ₸ от 1 плательщ.; исходящих ≥5 тыс ₸ в выборке не наблюдается (колено 3, исходящие выгружены)",observed_sink,3,False,1,0,214000.0,0.0,1,0,0.0,0,0,7,0.0,0.0,1.0,0.0,0.00032910951980133745,-0.0,0.0016044117981357526,0.0,False,0.29,0.0,0.72,0.573,0.367,0.1933602512337371,False,,False,0.0
100000001534244100,peripheral,0.7,1,0.4087,"слабые связи: 2 вход / 1 выход, 366 тыс ₸ → 45 тыс ₸, без устойчивого паттерна",,3,False,2,1,366000.0,45000.0,2,1,0.12295081967213115,0,0,8,1.0,0.0,2.0,0.0,0.00034150708804052356,3.0782885403136543e-19,1.9971216088816456e-06,2.159800680119253e-05,False,0.035,0.0,0.829,0.609,0.857,0.8613728129205922,False,,False,0.0
100000001052945100,peripheral,0.7,8,0.4086,"слабые связи: 1 вход / 3 выход, 57 тыс ₸ → 1.6 млн ₸, без устойчивого паттерна",,3,False,1,3,56520.0,1595700.0,1,6,28.23248407643312,0,0,7,1.0,0.0,1.0,0.0,0.00030154476497427343,1.2375283555995417e-19,2.441379038303138e-05,5.7660733753642434e-05,False,0.035,0.0,0.959,0.403,0.906,0.6976222521310005,False,,False,0.0
100000001927599100,terminal,0.876,8,0.4084,"получил 188 тыс ₸ от 2 плательщ.; исходящих ≥5 тыс ₸ в выборке не наблюдается (колено 3, исходящие выгружены)",observed_sink,3,False,2,0,188000.0,0.0,2,0,0.0,0,0,9,0.0,0.0,2.0,0.0,0.0003272554677154647,-0.0,6.975993586490642e-07,0.0,False,0.307,0.0,0.696,0.568,0.367,0.7904890085240018,False,,False,0.0
100000001674850100,terminal,0.879,1,0.4081,"получил 237 тыс ₸ от 2 плательщ.; исходящих ≥5 тыс ₸ в выборке не наблюдается (колено 3, исходящие выгружены)",observed_sink,3,False,2,0,237000.0,0.0,2,0,0.0,0,0,8,0.0,0.0,2.0,0.0,0.00031409364237488564,-0.0,2.4578560821655e-06,0.0,False,0.308,0.0,0.74,0.505,0.367,0.7774786899955137,False,,False,0.0
100000002212494100,terminal,0.823,26,0.4077,"получил 160 тыс ₸ от 1 плательщ.; исходящих ≥5 тыс ₸ в выборке не наблюдается (колено 3, исходящие выгружены)",observed_sink,3,False,1,0,160000.0,0.0,1,0,0.0,0,0,7,0.0,0.0,1.0,0.0,0.0003566444399053839,-0.0,4.7473559650463285e-05,0.0,False,0.288,0.0,0.667,0.639,0.367,0.12673844773441004,False,,False,0.0
100000002681544100,terminal,0.874,0,0.4075,"получил 166 тыс ₸ от 2 плательщ.; исходящих ≥5 тыс ₸ в выборке не наблюдается (колено 3, исходящие выгружены)",observed_sink,3,False,2,0,166072.0,0.0,2,0,0.0,0,0,7,0.0,0.0,2.0,0.0,0.00033571724351569586,-0.0,0.0017127236977167745,0.0,False,0.306,0.0,0.675,0.592,0.367,0.7922835352175863,False,,False,0.0
100000008376089100,terminal,0.821,25,0.4075,"получил 135 тыс ₸ от 1 плательщ.; исходящих ≥5 тыс ₸ в выборке не наблюдается (колено 2, исходящие выгружены)",observed_sink,2,False,1,0,135000.0,0.0,1,0,0.0,0,1,7,0.0,0.0,1.0,0.0,0.00030243533477807125,-0.0,3.87668795219064e-07,0.0,False,0.287,0.167,0.63,0.411,0.367,0.4405563032750112,False,,False,0.0
100000008175078100,peripheral,0.614,5,0.4074,"4 колено, обход оборван: исходящие не видны, P(пересылает)=0.88 — роль не определить, получил 1.8 млн ₸",truncated_unknown,4,False,1,0,1846711.0,0.0,15,0,0.0,0,0,7,0.8816420311746801,0.0,1.0,0.0,0.00046907194584128176,-0.0,2.6435798381140134e-19,0.0,True,0.031,0.0,0.965,0.755,0.367,0.7070435172723194,False,,False,0.0
100000001246806100,terminal,0.652,1,0.4073,"вероятный конечный получатель: 130 тыс ₸ от 1; 4 колено, исходящие не собраны, P(пересылает)=0.24",likely_sink_truncated,4,False,1,0,130000.0,0.0,1,0,0.0,0,0,9,0.24412882233721167,0.0,1.0,0.0,0.0005329767614424794,-0.0,1.4996344872577303e-19,0.0,True,0.228,0.0,0.626,0.812,0.367,0.4064602960969044,False,,False,0.0
100000003148220100,peripheral,0.7,42,0.4073,"слабые связи: 1 вход / 2 выход, 6 тыс ₸ → 43 тыс ₸, без устойчивого паттерна",,1,False,1,2,5650.0,43400.0,1,4,7.68141592920354,1,1,1,1.0,0.22119815668202766,1.0,1.0,0.0009182428014100962,5.021742483510167e-19,8.173825601765618e-19,3.962937027741748e-07,False,0.035,0.167,0.418,0.947,0.742,0.9161058770749215,False,,False,1.0
100000005413948100,peripheral,0.7,1,0.4072,"слабые связи: 2 вход / 1 выход, 28 тыс ₸ → 5 тыс ₸, без устойчивого паттерна",,2,False,2,1,28215.0,5000.0,2,1,0.177210703526493,0,1,9,1.0,0.0,1.0,1.0,0.0018520392070328138,1.0788345635853307e-19,2.3136019841802344e-06,2.1796153652579615e-05,False,0.035,0.167,0.333,0.983,0.858,0.6689098250336474,False,,False,0.5
100000008532050100,terminal,0.839,5,0.4072,"получил 455 тыс ₸ от 1 плательщ.; исходящих ≥5 тыс ₸ в выборке не наблюдается (колено 3, исходящие выгружены)",observed_sink,3,False,1,0,455156.0,0.0,1,0,0.0,0,0,7,0.0,0.0,1.0,0.0,0.00030032052425215354,-0.0,0.002940174080170154,0.0,False,0.294,0.0,0.847,0.386,0.367,0.5742485419470614,False,,False,0.0
100000008183752100,terminal,0.653,1,0.4072,"вероятный конечный получатель: 140 тыс ₸ от 1; 4 колено, исходящие не собраны, P(пересылает)=0.24",likely_sink_truncated,4,False,1,0,140000.0,0.0,1,0,0.0,0,0,8,0.24244762608305007,0.0,1.0,0.0,0.0005301890395310123,-0.0,2.690161228526692e-19,0.0,True,0.229,0.0,0.635,0.798,0.367,0.4004037685060565,False,,False,0.0
100000003180305100,terminal,0.653,5,0.4071,"вероятный конечный получатель: 144 тыс ₸ от 1; 4 колено, исходящие не собраны, P(пересылает)=0.24",likely_sink_truncated,4,False,1,0,144000.0,0.0,1,0,0.0,0,0,7,0.24311434942862484,0.0,1.0,0.0,0.0005280565512084151,-0.0,-6.529540781339084e-19,0.0,True,0.229,0.0,0.641,0.79,0.367,0.41206819201435624,False,,False,0.0
100000002481974100,peripheral,0.7,15,0.4069,"слабые связи: 2 вход / 2 выход, 89 тыс ₸ → 318 тыс ₸, без устойчивого паттерна",,3,False,2,2,89447.0,318000.0,2,4,3.5551779265934016,0,0,7,1.0,0.18553459119496854,1.0,0.0,0.0003316686610389907,2.6496231815528783e-19,0.0001509821375867531,3.883678287186913e-05,False,0.035,0.0,0.828,0.581,0.885,0.7420367877972185,False,,False,0.0
100000002696152100,peripheral,0.7,29,0.4068,"слабые связи: 1 вход / 2 выход, 22 тыс ₸ → 69 тыс ₸, без устойчивого паттерна",,3,False,1,2,21800.0,69000.0,3,8,3.165137614678899,0,0,8,1.0,0.21739130434782608,1.0,1.0,0.0012050605596790795,1.6701340494673386e-19,2.1804397282487995e-19,2.139985994980544e-05,False,0.035,0.0,0.555,0.964,0.854,0.7900403768506057,False,,False,1.0
100000001053894100,peripheral,0.592,5,0.4065,"4 колено, обход оборван: исходящие не видны, P(пересылает)=0.81 — роль не определить, получил 2.0 млн ₸",truncated_unknown,4,False,1,0,2000000.0,0.0,7,0,0.0,0,0,7,0.805442649592881,0.0,1.0,0.0,0.0004485491925071477,-0.0,2.8841010044711346e-21,0.0,True,0.03,0.0,0.971,0.744,0.367,0.7779273216689099,False,,False,0.0
100000004019124100,terminal,0.926,2,0.4065,"получил 193 тыс ₸ от 3 плательщ.; исходящих ≥5 тыс ₸ в выборке не наблюдается (колено 0, исходящие выгружены)",observed_sink,0,True,3,0,193000.0,0.0,3,0,0.0,2,4,11,0.0,0.0,1.0,0.0,0.0012028680902033675,-0.0,2.667322885325427e-08,0.0,False,0.324,0.667,0.702,0.964,0.367,0.7985643786451323,False,,False,0.0
100000000656682100,transit,0.605,0,0.4056,"транзит: получил 71 тыс ₸, отдал 113%, 0% ушло в течение 2 дн. после прихода",,3,False,1,2,71000.0,80000.0,1,3,1.1267605633802817,0,0,7,1.0,0.0,1.0,0.0,0.0002895680118780549,-1.0852312910728016e-18,0.0029057816552165005,3.844048916909496e-05,False,0.363,0.0,0.655,0.153,0.879,0.5208613728129206,False,,False,0.0
100000001140785100,terminal,0.878,1,0.4055,"получил 215 тыс ₸ от 2 плательщ.; исходящих ≥5 тыс ₸ в выборке не наблюдается (колено 3, исходящие выгружены)",observed_sink,3,False,2,0,215000.0,0.0,2,0,0.0,0,0,8,0.0,0.0,2.0,0.0,0.0003153466781884731,-0.0,7.528982871820893e-07,0.0,False,0.307,0.0,0.721,0.516,0.367,0.7842081650964559,False,,False,0.0
100000001287955100,peripheral,0.7,9,0.4052,"слабые связи: 1 вход / 4 выход, 18 тыс ₸ → 310 тыс ₸, без устойчивого паттерна",,2,False,1,4,17520.0,310000.0,1,5,17.69406392694064,0,1,1,1.0,0.7409677419354839,1.0,0.0,0.00029391683130875195,2.2065899949730585e-05,2.3228134124635814e-05,0.0006803041897623334,False,0.035,0.167,0.791,0.28,0.978,0.765814266487214,False,,False,0.0
100000002969048100,terminal,0.818,12,0.4049,"получил 108 тыс ₸ от 1 плательщ.; исходящих ≥5 тыс ₸ в выборке не наблюдается (колено 2, исходящие выгружены)",observed_sink,2,False,1,0,108470.0,0.0,1,0,0.0,0,1,1,0.0,0.0,1.0,0.0,0.00030612769671556556,-0.0,2.8721412970847028e-05,0.0,False,0.286,0.167,0.596,0.444,0.367,0.3943472409152086,False,,False,0.0
100000002521039100,terminal,0.835,0,0.4048,"получил 349 тыс ₸ от 1 плательщ.; исходящих ≥5 тыс ₸ в выборке не наблюдается (колено 3, исходящие выгружены)",observed_sink,3,False,1,0,349370.0,0.0,1,0,0.0,0,0,7,0.0,0.0,1.0,0.0,0.0003052458011066051,-0.0,0.0029057816552165005,0.0,False,0.292,0.0,0.8,0.436,0.367,0.4869896814715119,False,,False,0.0
100000001222263100,peripheral,0.7,5,0.4047,"слабые связи: 1 вход / 1 выход, 746 тыс ₸ → 420 тыс ₸, без устойчивого паттерна",,3,False,1,1,745570.0,420000.0,1,5,0.5633273870998028,0,0,7,1.0,0.7142857142857143,1.0,0.0,0.00030973260213170437,2.599242347966467e-19,0.002940174080170154,1.922024458454748e-05,False,0.035,0.0,0.938,0.472,0.81,0.9057873485868102,False,,False,0.0
100000004586598100,peripheral,0.521,15,0.4045,"4 колено, обход оборван: исходящие не видны, P(пересылает)=0.57 — роль не определить, получил 761 тыс ₸",truncated_unknown,4,False,1,0,761255.0,0.0,4,0,0.0,0,0,7,0.5713718892499107,0.0,1.0,0.0,0.0005392658410384621,-0.0,-2.3349405171739656e-19,0.0,True,0.026,0.0,0.903,0.83,0.367,0.6451323463436519,False,,False,0.0
100000005475379100,peripheral,0.7,0,0.4043,"слабые связи: 1 вход / 3 выход, 108 тыс ₸ → 81 тыс ₸, без устойчивого паттерна",,3,False,1,3,108370.0,81000.0,1,3,0.7474393282273692,0,0,8,1.0,0.0,1.0,0.0,0.0004216387717503724,-7.087575288822619e-19,4.037599825353315e-05,6.538846095773885e-05,False,0.035,0.0,0.696,0.721,0.916,0.6191117092866757,False,,False,0.0
100000004217419100,peripheral,0.7,3,0.404,"слабые связи: 2 вход / 1 выход, 118 тыс ₸ → 8 тыс ₸, без устойчивого паттерна",,3,False,2,1,118200.0,7700.0,3,1,0.06514382402707276,0,0,7,1.0,1.0,1.0,0.0,0.000584182953023545,2.6009428465397493e-19,0.001617239630813818,1.9418391435934565e-05,False,0.035,0.0,0.622,0.875,0.83,0.851502916105877,False,,False,0.3333333333333333
100000008490127100,peripheral,0.7,5,0.4038,"слабые связи: 1 вход / 6 выход, 432 тыс ₸ → 923 тыс ₸, без устойчивого паттерна",,3,False,1,6,431755.0,923000.0,2,9,2.137786476126507,0,0,7,1.0,0.0,1.0,0.0,0.00029956211716964596,4.887787875165962e-19,0.002940174080170154,0.00011532146750728487,False,0.035,0.0,0.945,0.372,0.937,0.8528488111260655,False,,False,0.0
100000002883402100,terminal,0.933,1,0.4036,"получил 300 тыс ₸ от 3 плательщ.; исходящих ≥5 тыс ₸ в выборке не наблюдается (колено 3, исходящие выгружены)",observed_sink,3,False,3,0,300000.0,0.0,3,0,0.0,0,0,10,0.0,0.0,1.0,0.0,0.00030065707174589147,-0.0,3.6593519844370994e-06,0.0,False,0.327,0.0,0.778,0.39,0.367,0.8245850157021085,False,,False,0.0
100000003366471100,peripheral,0.7,3,0.4035,"слабые связи: 2 вход / 1 выход, 330 тыс ₸ → 20 тыс ₸, без устойчивого паттерна",,3,False,2,1,329789.0,20000.0,5,1,0.0606448365470043,0,0,7,1.0,1.0,2.0,0.0,0.00036049115115409467,6.196938547005878e-20,0.0027423192312258956,1.922024458454748e-05,False,0.035,0.0,0.801,0.648,0.81,0.9367429340511441,False,,False,0.0
100000000933075100,peripheral,0.7,11,0.4033,"слабые связи: 1 вход / 2 выход, 40 тыс ₸ → 55 тыс ₸, без устойчивого паттерна",,3,False,1,2,40000.0,55000.0,1,2,1.375,0,0,8,1.0,0.7272727272727273,1.0,1.0,0.0008086964755110812,-2.1498763882486424e-19,1.0252342837020373e-06,2.139985994980544e-05,False,0.035,0.0,0.567,0.929,0.854,0.7954239569313594,False,,False,0.0
100000004407753100,peripheral,0.7,17,0.4033,"слабые связи: 1 вход / 1 выход, 250 тыс ₸ → 100 тыс ₸, без устойчивого паттерна",,3,False,1,1,250000.0,100000.0,4,1,0.4,0,0,7,1.0,1.0,1.0,1.0,0.0008785641580238701,1.578815194444222e-09,-1.553733068954935e-19,0.0,False,0.035,0.0,0.801,0.941,0.367,0.8640646029609691,False,,False,0.0
100000008730021100,peripheral,0.85,6,0.4032,"мелкий получатель: разовое поступление 76 тыс ₸ от 1 плательщика, исходящих в выборке не наблюдается — признаков роли нет",small_receiver,1,False,1,0,75555.0,0.0,3,0,0.0,1,2,2,0.0,0.0,1.0,0.0,0.00046813825917664087,-0.0,2.394324320259998e-06,0.0,False,0.042,0.333,0.513,0.754,0.367,0.2458501570210857,False,,False,0.3333333333333333
100000000297649100,peripheral,0.7,11,0.4031,"слабые связи: 1 вход / 1 выход, 40 тыс ₸ → 71 тыс ₸, без устойчивого паттерна",,2,False,1,1,40000.0,70600.0,1,2,1.765,0,1,8,1.0,0.0,1.0,1.0,0.0008091385858414682,5.4141096821911425e-05,-1.372579474007106e-19,0.0,False,0.035,0.167,0.601,0.93,0.367,0.5755944369672499,False,,False,0.0
100000002454724100,terminal,0.82,25,0.403,"получил 125 тыс ₸ от 1 плательщ.; исходящих ≥5 тыс ₸ в выборке не наблюдается (колено 2, исходящие выгружены)",observed_sink,2,False,1,0,125000.0,0.0,3,0,0.0,0,1,7,0.0,0.0,1.0,0.0,0.00030118599844023564,-0.0,3.87668795219064e-07,0.0,False,0.287,0.167,0.621,0.398,0.367,0.3082099596231494,False,,False,0.0
100000006385877100,peripheral,0.7,13,0.4026,"слабые связи: 1 вход / 1 выход, 54 тыс ₸ → 37 тыс ₸, без устойчивого паттерна",,2,False,1,1,53706.62,36602.93,5,5,0.6815347903107661,0,1,1,1.0,0.3033344598369584,1.0,1.0,0.0020942975539589184,9.838751086439544e-06,-8.513706046792137e-20,0.0,False,0.035,0.167,0.554,0.989,0.367,0.6657694033198743,False,,False,0.4
100000003321895100,peripheral,0.7,2,0.4023,"слабые связи: 1 вход / 2 выход, 24 тыс ₸ → 554 тыс ₸, без устойчивого паттерна",,3,False,1,2,24000.0,553830.0,1,3,23.07625,0,0,7,1.0,0.0,1.0,0.0,0.00031125966376989656,3.455764776521708e-19,1.0123575772457728e-05,3.962937027741748e-05,False,0.035,0.0,0.88,0.481,0.89,0.6446837146702558,False,,False,0.0
100000001524952100,terminal,0.817,0,0.4019,"получил 104 тыс ₸ от 1 плательщ.; исходящих ≥5 тыс ₸ в выборке не наблюдается (колено 1, исходящие выгружены)",observed_sink,1,False,1,0,103807.0,0.0,1,0,0.0,1,1,7,0.0,0.0,1.0,0.0,0.0003050489293103606,-0.0,0.002151681626890832,0.0,False,0.286,0.167,0.59,0.435,0.367,0.3301929116195603,False,,False,0.0
100000001299828100,terminal,0.65,3,0.4017,"вероятный конечный получатель: 100 тыс ₸ от 1; 4 колено, исходящие не собраны, P(пересылает)=0.25",likely_sink_truncated,4,False,1,0,100000.0,0.0,1,0,0.0,0,0,7,0.24908130217183086,0.0,1.0,0.0,0.0005472629597932571,-0.0,-3.018347591434413e-20,0.0,True,0.227,0.0,0.58,0.842,0.367,0.3483624943921041,False,,False,0.0
100000002878467100,terminal,0.877,1,0.4016,"получил 200 тыс ₸ от 2 плательщ.; исходящих ≥5 тыс ₸ в выборке не наблюдается (колено 3, исходящие выгружены)",observed_sink,3,False,2,0,200000.0,0.0,2,0,0.0,0,0,8,0.0,0.0,1.0,0.0,0.0003144036421217601,-0.0,2.3413153457741187e-06,0.0,False,0.307,0.0,0.711,0.508,0.367,0.6020637056976222,False,,False,0.0
100000002686226100,peripheral,0.544,14,0.4016,"4 колено, обход оборван: исходящие не видны, P(пересылает)=0.35 — роль не определить, получил 430 тыс ₸",truncated_unknown,4,False,1,0,430000.0,0.0,2,0,0.0,0,0,7,0.35259497286092006,0.0,1.0,0.0,0.0006546162523072467,-0.0,6.1512772502872796e-21,0.0,True,0.027,0.0,0.835,0.902,0.367,0.5926424405563033,False,,False,0.0
100000001541418100,terminal,0.866,1,0.4015,"получил 97 тыс ₸ от 2 плательщ.; исходящих ≥5 тыс ₸ в выборке не наблюдается (колено 2, исходящие выгружены)",observed_sink,2,False,2,0,96900.0,0.0,2,0,0.0,0,1,7,0.0,0.0,1.0,0.0,0.0003035306386081866,-0.0,2.4915070019761695e-05,0.0,False,0.303,0.167,0.57,0.425,0.367,0.5042620008972634,False,,False,0.0
100000001733687100,terminal,0.833,1,0.4015,"получил 300 тыс ₸ от 1 плательщ.; исходящих ≥5 тыс ₸ в выборке не наблюдается (колено 3, исходящие выгружены)",observed_sink,3,False,1,0,300000.0,0.0,1,0,0.0,0,0,8,0.0,0.0,1.0,0.0,0.00030662497037828784,-0.0,1.9662146336183556e-06,0.0,False,0.292,0.0,0.778,0.448,0.367,0.38313144908030505,False,,False,0.0
100000003016438100,peripheral,0.7,1,0.4015,"слабые связи: 1 вход / 1 выход, 200 тыс ₸ → 300 тыс ₸, без устойчивого паттерна",,3,False,1,1,200000.0,300000.0,1,3,1.5,0,0,8,1.0,0.6666666666666666,1.0,0.0,0.0003166846999640835,1.9304393887368562e-19,1.8496738972270134e-06,2.139985994980544e-05,False,0.035,0.0,0.864,0.522,0.854,0.7348586810228802,False,,False,0.0
100000006020215100,transit,0.605,0,0.4011,"транзит: получил 30 тыс ₸, отдал 113%, 0% ушло в течение 2 дн. после прихода",,3,False,1,2,30000.0,33800.0,1,2,1.1266666666666667,0,0,7,1.0,0.0,1.0,0.0,0.00029667460701655646,-9.982550132584214e-20,0.000259460087793076,6.055520199044304e-05,False,0.363,0.0,0.484,0.332,0.913,0.4970838941229251,False,,False,0.0
100000002663511100,terminal,0.831,3,0.4011,"получил 269 тыс ₸ от 1 плательщ.; исходящих ≥5 тыс ₸ в выборке не наблюдается (колено 3, исходящие выгружены)",observed_sink,3,False,1,0,268940.0,0.0,1,0,0.0,0,0,7,0.0,0.0,1.0,0.0,0.00030941949939910455,-0.0,0.0011319384436486036,0.0,False,0.291,0.0,0.762,0.47,0.367,0.3396141767608793,False,,False,0.0
100000002242455100,terminal,0.651,5,0.4008,"вероятный конечный получатель: 110 тыс ₸ от 1; 4 колено, исходящие не собраны, P(пересылает)=0.25",likely_sink_truncated,4,False,1,0,110000.0,0.0,1,0,0.0,0,0,7,0.24829145488425292,0.0,1.0,0.0,0.0005321740677312205,-0.0,7.016271677546907e-19,0.0,True,0.228,0.0,0.599,0.81,0.367,0.37101839389860924,False,,False,0.0
100000008172721100,terminal,0.654,3,0.4005,"вероятный конечный получатель: 168 тыс ₸ от 1; 4 колено, исходящие не собраны, P(пересылает)=0.24",likely_sink_truncated,4,False,1,0,168335.0,0.0,1,0,0.0,0,0,7,0.23911909484052898,0.0,1.0,0.0,0.00039521609203523115,-0.0,2.991289503019262e-20,0.0,True,0.229,0.0,0.679,0.701,0.367,0.47330641543292956,False,,False,0.0
100000008596924100,terminal,0.817,12,0.4005,"получил 100 тыс ₸ от 1 плательщ.; исходящих ≥5 тыс ₸ в выборке не наблюдается (колено 3, исходящие выгружены)",observed_sink,3,False,1,0,100000.0,0.0,1,0,0.0,0,0,1,0.0,0.0,1.0,0.0,0.0004160204242994214,-0.0,6.610959453534579e-19,0.0,False,0.286,0.0,0.58,0.718,0.367,0.07761327949753252,False,,False,0.0
100000002886166100,terminal,0.826,21,0.4003,"получил 185 тыс ₸ от 1 плательщ.; исходящих ≥5 тыс ₸ в выборке не наблюдается (колено 3, исходящие выгружены)",observed_sink,3,False,1,0,185000.0,0.0,3,0,0.0,0,0,1,0.0,0.0,1.0,0.0,0.00032459115017370436,-0.0,1.2732772780728294e-18,0.0,False,0.289,0.0,0.692,0.56,0.367,0.08972633467922836,False,,False,0.0
100000006994985100,peripheral,0.7,12,0.4002,"слабые связи: 1 вход / 1 выход, 48 тыс ₸ → 10 тыс ₸, без устойчивого паттерна",,2,False,1,1,48500.0,10200.0,2,2,0.21030927835051547,0,1,7,1.0,1.0,1.0,0.0,0.0005013304862324064,4.125306020848805e-19,2.3525062200310054e-07,1.9616538287321655e-05,False,0.035,0.167,0.469,0.776,0.836,0.7492148945715568,False,,False,0.0
100000008740295100,terminal,0.659,1,0.4001,"вероятный конечный получатель: 300 тыс ₸ от 1; 4 колено, исходящие не собраны, P(пересылает)=0.23",likely_sink_truncated,4,False,1,0,300000.0,0.0,1,0,0.0,0,0,8,0.22808942888128986,0.0,1.0,0.0,0.00032503660932612125,-0.0,1.2761480262525199e-06,0.0,True,0.231,0.0,0.778,0.562,0.367,0.6229250785105428,False,,False,0.0
100000005911352100,peripheral,0.7,2,0.3998,"слабые связи: 2 вход / 3 выход, 15 тыс ₸ → 24 тыс ₸, без устойчивого паттерна",,2,False,2,3,15000.0,24000.0,2,3,1.6,0,1,7,1.0,0.0,1.0,1.0,0.0005517344998567147,-6.03436806342407e-20,-6.497777497147233e-20,9.7488250882447e-05,False,0.035,0.167,0.364,0.85,0.931,0.718259309107223,False,,False,1.0
100000002241986100,peripheral,0.7,5,0.3997,"слабые связи: 1 вход / 6 выход, 280 тыс ₸ → 3.1 млн ₸, без устойчивого паттерна",,3,False,1,6,280000.0,3077000.0,1,12,10.989285714285714,0,0,7,1.0,0.0,1.0,0.0,0.00029464386295803346,7.365281950452478e-21,0.002940174080170154,0.00011532146750728487,False,0.035,0.0,0.986,0.294,0.937,0.8784208165096455,False,,False,0.0
100000000640800100,peripheral,0.7,15,0.3997,"слабые связи: 1 вход / 4 выход, 80 тыс ₸ → 518 тыс ₸, без устойчивого паттерна",,3,False,1,4,80000.0,518135.0,1,6,6.4766875,0,0,7,1.0,0.031096142897121405,1.0,0.0,0.0003032403424804621,1.7055499391222104e-07,0.0001302803777205814,0.000145174954828096,False,0.035,0.0,0.884,0.422,0.949,0.7034544638851503,False,,False,0.0
100000002769809100,terminal,0.818,19,0.3995,"получил 113 тыс ₸ от 1 плательщ.; исходящих ≥5 тыс ₸ в выборке не наблюдается (колено 3, исходящие выгружены)",observed_sink,3,False,1,0,113422.0,0.0,1,0,0.0,0,0,7,0.0,0.0,1.0,0.0,0.0003777442594632966,-0.0,1.6799534256510324e-19,0.0,False,0.286,0.0,0.607,0.676,0.367,0.09825033647375504,False,,False,0.0
100000000764836100,peripheral,0.7,3,0.3978,"слабые связи: 1 вход / 2 выход, 252 тыс ₸ → 50 тыс ₸, без устойчивого паттерна",,3,False,1,2,251716.0,50000.0,1,2,0.1986365586613485,0,0,7,1.0,0.5,1.0,0.0,0.00033678317937202863,-1.140982182259762e-18,0.0016044117981357526,3.844048916909496e-05,False,0.035,0.0,0.782,0.594,0.879,0.7267833109017496,False,,False,0.0
100000001819396100,terminal,0.824,23,0.3973,"получил 166 тыс ₸ от 1 плательщ.; исходящих ≥5 тыс ₸ в выборке не наблюдается (колено 3, исходящие выгружены)",observed_sink,3,False,1,0,166080.0,0.0,1,0,0.0,0,0,7,0.0,0.0,1.0,0.0,0.0003272175623678329,-0.0,-7.438797586113939e-19,0.0,False,0.288,0.0,0.675,0.568,0.367,0.15208613728129206,False,,False,0.0
100000006901046100,peripheral,0.7,2,0.3972,"слабые связи: 1 вход / 1 выход, 76 тыс ₸ → 6 тыс ₸, без устойчивого паттерна",,2,False,1,1,75800.0,5500.0,3,1,0.07255936675461741,0,1,7,1.0,1.0,1.0,1.0,0.0029998776847224907,0.00013716761796314422,-6.384538387400587e-19,0.0,False,0.035,0.167,0.524,0.998,0.367,0.7685060565275909,False,,False,0.0
100000000646541100,terminal,0.897,0,0.3969,"получил 25 тыс ₸ от 3 плательщ.; исходящих ≥5 тыс ₸ в выборке не наблюдается (колено 2, исходящие выгружены)",observed_sink,2,False,3,0,25300.0,0.0,4,0,0.0,0,1,7,0.0,0.0,1.0,0.0,0.0005058630830440042,-0.0,4.577580458138723e-05,0.0,False,0.314,0.167,0.268,0.78,0.367,0.7662628981606101,False,,False,0.75
100000002121357100,peripheral,0.7,1,0.3967,"слабые связи: 2 вход / 1 выход, 255 тыс ₸ → 113 тыс ₸, без устойчивого паттерна",,3,False,2,1,255300.0,113000.0,2,1,0.4426165295730513,0,0,8,1.0,0.0,1.0,0.0,0.0003262737748092851,-1.6181993459937364e-19,5.922167448855656e-07,2.159800680119253e-05,False,0.035,0.0,0.81,0.565,0.857,0.6873037236428892,False,,False,0.0
100000008571443100,terminal,0.86,0,0.3966,"получил 65 тыс ₸ от 2 плательщ.; исходящих ≥5 тыс ₸ в выборке не наблюдается (колено 2, исходящие выгружены)",observed_sink,2,False,2,0,65000.0,0.0,2,0,0.0,0,1,7,0.0,0.0,1.0,0.0,0.00031474857317144846,-0.0,0.0003125619405927726,0.0,False,0.301,0.167,0.488,0.511,0.367,0.5118887393449978,False,,False,0.0
100000004840086100,terminal,0.626,3,0.3966,"вероятный конечный получатель: 100 тыс ₸ от 1; 4 колено, исходящие не собраны, P(пересылает)=0.31",likely_sink_truncated,4,False,1,0,100000.0,0.0,2,0,0.0,0,0,7,0.30896781513830623,0.0,1.0,0.0,0.0005391572563123882,-0.0,-1.0814841361794982e-20,0.0,True,0.219,0.0,0.58,0.829,0.367,0.28757290264692686,False,,False,0.0
100000000413678100,peripheral,0.7,15,0.396,"слабые связи: 2 вход / 3 выход, 306 тыс ₸ → 528 тыс ₸, без устойчивого паттерна",,3,False,2,3,306500.0,528198.0,2,18,1.723321370309951,0,0,7,1.0,0.14767000253692744,2.0,0.0,0.0003006988541738493,8.934585107210924e-21,0.0030538313170650503,5.7660733753642434e-05,False,0.035,0.0,0.913,0.391,0.906,0.923732615522656,False,,False,0.0
100000005342513100,peripheral,0.7,4,0.3959,"слабые связи: 1 вход / 1 выход, 235 тыс ₸ → 30 тыс ₸, без устойчивого паттерна",,3,False,1,1,235000.0,30000.0,2,1,0.1276595744680851,0,0,1,1.0,1.0,1.0,1.0,0.001081651299671485,-3.051631029482604e-19,-5.248265257640939e-19,0.0,False,0.035,0.0,0.758,0.956,0.367,0.8667563930013459,False,,False,0.0
100000005634552100,peripheral,0.7,0,0.3958,"слабые связи: 1 вход / 3 выход, 26 тыс ₸ → 1.2 млн ₸, без устойчивого паттерна",,1,False,1,3,25850.0,1196000.0,1,4,46.2669245647969,1,1,7,1.0,0.0,1.0,0.0,0.0002883486359009542,0.001679076034202197,0.00029524161332082757,2.917712386674862e-05,False,0.035,0.167,0.94,0.099,0.871,0.7263346792283535,False,,False,0.0
100000006888238100,peripheral,0.7,42,0.3957,"слабые связи: 1 вход / 1 выход, 18 тыс ₸ → 30 тыс ₸, без устойчивого паттерна",,2,False,1,1,18000.0,30000.0,1,1,1.6666666666666667,0,1,1,1.0,0.0,1.0,0.0,0.0006097535591566906,-3.3879550644609205e-20,5.899249738835388e-19,3.962937027741748e-07,False,0.035,0.167,0.414,0.886,0.742,0.49349484073575595,False,,False,0.0
100000001746925100,peripheral,0.7,6,0.3956,"слабые связи: 1 вход / 1 выход, 65 тыс ₸ → 5 тыс ₸, без устойчивого паттерна",,1,False,1,1,65250.0,5000.0,1,1,0.07662835249042145,1,2,10,1.0,0.0,1.0,0.0,0.0002986347215202703,5.542670886852326e-19,0.0004611679650745722,0.00011888811083225245,False,0.035,0.333,0.504,0.356,0.939,0.4540152534768955,False,,False,0.0
100000004420041100,peripheral,0.7,11,0.3954,"слабые связи: 1 вход / 7 выход, 70 тыс ₸ → 652 тыс ₸, без устойчивого паттерна",,3,False,1,7,69638.0,651830.0,1,11,9.360263074758034,0,0,7,1.0,0.0,1.0,0.0,0.0002997377719239345,0.0001271621252448231,0.0016044117981357526,0.00015424862618236015,False,0.035,0.0,0.899,0.377,0.949,0.8052938537460744,False,,False,0.0
100000001009583100,terminal,0.837,5,0.3952,"получил 394 тыс ₸ от 1 плательщ.; исходящих ≥5 тыс ₸ в выборке не наблюдается (колено 3, исходящие выгружены)",observed_sink,3,False,1,0,393740.0,0.0,1,0,0.0,0,0,7,0.0,0.0,1.0,0.0,0.0002983300824172197,-0.0,0.002940174080170154,0.0,False,0.293,0.0,0.821,0.352,0.367,0.5358905338716914,False,,False,0.0
100000004662806100,peripheral,0.7,11,0.3951,"слабые связи: 2 вход / 2 выход, 107 тыс ₸ → 60 тыс ₸, без устойчивого паттерна",,1,False,2,2,106585.0,59900.0,2,3,0.5619927757189098,1,1,8,1.0,1.0,1.0,0.0,0.00030544976624820216,-6.467743880691106e-19,0.0006529157182954662,3.883678287186913e-05,False,0.035,0.167,0.676,0.438,0.885,0.8039479587258861,False,,False,0.5
100000008169544100,peripheral,0.7,2,0.3949,"слабые связи: 1 вход / 4 выход, 137 тыс ₸ → 43 тыс ₸, без устойчивого паттерна",,1,False,1,4,137104.0,42800.0,2,7,0.31217178200490137,1,1,7,1.0,0.28738317757009346,1.0,4.0,0.00030031044942800835,0.0001328105477500032,0.00029524161332082757,0.00011830662935118885,False,0.035,0.167,0.688,0.385,0.938,0.8470165993719156,False,,False,0.0
100000002757797100,terminal,0.817,11,0.3949,"получил 100 тыс ₸ от 1 плательщ.; исходящих ≥5 тыс ₸ в выборке не наблюдается (колено 1, исходящие выгружены)",observed_sink,1,False,1,0,100000.0,0.0,1,0,0.0,1,1,1,0.0,0.0,1.0,0.0,0.0003021647995966532,-0.0,1.0100033668708282e-05,0.0,False,0.286,0.167,0.58,0.408,0.367,0.32772543741588156,False,,False,0.0
100000004569484100,peripheral,0.7,8,0.3949,"слабые связи: 2 вход / 4 выход, 98 тыс ₸ → 156 тыс ₸, без устойчивого паттерна",,3,False,2,4,98312.0,156000.0,3,4,1.586784929611848,0,0,7,1.0,0.0,1.0,4.0,0.0003193810040919852,9.190404958282643e-05,2.7172064354125016e-05,0.002793401699161766,False,0.035,0.0,0.753,0.538,0.996,0.9030955585464334,False,,False,0.0
100000003989033100,peripheral,0.642,9,0.3947,"4 колено, обход оборван: исходящие не видны, P(пересылает)=0.97 — роль не определить, получил 373 тыс ₸",truncated_unknown,4,False,1,0,373400.0,0.0,13,0,0.0,0,0,1,0.971675284128296,0.0,1.0,0.0,0.0005989171063455096,-0.0,2.218560466328712e-19,0.0,True,0.032,0.0,0.813,0.882,0.367,0.5226558995065052,False,,False,0.07692307692307693
100000002537811100,peripheral,0.7,6,0.3946,"слабые связи: 1 вход / 1 выход, 52 тыс ₸ → 15 тыс ₸, без устойчивого паттерна",,3,False,1,1,52000.0,15000.0,1,1,0.28846153846153844,0,0,11,1.0,0.0,1.0,0.0,0.001231377724947645,5.610186449761872e-20,4.736292096056381e-19,2.6353531234482626e-05,False,0.035,0.0,0.494,0.965,0.87,0.31179901301031854,False,,False,0.0
100000005667841100,terminal,0.876,1,0.3942,"получил 186 тыс ₸ от 2 плательщ.; исходящих ≥5 тыс ₸ в выборке не наблюдается (колено 3, исходящие выгружены)",observed_sink,3,False,2,0,186000.0,0.0,2,0,0.0,0,0,8,0.0,0.0,2.0,0.0,0.00031222556371948457,-0.0,2.3413153457741187e-06,0.0,False,0.307,0.0,0.694,0.489,0.367,0.7931807985643786,False,,False,0.0
100000003068941100,peripheral,0.7,0,0.3942,"слабые связи: 3 вход / 1 выход, 94 тыс ₸ → 25 тыс ₸, без устойчивого паттерна",,2,False,3,1,94000.0,25000.0,3,2,0.26595744680851063,0,1,7,1.0,1.0,1.0,0.0,0.0003201743837350562,1.4657158956323135e-19,0.003041445459215038,1.981468513870874e-05,False,0.035,0.167,0.614,0.544,0.842,0.7864513234634365,False,,False,0.0
100000002989353100,peripheral,0.7,9,0.3941,"слабые связи: 1 вход / 2 выход, 500 тыс ₸ → 321 тыс ₸, без устойчивого паттерна",,3,False,1,2,500000.0,321160.0,2,2,0.64232,0,0,2,1.0,0.9341138373396438,1.0,0.0,0.00030938521828855153,2.1101345444810868e-19,3.7941363435538907e-07,2.774055919419224e-06,False,0.035,0.0,0.911,0.469,0.776,0.879766711529834,False,,False,0.0
100000003631015100,terminal,0.658,30,0.3939,"вероятный конечный получатель: 266 тыс ₸ от 1; 4 колено, исходящие не собраны, P(пересылает)=0.23",likely_sink_truncated,4,False,1,0,266000.0,0.0,1,0,0.0,0,0,7,0.23080132121062483,0.0,1.0,0.0,0.0003222509367448772,-0.0,-7.700474683590847e-20,0.0,True,0.23,0.0,0.759,0.552,0.367,0.6002691790040376,False,,False,0.0
100000005857058100,terminal,0.913,2,0.3937,"получил 80 тыс ₸ от 3 плательщ.; исходящих ≥5 тыс ₸ в выборке не наблюдается (колено 3, исходящие выгружены)",observed_sink,3,False,3,0,80222.0,0.0,3,0,0.0,0,0,7,0.0,0.0,1.0,0.0,0.0003899337552291787,-0.0,0.0017975909085443764,0.0,False,0.32,0.0,0.522,0.69,0.367,0.8169582772543742,False,,False,0.3333333333333333
100000002975437100,peripheral,0.7,26,0.3934,"слабые связи: 1 вход / 1 выход, 530 тыс ₸ → 8 тыс ₸, без устойчивого паттерна",,3,False,1,1,530000.0,8500.0,2,1,0.016037735849056604,0,0,7,1.0,0.0,1.0,1.0,0.0005210057143091006,2.0152111911934954e-20,4.7473559650463285e-05,0.0,False,0.035,0.0,0.874,0.787,0.367,0.7137729923732615,False,,False,0.0
100000005316708100,peripheral,0.7,12,0.3933,"слабые связи: 1 вход / 2 выход, 90 тыс ₸ → 258 тыс ₸, без устойчивого паттерна",,1,False,1,2,90000.0,257500.0,1,4,2.861111111111111,1,1,1,1.0,0.0,1.0,0.0,0.0002976906193985501,2.099042910599072e-06,4.0895899043318464e-05,1.1888811083225246e-06,False,0.035,0.167,0.8,0.346,0.76,0.6437864513234635,False,,False,0.0
100000002890167100,terminal,0.819,2,0.3929,"получил 118 тыс ₸ от 1 плательщ.; исходящих ≥5 тыс ₸ в выборке не наблюдается (колено 1, исходящие выгружены)",observed_sink,1,False,1,0,118150.0,0.0,1,0,0.0,1,1,7,0.0,0.0,1.0,0.0,0.0002982725522414642,-0.0,0.00029524161332082757,0.0,False,0.287,0.167,0.613,0.351,0.367,0.3867205024674742,False,,False,0.0
100000007749092100,peripheral,0.7,2,0.3928,"слабые связи: 1 вход / 1 выход, 8 тыс ₸ → 70 тыс ₸, без устойчивого паттерна",,2,False,1,1,7650.0,70375.0,1,5,9.199346405228757,0,1,7,1.0,0.0,1.0,1.0,0.0018044164784854798,0.00012666707989799128,-2.353559986259498e-19,0.0,False,0.035,0.167,0.518,0.98,0.367,0.7254374158815612,False,,False,1.0
100000008430691100,peripheral,0.7,2,0.3928,"слабые связи: 1 вход / 2 выход, 20 тыс ₸ → 605 тыс ₸, без устойчивого паттерна",,3,False,1,2,20000.0,604900.0,1,2,30.245,0,0,7,1.0,0.96693668374938,1.0,1.0,0.0003069779355111288,1.1080982558821494e-06,1.0123575772457728e-05,1.9616538287321655e-05,False,0.035,0.0,0.89,0.45,0.836,0.9201435621354868,False,,False,0.0
100000001279272100,peripheral,0.7,3,0.3927,"слабые связи: 1 вход / 2 выход, 250 тыс ₸ → 137 тыс ₸, без устойчивого паттерна",,3,False,1,2,250000.0,136758.0,1,2,0.547032,0,0,7,1.0,0.9505842437005514,1.0,11.0,0.00030773985752305947,9.77530581420245e-05,0.0011319384436486036,0.00029919545413681863,False,0.035,0.0,0.819,0.457,0.965,0.9591745177209511,False,,False,0.0
100000001386612100,peripheral,0.85,18,0.3926,"мелкий получатель: разовое поступление 62 тыс ₸ от 1 плательщика, исходящих в выборке не наблюдается — признаков роли нет",small_receiver,2,False,1,0,62264.0,0.0,1,0,0.0,0,2,7,0.0,0.0,1.0,0.0,0.00043377009568121175,-0.0,1.8751205368957208e-06,0.0,False,0.042,0.333,0.482,0.734,0.367,0.2857783759533423,False,,False,0.0
100000008438656100,peripheral,0.7,6,0.3924,"слабые связи: 2 вход / 1 выход, 80 тыс ₸ → 5 тыс ₸, без устойчивого паттерна",,1,False,2,1,80000.0,5000.0,2,1,0.0625,1,2,10,1.0,1.0,1.0,0.0,0.00029739252742606035,7.44401948339022e-20,0.0034013420452447254,2.377762216645049e-05,False,0.035,0.333,0.538,0.343,0.865,0.7963212202781517,False,,False,0.0
100000001427082100,peripheral,0.7,10,0.392,"слабые связи: 1 вход / 5 выход, 5 тыс ₸ → 125 тыс ₸, без устойчивого паттерна",,3,False,1,5,5000.0,124900.0,1,6,24.98,0,0,7,1.0,0.0,1.0,0.0,0.0004392450523980493,1.587524352917848e-18,1.1642846727510682e-19,7.846615314928662e-05,False,0.035,0.0,0.625,0.739,0.925,0.8927770300583221,False,,False,1.0
100000005530114100,peripheral,0.7,14,0.3917,"слабые связи: 2 вход / 1 выход, 137 тыс ₸ → 25 тыс ₸, без устойчивого паттерна",,3,False,2,1,136970.0,25000.0,2,1,0.1825217200846901,0,0,7,1.0,1.0,1.0,0.0,0.0004948738015345278,0.0012614186087725307,0.00023791279696767315,4.4583041562094666e-06,False,0.035,0.0,0.669,0.773,0.783,0.8510542844324809,False,,False,0.0
100000002958345100,terminal,0.833,9,0.3917,"получил 307 тыс ₸ от 1 плательщ.; исходящих ≥5 тыс ₸ в выборке не наблюдается (колено 3, исходящие выгружены)",observed_sink,3,False,1,0,307000.0,0.0,1,0,0.0,0,0,2,0.0,0.0,1.0,0.0,0.0003001922715970447,-0.0,3.7941363435538907e-07,0.0,False,0.292,0.0,0.785,0.383,0.367,0.39883355764917006,False,,False,0.0
100000008637537100,peripheral,0.7,35,0.3917,seed: отправил 2.4 млн ₸ 3 получателям; для консолидации/рассылки мало связей,,0,True,3,3,619890.0,2351495.0,22,30,3.793406894771653,2,3,9,1.0,1.0,2.0,4.0,0.000828733153434527,7.634003709760526e-07,9.450604459427491e-05,7.75353843868499e-05,False,0.035,0.5,0.984,0.932,0.922,0.9165545087483177,False,,False,0.18181818181818182
100000001222245100,peripheral,0.555,5,0.3916,"4 колено, обход оборван: исходящие не видны, P(пересылает)=0.68 — роль не определить, получил 420 тыс ₸",truncated_unknown,4,False,1,0,420000.0,0.0,5,0,0.0,0,0,7,0.6844550791652912,0.0,1.0,0.0,0.0005491629789918033,-0.0,6.106876166096426e-19,0.0,True,0.028,0.0,0.832,0.847,0.367,0.5047106325706595,False,,False,0.4
100000005175148100,peripheral,0.7,2,0.3915,"слабые связи: 2 вход / 1 выход, 79 тыс ₸ → 15 тыс ₸, без устойчивого паттерна",,2,False,2,1,79000.0,15000.0,4,1,0.189873417721519,0,1,7,1.0,1.0,1.0,2.0,0.0007181459635567809,0.0001431444823233979,5.127733028742422e-06,0.0,False,0.035,0.167,0.561,0.915,0.367,0.8281740690892777,False,,False,0.25
100000002509598100,terminal,0.833,9,0.3914,"получил 306 тыс ₸ от 1 плательщ.; исходящих ≥5 тыс ₸ в выборке не наблюдается (колено 3, исходящие выгружены)",observed_sink,3,False,1,0,305550.0,0.0,1,0,0.0,0,0,2,0.0,0.0,1.0,0.0,0.00030012320541723803,-0.0,3.7941363435538907e-07,0.0,False,0.292,0.0,0.784,0.382,0.367,0.38896366083445494,False,,False,0.0
100000008343874100,peripheral,0.7,10,0.3901,"слабые связи: 2 вход / 2 выход, 284 тыс ₸ → 176 тыс ₸, без устойчивого паттерна",,3,False,2,2,283535.0,176400.0,2,5,0.6221454141464017,0,0,7,1.0,0.8129251700680272,1.0,0.0,0.0003076522795593044,6.967836628662849e-19,0.001211298887182351,3.883678287186913e-05,False,0.035,0.0,0.849,0.456,0.885,0.8532974427994616,False,,False,0.0
100000000724540100,peripheral,0.7,1,0.3898,"слабые связи: 1 вход / 1 выход, 50 тыс ₸ → 100 тыс ₸, без устойчивого паттерна",,2,False,1,1,50000.0,100000.0,1,1,2.0,0,1,8,1.0,0.0,1.0,0.0,0.00030963471226612996,1.9702240838547103e-19,5.704237349072325e-08,1.981468513870874e-05,False,0.035,0.167,0.65,0.47,0.842,0.4901301031852849,False,,False,0.0
100000004235471100,terminal,0.655,5,0.3897,"вероятный конечный получатель: 180 тыс ₸ от 1; 4 колено, исходящие не собраны, P(пересылает)=0.24",likely_sink_truncated,4,False,1,0,180000.0,0.0,1,0,0.0,0,0,7,0.23794404445603018,0.0,1.0,0.0,0.0003486135302974605,-0.0,3.0443856381989164e-19,0.0,True,0.229,0.0,0.689,0.625,0.367,0.48811126065500227,False,,False,0.0
100000004976946100,terminal,0.657,30,0.389,"вероятный конечный получатель: 246 тыс ₸ от 1; 4 колено, исходящие не собраны, P(пересылает)=0.23",likely_sink_truncated,4,False,1,0,246000.0,0.0,1,0,0.0,0,0,7,0.2326001734721693,0.0,1.0,0.0,0.00031949291850972026,-0.0,-7.700474683590847e-20,0.0,True,0.23,0.0,0.748,0.54,0.367,0.5890533871691341,False,,False,0.0
100000003470579100,peripheral,0.543,23,0.389,"4 колено, обход оборван: исходящие не видны, P(пересылает)=0.36 — роль не определить, получил 357 тыс ₸",truncated_unknown,4,False,1,0,357000.0,0.0,2,0,0.0,0,0,7,0.35737035342364065,0.0,1.0,0.0,0.0005685326159317385,-0.0,-5.3684785607249976e-20,0.0,True,0.027,0.0,0.807,0.867,0.367,0.5302826379542396,False,,False,0.5
100000008722417100,peripheral,0.7,5,0.389,"слабые связи: 1 вход / 3 выход, 332 тыс ₸ → 720 тыс ₸, без устойчивого паттерна",,3,False,1,3,331900.0,720000.0,1,6,2.16932811087677,0,0,7,1.0,0.3611111111111111,1.0,0.0,0.0002963258990924784,3.8873046672922807e-19,0.002940174080170154,5.7660733753642434e-05,False,0.035,0.0,0.932,0.325,0.906,0.8254822790489008,False,,False,0.0
100000008468762100,terminal,0.874,1,0.3889,"получил 170 тыс ₸ от 2 плательщ.; исходящих ≥5 тыс ₸ в выборке не наблюдается (колено 3, исходящие выгружены)",observed_sink,3,False,2,0,170000.0,0.0,2,0,0.0,0,0,8,0.0,0.0,2.0,0.0,0.00031040507384099927,-0.0,1.3211888160435155e-06,0.0,False,0.306,0.0,0.682,0.476,0.367,0.7913862718707941,False,,False,0.0
100000000190228100,peripheral,0.7,13,0.3886,"слабые связи: 1 вход / 1 выход, 5 тыс ₸ → 29 тыс ₸, без устойчивого паттерна",,2,False,1,1,5000.0,28560.0,1,1,5.712,0,1,8,1.0,0.0,1.0,0.0,0.0005820068181865632,-1.5210425112984638e-19,1.9018266164729635e-20,2.159800680119253e-05,False,0.035,0.167,0.335,0.875,0.857,0.797218483624944,False,,False,1.0
100000001600934100,peripheral,0.7,3,0.3885,"слабые связи: 1 вход / 1 выход, 180 тыс ₸ → 11 тыс ₸, без устойчивого паттерна",,3,False,1,1,180300.0,11000.0,2,1,0.06100942872989462,0,0,7,1.0,0.0,1.0,1.0,0.0023668517583921617,0.0006938863234414881,3.0273324577990163e-05,0.0,False,0.035,0.0,0.699,0.992,0.367,0.6599371915657245,False,,False,0.0
100000005882013100,peripheral,0.7,28,0.3884,"слабые связи: 2 вход / 1 выход, 135 тыс ₸ → 10 тыс ₸, без устойчивого паттерна",,2,False,2,1,135000.0,10000.0,3,1,0.07407407407407407,0,1,10,1.0,1.0,1.0,2.0,0.0005264244942722093,0.0003116821043043206,5.904083850129418e-06,0.0,False,0.035,0.167,0.643,0.789,0.367,0.82907133243607,False,,False,0.0
100000008295429100,terminal,0.835,5,0.3883,"получил 352 тыс ₸ от 1 плательщ.; исходящих ≥5 тыс ₸ в выборке не наблюдается (колено 3, исходящие выгружены)",observed_sink,3,False,1,0,352000.0,0.0,1,0,0.0,0,0,7,0.0,0.0,1.0,0.0,0.00029697732349136745,-0.0,0.002940174080170154,0.0,False,0.292,0.0,0.804,0.336,0.367,0.4869896814715119,False,,False,0.0
100000001851289100,terminal,0.818,2,0.3876,"получил 110 тыс ₸ от 1 плательщ.; исходящих ≥5 тыс ₸ в выборке не наблюдается (колено 1, исходящие выгружены)",observed_sink,1,False,1,0,109510.0,0.0,3,0,0.0,1,1,7,0.0,0.0,1.0,0.0,0.00029734359625899394,-0.0,0.00029524161332082757,0.0,False,0.286,0.167,0.598,0.341,0.367,0.2521310004486317,False,,False,0.0
100000004889043100,terminal,0.881,0,0.3873,"получил 272 тыс ₸ от 2 плательщ.; исходящих ≥5 тыс ₸ в выборке не наблюдается (колено 3, исходящие выгружены)",observed_sink,3,False,2,0,272000.0,0.0,4,0,0.0,0,0,7,0.0,0.0,2.0,0.0,0.00029849724595781856,-0.0,0.005845955735386653,0.0,False,0.308,0.0,0.762,0.354,0.367,0.7990130103185284,False,,False,0.5
100000007534354100,peripheral,0.7,9,0.3867,"слабые связи: 1 вход / 3 выход, 50 тыс ₸ → 148 тыс ₸, без устойчивого паттерна",,2,False,1,3,50000.0,147810.0,1,3,2.9562,0,1,1,1.0,0.0,1.0,0.0,0.00030354781418186395,1.321713372870661e-05,4.0882453974806574e-08,2.377762216645049e-06,False,0.035,0.167,0.704,0.425,0.775,0.5392552714221625,False,,False,0.0
100000002659103100,terminal,0.654,34,0.3865,"вероятный конечный получатель: 165 тыс ₸ от 1; 4 колено, исходящие не собраны, P(пересылает)=0.24",likely_sink_truncated,4,False,1,0,165000.0,0.0,1,0,0.0,0,0,7,0.24025015608532693,0.0,1.0,0.0,0.000349710524256835,-0.0,7.661109445084862e-07,0.0,True,0.229,0.0,0.674,0.627,0.367,0.46635262449528936,False,,False,0.0
100000000831684100,peripheral,0.7,11,0.3863,"слабые связи: 1 вход / 1 выход, 15 тыс ₸ → 50 тыс ₸, без устойчивого паттерна",,2,False,1,1,15000.0,50000.0,2,3,3.3333333333333335,0,1,1,1.0,0.9,1.0,1.0,0.0018906089223340327,4.333202753151473e-06,-2.4261530057477376e-19,0.0,False,0.035,0.167,0.488,0.984,0.367,0.8308658591296546,False,,False,0.5
100000001471706100,peripheral,0.601,18,0.3859,"4 колено, обход оборван: исходящие не видны, P(пересылает)=0.84 — роль не определить, получил 377 тыс ₸",truncated_unknown,4,False,1,0,377000.0,0.0,8,0,0.0,0,0,8,0.8372109529232215,0.0,1.0,0.0,0.0005401265380892341,-0.0,-6.312274176483435e-19,0.0,True,0.03,0.0,0.815,0.833,0.367,0.4948407357559444,False,,False,0.0
100000000440392100,terminal,0.817,2,0.3852,"получил 106 тыс ₸ от 1 плательщ.; исходящих ≥5 тыс ₸ в выборке не наблюдается (колено 1, исходящие выгружены)",observed_sink,1,False,1,0,105705.0,0.0,4,0,0.0,1,1,7,0.0,0.0,1.0,0.0,0.000296934490065325,-0.0,0.00029524161332082757,0.0,False,0.286,0.167,0.593,0.335,0.367,0.28981606101390756,False,,False,0.0
100000004418967100,terminal,0.65,1,0.3852,"вероятный конечный получатель: 100 тыс ₸ от 1; 4 колено, исходящие не собраны, P(пересылает)=0.25",likely_sink_truncated,4,False,1,0,100000.0,0.0,1,0,0.0,0,0,8,0.24923510865926643,0.0,1.0,0.0,0.0004534748089525561,-0.0,-9.119344982315122e-19,0.0,True,0.227,0.0,0.58,0.747,0.367,0.3483624943921041,False,,False,0.0
100000003873332100,peripheral,0.7,19,0.3849,"слабые связи: 1 вход / 4 выход, 23 тыс ₸ → 286 тыс ₸, без устойчивого паттерна",,1,False,1,4,23468.0,286000.0,1,8,12.186807567751833,1,1,7,1.0,0.0,1.0,0.0,0.00028997312128448393,4.837583063945047e-20,0.002151681626890832,0.0008935591491820593,False,0.035,0.167,0.786,0.168,0.982,0.7164647824136384,False,,False,0.0
100000004726132100,peripheral,0.7,3,0.3842,"слабые связи: 1 вход / 1 выход, 349 тыс ₸ → 24 тыс ₸, без устойчивого паттерна",,3,False,1,1,349000.0,24000.0,1,2,0.06876790830945559,0,0,7,1.0,0.0,1.0,0.0,0.00031651940059214406,-2.196251647907089e-19,0.0011319384436486036,1.922024458454748e-05,False,0.035,0.0,0.813,0.52,0.81,0.6047554957379991,False,,False,0.0
100000002475601100,terminal,0.829,10,0.384,"получил 232 тыс ₸ от 1 плательщ.; исходящих ≥5 тыс ₸ в выборке не наблюдается (колено 3, исходящие выгружены)",observed_sink,3,False,1,0,232301.0,0.0,1,0,0.0,0,0,1,0.0,0.0,1.0,0.0,0.00030211439246599533,-0.0,7.936044353374742e-05,0.0,False,0.29,0.0,0.735,0.407,0.367,0.2660385823239121,False,,False,0.0
100000008714412100,terminal,0.824,8,0.384,"получил 169 тыс ₸ от 1 плательщ.; исходящих ≥5 тыс ₸ в выборке не наблюдается (колено 3, исходящие выгружены)",observed_sink,3,False,1,0,169000.0,0.0,1,0,0.0,0,0,9,0.0,0.0,1.0,0.0,0.0003116686182638579,-0.0,5.6897117917620727e-08,0.0,False,0.288,0.0,0.68,0.485,0.367,0.15051592642440556,False,,False,0.0
100000003457710100,peripheral,0.7,5,0.3835,"слабые связи: 1 вход / 1 выход, 327 тыс ₸ → 1.3 млн ₸, без устойчивого паттерна",,3,False,1,1,326555.0,1306000.0,1,2,3.999326300316945,0,0,7,1.0,1.0,1.0,0.0,0.0002961526720570524,-4.58958638134094e-19,0.002940174080170154,1.922024458454748e-05,False,0.035,0.0,0.958,0.323,0.81,0.905338716913414,False,,False,0.0
100000005783452100,terminal,0.612,1,0.3834,"вероятный конечный получатель: 286 тыс ₸ от 2; 4 колено, исходящие не собраны, P(пересылает)=0.34",likely_sink_truncated,4,False,2,0,286500.0,0.0,2,0,0.0,0,0,8,0.34416562849182986,0.0,2.0,0.0,0.00031441856690158417,-0.0,1.4880650070184408e-06,0.0,True,0.214,0.0,0.77,0.509,0.367,0.9735307312696276,True,максимум плательщиков за день выше среднего своего колена на 6.6 σ,False,0.0
100000002933386100,peripheral,0.7,0,0.3834,"слабые связи: 1 вход / 1 выход, 15 тыс ₸ → 58 тыс ₸, без устойчивого паттерна",,3,False,1,1,15000.0,58000.0,1,1,3.8666666666666667,0,0,7,1.0,0.0,1.0,0.0,0.0006527823249129193,3.2429751618381894e-19,8.128326504818639e-20,2.0012831990095827e-05,False,0.035,0.0,0.507,0.9,0.846,0.5190668461193361,False,,False,0.0
100000005668605100,terminal,0.916,18,0.3833,"получил 94 тыс ₸ от 3 плательщ.; исходящих ≥5 тыс ₸ в выборке не наблюдается (колено 0, исходящие выгружены)",observed_sink,0,True,3,0,94500.0,0.0,3,0,0.0,1,4,10,0.0,0.0,1.0,0.0,0.0008383018688148909,-0.0,2.9287207228891767e-06,0.0,False,0.321,0.667,0.563,0.934,0.367,0.7828622700762674,False,,False,0.0
100000003917461100,peripheral,0.7,11,0.383,"слабые связи: 1 вход / 2 выход, 10 тыс ₸ → 140 тыс ₸, без устойчивого паттерна",,3,False,1,2,10000.0,140000.0,1,5,14.0,0,0,9,1.0,0.07142857142857142,1.0,1.0,0.0003991316698685005,5.326628943265966e-19,-3.1942573080914253e-19,2.0210978841482916e-05,False,0.035,0.0,0.65,0.705,0.847,0.7707492148945716,False,,False,0.0
100000004184158100,terminal,0.827,3,0.3827,"получил 204 тыс ₸ от 1 плательщ.; исходящих ≥5 тыс ₸ в выборке не наблюдается (колено 3, исходящие выгружены)",observed_sink,3,False,1,0,203805.0,0.0,1,0,0.0,0,0,7,0.0,0.0,1.0,0.0,0.0003036431808354194,-0.0,0.0011319384436486036,0.0,False,0.289,0.0,0.717,0.426,0.367,0.1841633019291162,False,,False,0.0
100000002943472100,terminal,0.824,1,0.3824,"получил 170 тыс ₸ от 1 плательщ.; исходящих ≥5 тыс ₸ в выборке не наблюдается (колено 3, исходящие выгружены)",observed_sink,3,False,1,0,170000.0,0.0,1,0,0.0,0,0,8,0.0,0.0,1.0,0.0,0.0003099616909113654,-0.0,2.6125683863490796e-07,0.0,False,0.288,0.0,0.682,0.473,0.367,0.15051592642440556,False,,False,0.0
100000008583360100,peripheral,0.7,8,0.3823,"слабые связи: 1 вход / 1 выход, 113 тыс ₸ → 170 тыс ₸, без устойчивого паттерна",,3,False,1,1,112843.0,170000.0,1,1,1.5065179054083992,0,0,7,1.0,0.0,1.0,0.0,0.0003276125928311366,-3.9806806746258487e-19,6.407022407315355e-07,1.922024458454748e-05,False,0.035,0.0,0.768,0.569,0.81,0.5029161058770749,False,,False,0.0
100000004508696100,peripheral,0.7,2,0.3818,"слабые связи: 1 вход / 3 выход, 7 тыс ₸ → 111 тыс ₸, без устойчивого паттерна",,3,False,1,3,7000.0,111000.0,1,4,15.857142857142858,0,0,7,1.0,0.954954954954955,1.0,1.0,0.00042253166627963126,2.057714604523335e-19,-4.7258820803183425e-20,3.923307657464331e-05,False,0.035,0.0,0.612,0.722,0.888,0.9421265141318977,False,,False,1.0
100000002821425100,terminal,0.831,9,0.3818,"получил 275 тыс ₸ от 1 плательщ.; исходящих ≥5 тыс ₸ в выборке не наблюдается (колено 3, исходящие выгружены)",observed_sink,3,False,1,0,275000.0,0.0,1,0,0.0,0,0,2,0.0,0.0,1.0,0.0,0.00029866805245648396,-0.0,3.7941363435538907e-07,0.0,False,0.291,0.0,0.763,0.356,0.367,0.33781965006729475,False,,False,0.0
100000005394708100,peripheral,0.7,18,0.3811,"слабые связи: 1 вход / 1 выход, 26 тыс ₸ → 65 тыс ₸, без устойчивого паттерна",,1,False,1,1,26000.0,65000.0,1,1,2.5,1,1,1,1.0,1.0,1.0,0.0,0.00034517722457498676,6.979717959915959e-20,3.1148075439326523e-19,1.981468513870874e-07,False,0.035,0.167,0.556,0.616,0.736,0.8223418573351279,False,,False,0.0
100000005745873100,terminal,0.656,30,0.3807,"вероятный конечный получатель: 223 тыс ₸ от 1; 4 колено, исходящие не собраны, P(пересылает)=0.23",likely_sink_truncated,4,False,1,0,223000.0,0.0,1,0,0.0,0,0,7,0.2341453472756413,0.0,1.0,0.0,0.0003163211975392898,-0.0,-7.700474683590847e-20,0.0,True,0.23,0.0,0.728,0.52,0.367,0.5473306415432929,False,,False,0.0
100000008701944100,peripheral,0.85,6,0.3805,"мелкий получатель: разовое поступление 52 тыс ₸ от 1 плательщика, исходящих в выборке не наблюдается — признаков роли нет",small_receiver,1,False,1,0,52124.0,0.0,1,0,0.0,1,2,2,0.0,0.0,1.0,0.0,0.00041152025351238905,-0.0,2.394324320259998e-06,0.0,False,0.042,0.333,0.444,0.716,0.367,0.13571108120233288,False,,False,0.0
100000008620570100,peripheral,0.7,3,0.3802,"слабые связи: 2 вход / 2 выход, 145 тыс ₸ → 32 тыс ₸, без устойчивого паттерна",,3,False,2,2,145000.0,31800.0,2,2,0.2193103448275862,0,0,7,1.0,0.31446540880503143,1.0,0.0,0.00034853843958794993,3.403175908882823e-06,0.00038105937254147006,3.308344750837977e-05,False,0.035,0.0,0.686,0.624,0.873,0.7545984746523104,False,,False,0.0
100000002860934100,peripheral,0.529,17,0.3802,"4 колено, обход оборван: исходящие не видны, P(пересылает)=0.60 — роль не определить, получил 280 тыс ₸",truncated_unknown,4,False,1,0,279500.0,0.0,4,0,0.0,0,0,7,0.5967916940250145,0.0,1.0,0.0,0.0005814420132554198,-0.0,3.038680628611875e-11,0.0,True,0.026,0.0,0.765,0.874,0.367,0.4448183041722746,False,,False,0.25
100000002779485100,peripheral,0.85,15,0.3801,"мелкий получатель: разовое поступление 91 тыс ₸ от 1 плательщика, исходящих в выборке не наблюдается — признаков роли нет",small_receiver,2,False,1,0,91000.0,0.0,2,0,0.0,0,1,7,0.0,0.0,1.0,0.0,0.0005469132844919454,-0.0,-2.828595953388885e-20,0.0,False,0.042,0.167,0.556,0.841,0.367,0.24764468371467024,False,,False,0.0
100000003985389100,peripheral,0.647,15,0.38,"4 колено, обход оборван: исходящие не видны, P(пересылает)=0.99 — роль не определить, получил 423 тыс ₸",truncated_unknown,4,False,1,0,422698.0,0.0,16,0,0.0,0,0,7,0.9903894036796457,0.0,1.0,0.0,0.0004903551059552761,-0.0,6.997219130396941e-21,0.0,True,0.032,0.0,0.833,0.77,0.367,0.5428443248093315,False,,False,0.3125
100000004006327100,peripheral,0.505,1,0.3797,"4 колено, обход оборван: исходящие не видны, P(пересылает)=0.48 — роль не определить, получил 300 тыс ₸",truncated_unknown,4,False,1,0,300000.0,0.0,3,0,0.0,0,0,8,0.4840457108737791,0.0,1.0,0.0,0.0005549673062458651,-0.0,4.535534865532651e-19,0.0,True,0.025,0.0,0.778,0.855,0.367,0.47420367877972186,False,,False,0.0
100000005572303100,peripheral,0.7,2,0.3796,"слабые связи: 1 вход / 1 выход, 75 тыс ₸ → 20 тыс ₸, без устойчивого паттерна",,2,False,1,1,75000.0,20000.0,1,1,0.26666666666666666,0,1,7,1.0,0.0,1.0,0.0,0.00031327623939934467,3.5308102754995196e-19,2.6036449179597008e-06,3.844048916909496e-05,False,0.035,0.167,0.567,0.499,0.879,0.4961866307761328,False,,False,0.0
100000008469048100,peripheral,0.585,3,0.3795,"4 колено, обход оборван: исходящие не видны, P(пересылает)=0.78 — роль не определить, получил 265 тыс ₸",truncated_unknown,4,False,1,0,265200.0,0.0,7,0,0.0,0,0,7,0.7826845496529371,0.0,1.0,0.0,0.0005788057669614698,-0.0,7.773762860204428e-19,0.0,True,0.029,0.0,0.758,0.872,0.367,0.4670255720053836,False,,False,0.14285714285714285
100000003025903100,peripheral,0.58,10,0.379,"4 колено, обход оборван: исходящие не видны, P(пересылает)=0.77 — роль не определить, получил 386 тыс ₸",truncated_unknown,4,False,1,0,386300.0,0.0,6,0,0.0,0,0,7,0.7673307553846997,0.0,1.0,0.0,0.0005264518149577599,-0.0,1.046792427992412e-18,0.0,True,0.029,0.0,0.819,0.79,0.367,0.4930462090623598,False,,False,0.16666666666666666
100000000583220100,peripheral,0.7,15,0.3788,"слабые связи: 1 вход / 1 выход, 5 тыс ₸ → 761 тыс ₸, без устойчивого паттерна",,3,False,1,1,5000.0,761255.0,1,4,152.251,0,0,7,1.0,0.052544810871521366,1.0,0.0,0.0002981132552282107,-9.938102733955888e-20,4.259946144311007e-08,1.9616538287321655e-05,False,0.035,0.0,0.904,0.351,0.836,0.8429789143113504,False,,False,1.0
100000008097580100,terminal,0.85,3,0.3787,"получил 32 тыс ₸ от 2 плательщ.; исходящих ≥5 тыс ₸ в выборке не наблюдается (колено 3, исходящие выгружены)",observed_sink,3,False,2,0,32000.0,0.0,4,0,0.0,0,0,7,0.0,0.0,1.0,0.0,0.0006747919200885498,-0.0,2.4082303397080856e-05,0.0,False,0.298,0.0,0.328,0.905,0.367,0.7021085688649619,False,,False,0.75
100000008695157100,peripheral,0.508,15,0.3786,"4 колено, обход оборван: исходящие не видны, P(пересылает)=0.47 — роль не определить, получил 426 тыс ₸",truncated_unknown,4,False,1,0,425546.0,0.0,3,0,0.0,0,0,7,0.47401962875457976,0.0,1.0,0.0,0.0004975174254247265,-0.0,3.1784522464498548e-09,0.0,True,0.025,0.0,0.834,0.774,0.367,0.5280394795872588,False,,False,0.0
100000008343415100,terminal,0.613,10,0.3786,"вероятный конечный получатель: 100 тыс ₸ от 1; 4 колено, исходящие не собраны, P(пересылает)=0.34",likely_sink_truncated,4,False,1,0,100000.0,0.0,3,0,0.0,0,0,7,0.34311217385798876,0.0,1.0,0.0,0.00043399201964799375,-0.0,8.185407465010991e-19,0.0,True,0.215,0.0,0.58,0.735,0.367,0.2920592193808883,False,,False,0.0
100000002513028100,peripheral,0.7,0,0.3785,"слабые связи: 1 вход / 3 выход, 10 тыс ₸ → 333 тыс ₸, без устойчивого паттерна",,3,False,1,3,9500.0,332709.0,1,24,35.022,0,0,7,1.0,0.0,1.0,0.0,0.0003055978968624257,3.0270865513329935e-19,2.3891284235421846e-05,6.063293652444875e-05,False,0.035,0.0,0.797,0.44,0.914,0.7393449977568416,False,,False,1.0
100000001686328100,terminal,0.822,1,0.3785,"получил 140 тыс ₸ от 1 плательщ.; исходящих ≥5 тыс ₸ в выборке не наблюдается (колено 3, исходящие выгружены)",observed_sink,3,False,1,0,140000.0,0.0,1,0,0.0,0,0,9,0.0,0.0,1.0,0.0,0.0003150543933476945,-0.0,9.056546053485952e-08,0.0,False,0.288,0.0,0.635,0.514,0.367,0.10699865410497982,False,,False,0.0
100000006852430100,peripheral,0.85,6,0.3782,"мелкий получатель: разовое поступление 37 тыс ₸ от 1 плательщика, исходящих в выборке не наблюдается — признаков роли нет",small_receiver,2,False,1,0,37000.0,0.0,1,0,0.0,0,2,11,0.0,0.0,1.0,0.0,0.0005362020040442936,-0.0,-4.683069943898059e-19,0.0,False,0.042,0.333,0.354,0.822,0.367,0.2288021534320323,False,,False,0.0
100000008336318100,terminal,0.655,1,0.3779,"вероятный конечный получатель: 170 тыс ₸ от 1; 4 колено, исходящие не собраны, P(пересылает)=0.24",likely_sink_truncated,4,False,1,0,170000.0,0.0,1,0,0.0,0,0,8,0.23868250817506595,0.0,1.0,0.0,0.0003267194674177576,-0.0,3.09069752631789e-08,0.0,True,0.229,0.0,0.682,0.565,0.367,0.4780170480035891,False,,False,0.0
100000001169666100,peripheral,0.7,8,0.3779,"слабые связи: 1 вход / 1 выход, 220 тыс ₸ → 24 тыс ₸, без устойчивого паттерна",,3,False,1,1,220000.0,24000.0,2,1,0.10909090909090909,0,0,9,1.0,0.0,1.0,0.0,0.0003195447456388576,3.576284505221287e-19,5.6897117917620727e-08,2.19943005039667e-05,False,0.035,0.0,0.746,0.54,0.859,0.4046657694033199,False,,False,0.0
100000002934441100,terminal,0.859,0,0.3775,"получил 61 тыс ₸ от 2 плательщ.; исходящих ≥5 тыс ₸ в выборке не наблюдается (колено 1, исходящие выгружены)",observed_sink,1,False,2,0,60845.6,0.0,2,0,0.0,1,1,7,0.0,0.0,2.0,0.0,0.00030248130107500483,-0.0,0.00279449731151759,0.0,False,0.301,0.167,0.479,0.413,0.367,0.7379991027366533,False,,False,0.0
100000001825934100,peripheral,0.7,16,0.3774,"слабые связи: 1 вход / 1 выход, 40 тыс ₸ → 97 тыс ₸, без устойчивого паттерна",,3,False,1,1,40000.0,97000.0,1,1,2.425,0,0,1,1.0,0.0,1.0,0.0,0.00047586713178590575,-6.57119096608584e-20,1.155764283981e-19,9.90734256935437e-07,False,0.035,0.0,0.632,0.759,0.755,0.3777478689995514,False,,False,0.0
100000002556775100,terminal,0.833,5,0.377,"получил 300 тыс ₸ от 1 плательщ.; исходящих ≥5 тыс ₸ в выборке не наблюдается (колено 3, исходящие выгружены)",observed_sink,3,False,1,0,300000.0,0.0,1,0,0.0,0,0,7,0.0,0.0,1.0,0.0,0.00029529204643951516,-0.0,0.002940174080170154,0.0,False,0.292,0.0,0.778,0.307,0.367,0.38313144908030505,False,,False,0.0
100000001056414100,terminal,0.83,9,0.3766,"получил 250 тыс ₸ от 1 плательщ.; исходящих ≥5 тыс ₸ в выборке не наблюдается (колено 3, исходящие выгружены)",observed_sink,3,False,1,0,250000.0,0.0,1,0,0.0,0,0,2,0.0,0.0,1.0,0.0,0.0002974772562529209,-0.0,3.7941363435538907e-07,0.0,False,0.29,0.0,0.75,0.344,0.367,0.29991027366532075,False,,False,0.0
100000003044431100,terminal,0.859,0,0.3763,"получил 60 тыс ₸ от 2 плательщ.; исходящих ≥5 тыс ₸ в выборке не наблюдается (колено 2, исходящие выгружены)",observed_sink,2,False,2,0,60000.0,0.0,2,0,0.0,0,1,7,0.0,0.0,1.0,0.0,0.0003024585785488682,-0.0,0.003099654763779352,0.0,False,0.301,0.167,0.475,0.412,0.367,0.5069537909376401,False,,False,0.0
100000008514970100,peripheral,0.7,10,0.3763,"слабые связи: 1 вход / 1 выход, 380 тыс ₸ → 31 тыс ₸, без устойчивого паттерна",,3,False,1,1,379966.0,31000.0,1,1,0.0815862471905381,0,0,1,1.0,1.0,1.0,0.0,0.00031263148853056264,-5.298994550587265e-20,7.936044353374742e-05,7.925874055483496e-07,False,0.035,0.0,0.828,0.493,0.752,0.8703454463885151,False,,False,0.0
100000002958139100,terminal,0.827,1,0.3757,"получил 210 тыс ₸ от 1 плательщ.; исходящих ≥5 тыс ₸ в выборке не наблюдается (колено 3, исходящие выгружены)",observed_sink,3,False,1,0,209500.0,0.0,2,0,0.0,0,0,8,0.0,0.0,1.0,0.0,0.0003002731747363869,-0.0,1.9662146336183556e-06,0.0,False,0.289,0.0,0.718,0.384,0.367,0.1031852848811126,False,,False,0.0
100000002612809100,peripheral,0.7,16,0.3756,"слабые связи: 1 вход / 3 выход, 30 тыс ₸ → 114 тыс ₸, без устойчивого паттерна",,3,False,1,3,30000.0,114000.0,2,4,3.8,0,0,1,1.0,0.13157894736842105,1.0,1.0,0.00042829267239375183,-2.382650648298835e-19,1.155764283981e-19,1.5851748110966993e-06,False,0.035,0.0,0.641,0.728,0.768,0.7510094212651414,False,,False,0.0
100000001049200100,peripheral,0.7,2,0.375,"слабые связи: 2 вход / 4 выход, 77 тыс ₸ → 36 тыс ₸, без устойчивого паттерна",,1,False,2,4,76624.0,36000.0,2,5,0.46982668615577367,1,1,7,1.0,0.0,1.0,4.0,0.00029829130032713914,1.101239097840181e-05,0.0003797223472582634,0.0011596533657190738,False,0.035,0.167,0.604,0.351,0.985,0.8358008075370121,False,,False,0.5
100000001484381100,terminal,0.866,8,0.3748,"получил 96 тыс ₸ от 2 плательщ.; исходящих ≥5 тыс ₸ в выборке не наблюдается (колено 3, исходящие выгружены)",observed_sink,3,False,2,0,95585.0,0.0,4,0,0.0,0,0,7,0.0,0.0,1.0,0.0,0.0003213079861341866,-0.0,3.3989762118251572e-06,0.0,False,0.303,0.0,0.569,0.551,0.367,0.6182144459398834,False,,False,0.0
100000002529880100,terminal,0.872,1,0.3747,"получил 147 тыс ₸ от 2 плательщ.; исходящих ≥5 тыс ₸ в выборке не наблюдается (колено 3, исходящие выгружены)",observed_sink,3,False,2,0,147000.0,0.0,2,0,0.0,0,0,8,0.0,0.0,2.0,0.0,0.000306133548519856,-0.0,3.815888530845363e-06,0.0,False,0.305,0.0,0.645,0.444,0.367,0.8057424854194706,False,,False,0.0
100000008121806100,peripheral,0.7,15,0.3745,"слабые связи: 1 вход / 4 выход, 67 тыс ₸ → 249 тыс ₸, без устойчивого паттерна",,3,False,1,4,67000.0,248509.0,1,6,3.709089552238806,0,0,7,1.0,0.34203992611937595,1.0,12.0,0.00030036879713769664,9.235979932373794e-05,0.0001302803777205814,0.0007808641134044801,False,0.035,0.0,0.787,0.386,0.98,0.9192462987886945,False,,False,0.0
100000003105929100,peripheral,0.7,5,0.3744,"слабые связи: 1 вход / 1 выход, 430 тыс ₸ → 156 тыс ₸, без устойчивого паттерна",,3,False,1,1,429567.0,156354.0,2,1,0.3639804733603838,0,0,7,1.0,0.0,1.0,0.0,0.0002994912058967719,-1.8970101129574982e-19,0.002940174080170154,1.922024458454748e-05,False,0.035,0.0,0.882,0.371,0.81,0.5998205473306415,False,,False,0.0
100000002596039100,terminal,0.658,15,0.3744,"вероятный конечный получатель: 280 тыс ₸ от 1; 4 колено, исходящие не собраны, P(пересылает)=0.23",likely_sink_truncated,4,False,1,0,280000.0,0.0,1,0,0.0,0,0,7,0.22984894666453617,0.0,1.0,0.0,0.00030434333941669174,-0.0,0.00011365723689489675,0.0,True,0.23,0.0,0.766,0.431,0.367,0.6137281292059219,False,,False,0.0
100000002794374100,terminal,0.651,1,0.3743,"вероятный конечный получатель: 111 тыс ₸ от 1; 4 колено, исходящие не собраны, P(пересылает)=0.25",likely_sink_truncated,4,False,1,0,111000.0,0.0,1,0,0.0,0,0,9,0.24668585573910287,0.0,1.0,0.0,0.0003637625168388316,-0.0,1.7426726082595881e-19,0.0,True,0.228,0.0,0.602,0.654,0.367,0.3674293405114401,False,,False,0.0
100000006100920100,terminal,0.817,0,0.3739,"получил 100 тыс ₸ от 1 плательщ.; исходящих ≥5 тыс ₸ в выборке не наблюдается (колено 3, исходящие выгружены)",observed_sink,3,False,1,0,100000.0,0.0,1,0,0.0,0,0,7,0.0,0.0,1.0,0.0,0.0003265085266629265,-0.0,0.0006428156846267583,0.0,False,0.286,0.0,0.58,0.565,0.367,0.07761327949753252,False,,False,0.0
100000006232642100,peripheral,0.526,5,0.3738,"4 колено, обход оборван: исходящие не видны, P(пересылает)=0.59 — роль не определить, получил 456 тыс ₸",truncated_unknown,4,False,1,0,456000.0,0.0,4,0,0.0,0,0,7,0.5850624155547749,0.0,1.0,0.0,0.0004278560911161392,-0.0,1.2072356240562253e-06,0.0,True,0.026,0.0,0.847,0.727,0.367,0.534768954688201,False,,False,0.0
100000005402643100,peripheral,0.7,1,0.3736,"слабые связи: 1 вход / 1 выход, 128 тыс ₸ → 90 тыс ₸, без устойчивого паттерна",,2,False,1,1,127800.0,90000.0,1,1,0.704225352112676,0,1,1,1.0,0.0,1.0,0.0,0.0002975952292869957,3.8617070933712574e-19,5.012796367303085e-07,3.962937027741748e-07,False,0.035,0.167,0.724,0.345,0.742,0.5746971736204576,False,,False,0.0
100000003724440100,terminal,0.857,0,0.3736,"получил 50 тыс ₸ от 2 плательщ.; исходящих ≥5 тыс ₸ в выборке не наблюдается (колено 2, исходящие выгружены)",observed_sink,2,False,2,0,50000.0,0.0,2,0,0.0,0,1,7,0.0,0.0,1.0,0.0,0.0003080878958078083,-0.0,0.0004189407714022736,0.0,False,0.3,0.167,0.428,0.46,0.367,0.5248990578734859,False,,False,0.0
100000001439416100,peripheral,0.7,0,0.3735,"слабые связи: 1 вход / 2 выход, 10 тыс ₸ → 165 тыс ₸, без устойчивого паттерна",,3,False,1,2,10000.0,165000.0,1,3,16.5,0,0,7,1.0,0.0,1.0,1.0,0.0003408996759919328,0.00010279294475993882,2.3509417958817133e-06,1.981468513870874e-05,False,0.035,0.0,0.685,0.608,0.842,0.7716464782413638,False,,False,0.0
100000002681449100,peripheral,0.7,0,0.3734,"слабые связи: 2 вход / 2 выход, 95 тыс ₸ → 133 тыс ₸, без устойчивого паттерна",,1,False,2,2,94638.0,133000.0,2,2,1.4053551427544961,1,1,7,1.0,0.09774436090225563,1.0,0.0,0.0002951397503203059,0.00014075988950704095,0.0032836200705394364,1.7647618735441824e-05,False,0.035,0.167,0.73,0.303,0.791,0.6056527590847914,False,,False,0.0
100000008258458100,peripheral,0.7,2,0.3722,"слабые связи: 1 вход / 2 выход, 19 тыс ₸ → 1.6 млн ₸, без устойчивого паттерна",,3,False,1,2,19000.0,1557988.0,1,4,81.99936842105264,0,0,7,1.0,0.364308325866438,1.0,0.0,0.0002912603933484999,2.620783739512819e-20,5.256983652882482e-05,3.844048916909496e-05,False,0.035,0.0,0.956,0.214,0.879,0.7761327949753253,False,,False,0.0
100000003448713100,terminal,0.658,15,0.3718,"вероятный конечный получатель: 267 тыс ₸ от 1; 4 колено, исходящие не собраны, P(пересылает)=0.23",likely_sink_truncated,4,False,1,0,266750.0,0.0,1,0,0.0,0,0,7,0.23074897208540432,0.0,1.0,0.0,0.0003034549247777915,-0.0,0.00011365723689489675,0.0,True,0.23,0.0,0.76,0.424,0.367,0.6007178106774338,False,,False,0.0
100000005505655100,peripheral,0.7,22,0.3716,"слабые связи: 2 вход / 1 выход, 33 тыс ₸ → 20 тыс ₸, без устойчивого паттерна",,1,False,2,1,33070.0,20000.0,2,1,0.6047777441790142,1,1,7,1.0,1.0,1.0,1.0,0.0003215080211255211,8.933928361817991e-09,0.0002977422950628371,0.0002690834241836647,False,0.035,0.167,0.451,0.551,0.962,0.8586810228802153,False,,False,0.0
100000005523088100,terminal,0.845,2,0.3713,"получил 700 тыс ₸ от 1 плательщ.; исходящих ≥5 тыс ₸ в выборке не наблюдается (колено 0, исходящие выгружены)",observed_sink,0,True,1,0,700000.0,0.0,2,0,0.0,1,2,15,0.0,0.0,1.0,0.0,0.0017206377268585364,-0.0,8.651558042049829e-09,0.0,False,0.296,0.333,0.897,0.979,0.367,0.8026020637056976,False,,False,0.0
100000003089553100,terminal,0.823,1,0.3713,"получил 150 тыс ₸ от 1 плательщ.; исходящих ≥5 тыс ₸ в выборке не наблюдается (колено 3, исходящие выгружены)",observed_sink,3,False,1,0,150000.0,0.0,1,0,0.0,0,0,8,0.0,0.0,1.0,0.0,0.00030709199718265064,-0.0,2.6125683863490796e-07,0.0,False,0.288,0.0,0.65,0.452,0.367,0.11148497083894122,False,,False,0.0
100000004591973100,peripheral,0.7,11,0.3713,"слабые связи: 1 вход / 1 выход, 10 тыс ₸ → 100 тыс ₸, без устойчивого паттерна",,3,False,1,1,10000.0,100000.0,1,1,10.0,0,0,9,1.0,0.0,1.0,0.0,0.0003991316698685005,-3.5117210993087064e-19,-3.1942573080914253e-19,2.0409125692870002e-05,False,0.035,0.0,0.599,0.705,0.849,0.594885598923284,False,,False,0.0
100000008699083100,terminal,0.657,1,0.3712,"вероятный конечный получатель: 238 тыс ₸ от 1; 4 колено, исходящие не собраны, P(пересылает)=0.23",likely_sink_truncated,4,False,1,0,238500.0,0.0,1,0,0.0,0,0,8,0.23215205932775587,0.0,1.0,0.0,0.00030640170893457807,-0.0,2.1191698076617157e-07,0.0,True,0.23,0.0,0.741,0.446,0.367,0.5841184387617766,False,,False,0.0
100000003073635100,terminal,0.82,3,0.371,"получил 129 тыс ₸ от 1 плательщ.; исходящих ≥5 тыс ₸ в выборке не наблюдается (колено 3, исходящие выгружены)",observed_sink,3,False,1,0,129231.0,0.0,1,0,0.0,0,0,7,0.0,0.0,1.0,0.0,0.00031186250399510335,-0.0,0.0016044117981357526,0.0,False,0.287,0.0,0.624,0.487,0.367,0.1078959174517721,False,,False,0.0
100000008516839100,terminal,0.923,18,0.3708,"получил 155 тыс ₸ от 3 плательщ.; исходящих ≥5 тыс ₸ в выборке не наблюдается (колено 0, исходящие выгружены)",observed_sink,0,True,3,0,155000.0,0.0,4,0,0.0,1,3,10,0.0,0.0,2.0,0.0,0.0010695838614429936,-0.0,1.6398729917906002e-19,0.0,False,0.323,0.5,0.662,0.955,0.367,0.8474652310453118,False,,False,0.0
100000007864477100,peripheral,0.7,0,0.3705,"слабые связи: 2 вход / 6 выход, 76 тыс ₸ → 204 тыс ₸, без устойчивого паттерна",,3,False,2,6,76000.0,203500.0,2,10,2.6776315789473686,0,0,7,1.0,0.371007371007371,1.0,0.0,0.00030477469496319144,0.0011108515258944423,0.0013712520588685334,7.54197319634361e-05,False,0.035,0.0,0.765,0.432,0.919,0.8770749214894572,False,,False,0.5
100000008599354100,peripheral,0.7,3,0.3705,"слабые связи: 1 вход / 1 выход, 177 тыс ₸ → 38 тыс ₸, без устойчивого паттерна",,3,False,1,1,177000.0,38200.0,1,2,0.21581920903954802,0,0,7,1.0,0.0,1.0,0.0,0.00033174355341856386,0.0006883384599409537,0.0011379074330901441,4.359230730515923e-06,False,0.035,0.0,0.722,0.581,0.782,0.5154777927321669,False,,False,0.0
100000003271151100,terminal,0.82,3,0.3701,"получил 127 тыс ₸ от 1 плательщ.; исходящих ≥5 тыс ₸ в выборке не наблюдается (колено 3, исходящие выгружены)",observed_sink,3,False,1,0,127294.0,0.0,1,0,0.0,0,0,7,0.0,0.0,1.0,0.0,0.0003114684039158683,-0.0,0.0016044117981357526,0.0,False,0.287,0.0,0.623,0.483,0.367,0.10408254822790489,False,,False,0.0
100000004722630100,peripheral,0.543,38,0.3699,"4 колено, обход оборван: исходящие не видны, P(пересылает)=0.36 — роль не определить, получил 340 тыс ₸",truncated_unknown,4,False,1,0,340000.0,0.0,2,0,0.0,0,0,7,0.35822967722935967,0.0,1.0,0.0,0.0004921869960127052,-0.0,1.3170404222935606e-19,0.0,True,0.027,0.0,0.796,0.771,0.367,0.5275908479138627,False,,False,0.0
100000004800648100,terminal,0.652,11,0.3698,"вероятный конечный получатель: 131 тыс ₸ от 1; 4 колено, исходящие не собраны, P(пересылает)=0.24",likely_sink_truncated,4,False,1,0,131000.0,0.0,1,0,0.0,0,0,7,0.24499316373657493,0.0,1.0,0.0,0.0003368336531012053,-0.0,2.369785447943182e-06,0.0,True,0.228,0.0,0.627,0.594,0.367,0.4096007178106774,False,,False,0.0
100000004071444100,peripheral,0.7,3,0.3697,"слабые связи: 1 вход / 1 выход, 247 тыс ₸ → 100 тыс ₸, без устойчивого паттерна",,3,False,1,1,247350.0,100000.0,1,1,0.40428542551041036,0,0,7,1.0,0.0,1.0,0.0,0.0003075048495520183,-1.2846857652189432e-20,0.0011319384436486036,1.922024458454748e-05,False,0.035,0.0,0.799,0.455,0.81,0.5612382234185733,False,,False,0.0
100000003286537100,terminal,0.873,1,0.3696,"получил 153 тыс ₸ от 2 плательщ.; исходящих ≥5 тыс ₸ в выборке не наблюдается (колено 3, исходящие выгружены)",observed_sink,3,False,2,0,153000.0,0.0,2,0,0.0,0,0,8,0.0,0.0,2.0,0.0,0.0003010947151858357,-0.0,3.2423626598706874e-06,0.0,False,0.306,0.0,0.658,0.396,0.367,0.8048452220726783,False,,False,0.0
100000008655035100,peripheral,0.85,13,0.3695,"мелкий получатель: разовое поступление 30 тыс ₸ от 1 плательщика, исходящих в выборке не наблюдается — признаков роли нет",small_receiver,2,False,1,0,30000.0,0.0,1,0,0.0,0,2,2,0.0,0.0,1.0,0.0,0.000540142714317588,-0.0,-1.0931494715852268e-18,0.0,False,0.042,0.333,0.308,0.833,0.367,0.23396141767608794,False,,False,0.0
100000001837130100,terminal,0.825,3,0.3695,"получил 173 тыс ₸ от 1 плательщ.; исходящих ≥5 тыс ₸ в выборке не наблюдается (колено 3, исходящие выгружены)",observed_sink,3,False,1,0,172900.0,0.0,1,0,0.0,0,0,7,0.0,0.0,1.0,0.0,0.00030090245579956023,-0.0,0.0011319384436486036,0.0,False,0.289,0.0,0.685,0.395,0.367,0.14984297891431134,False,,False,0.0
100000001633685100,terminal,0.905,0,0.3692,"получил 45 тыс ₸ от 3 плательщ.; исходящих ≥5 тыс ₸ в выборке не наблюдается (колено 2, исходящие выгружены)",observed_sink,2,False,3,0,45000.0,0.0,3,0,0.0,0,1,7,0.0,0.0,1.0,0.0,0.0003061866332400327,-0.0,0.00013688515143921726,0.0,False,0.317,0.167,0.395,0.444,0.367,0.6626289816061014,False,,False,0.3333333333333333
100000004906181100,peripheral,0.7,5,0.369,"слабые связи: 1 вход / 7 выход, 100 тыс ₸ → 2.5 млн ₸, без устойчивого паттерна",,3,False,1,7,100000.0,2473417.91,1,33,24.734179100000002,0,0,7,1.0,0.6420265631536565,1.0,0.0,0.0002888102116246985,7.876225315526478e-19,0.002940174080170154,0.00013454171209183234,False,0.035,0.0,0.98,0.119,0.944,0.9093764019739794,False,,False,0.0
100000002529877100,terminal,0.657,1,0.3689,"вероятный конечный получатель: 232 тыс ₸ от 1; 4 колено, исходящие не собраны, P(пересылает)=0.23",likely_sink_truncated,4,False,1,0,232000.0,0.0,1,0,0.0,0,0,8,0.23281516392958768,0.0,1.0,0.0,0.0003058339492043375,-0.0,2.1191698076617157e-07,0.0,True,0.23,0.0,0.735,0.441,0.367,0.5630327501121579,False,,False,0.0
100000002528544100,terminal,0.826,10,0.3689,"получил 193 тыс ₸ от 1 плательщ.; исходящих ≥5 тыс ₸ в выборке не наблюдается (колено 3, исходящие выгружены)",observed_sink,3,False,1,0,192912.0,0.0,1,0,0.0,0,0,1,0.0,0.0,1.0,0.0,0.00029930900258425463,-0.0,7.936044353374742e-05,0.0,False,0.289,0.0,0.702,0.367,0.367,0.1695827725437416,False,,False,0.0
100000005888829100,terminal,0.655,1,0.3687,"вероятный конечный получатель: 197 тыс ₸ от 1; 4 колено, исходящие не собраны, P(пересылает)=0.24",likely_sink_truncated,4,False,1,0,197000.0,0.0,1,0,0.0,0,0,8,0.23658066403767736,0.0,1.0,0.0,0.0003114861644720892,-0.0,1.2761480262525199e-06,0.0,True,0.229,0.0,0.703,0.484,0.367,0.5008972633467923,False,,False,0.0
100000005357705100,peripheral,0.7,3,0.3686,"слабые связи: 1 вход / 4 выход, 53 тыс ₸ → 387 тыс ₸, без устойчивого паттерна",,3,False,1,4,52595.0,387080.0,1,5,7.35963494628767,0,0,7,1.0,0.2724630567324584,1.0,0.0,0.00029627022022006105,5.092676608993787e-20,0.0016044117981357526,7.688097833818992e-05,False,0.035,0.0,0.837,0.324,0.921,0.7483176312247645,False,,False,0.0
100000002748180100,peripheral,0.7,9,0.3683,"слабые связи: 1 вход / 8 выход, 10 тыс ₸ → 680 тыс ₸, без устойчивого паттерна",,1,False,1,8,9900.0,679743.0,1,9,68.66090909090909,1,1,1,1.0,0.26480596343029644,1.0,0.0,0.0002872122492498471,2.1937427867142167e-06,1.0100033668708282e-05,8.52031460964476e-06,False,0.035,0.167,0.896,0.054,0.788,0.9264244055630327,False,,False,1.0
100000004368189100,peripheral,0.7,9,0.3683,"слабые связи: 1 вход / 2 выход, 385 тыс ₸ → 28 тыс ₸, без устойчивого паттерна",,3,False,1,2,384600.0,28200.0,1,2,0.07332293291731669,0,0,2,1.0,0.7695035460992907,1.0,0.0,0.0003038885030129045,-4.165745205487e-19,3.7941363435538907e-07,2.774055919419224e-06,False,0.035,0.0,0.83,0.428,0.776,0.8398384925975774,False,,False,0.0
100000004192865100,peripheral,0.85,24,0.3681,"мелкий получатель: разовое поступление 67 тыс ₸ от 1 плательщика, исходящих в выборке не наблюдается — признаков роли нет",small_receiver,2,False,1,0,66666.0,0.0,1,0,0.0,0,1,1,0.0,0.0,1.0,0.0,0.0005558092873800465,-0.0,-1.5062600575491574e-19,0.0,False,0.042,0.167,0.493,0.856,0.367,0.29676985195154776,False,,False,0.0
100000001688676100,terminal,0.821,19,0.3679,"получил 134 тыс ₸ от 1 плательщ.; исходящих ≥5 тыс ₸ в выборке не наблюдается (колено 3, исходящие выгружены)",observed_sink,3,False,1,0,133700.0,0.0,1,0,0.0,0,0,7,0.0,0.0,1.0,0.0,0.00030843404399855535,-0.0,8.448073393743623e-05,0.0,False,0.287,0.0,0.629,0.462,0.367,0.11372812920592194,False,,False,0.0
100000006612238100,peripheral,0.7,4,0.3679,"слабые связи: 1 вход / 1 выход, 160 тыс ₸ → 25 тыс ₸, без устойчивого паттерна",,2,False,1,1,160000.0,25000.0,1,1,0.15625,0,1,1,1.0,1.0,1.0,1.0,0.00033991126391326795,-1.3846025728211006e-17,6.140263830218555e-20,0.0,False,0.035,0.167,0.692,0.605,0.367,0.807088380439659,False,,False,0.0
100000005053653100,peripheral,0.7,0,0.3674,"слабые связи: 2 вход / 1 выход, 63 тыс ₸ → 25 тыс ₸, без устойчивого паттерна",,2,False,2,1,63073.0,25000.0,2,1,0.3963661154535221,0,1,7,1.0,0.0,1.0,0.0,0.00031360085843204776,3.104554053261743e-19,0.0004189407714022736,1.922024458454748e-05,False,0.035,0.167,0.546,0.502,0.81,0.5168236877523553,False,,False,0.0
100000001893287100,peripheral,0.7,12,0.3671,"слабые связи: 1 вход / 1 выход, 18 тыс ₸ → 153 тыс ₸, без устойчивого паттерна",,3,False,1,1,18000.0,152700.0,3,14,8.483333333333333,0,0,1,1.0,0.37786509495743287,1.0,1.0,0.0006184515295005443,1.2322306028074045e-05,-8.688111604504674e-21,0.0,False,0.035,0.0,0.683,0.89,0.367,0.8402871242709735,False,,False,1.0
100000004580202100,peripheral,0.7,20,0.3669,"слабые связи: 1 вход / 3 выход, 9 тыс ₸ → 45 тыс ₸, без устойчивого паттерна",,2,False,1,3,9000.0,45000.0,1,4,5.0,0,1,7,1.0,0.1111111111111111,1.0,0.0,0.00032162328322811484,7.566745808763482e-21,5.175780394349282e-08,5.9444055416126226e-05,False,0.035,0.167,0.455,0.552,0.912,0.6675639300134589,False,,False,1.0
100000000533217100,peripheral,0.85,0,0.3663,"мелкий получатель: разовое поступление 54 тыс ₸ от 1 плательщика, исходящих в выборке не наблюдается — признаков роли нет",small_receiver,2,False,1,0,53587.0,0.0,1,0,0.0,0,1,7,0.0,0.0,1.0,0.0,0.0006536029907362576,-0.0,-2.083982272686789e-20,0.0,False,0.042,0.167,0.452,0.9,0.367,0.2489905787348587,False,,False,0.0
100000004697956100,transit,0.7,12,0.3663,"транзит: получил 10 тыс ₸, отдал 100%, 0% ушло в течение 2 дн. после прихода",,3,False,1,1,10000.0,10000.0,1,1,1.0,0,0,1,1.0,0.0,1.0,1.0,0.0004681160760661767,1.242162122813023e-05,-2.736207628287056e-19,0.0,False,0.42,0.0,0.205,0.753,0.367,0.7048003589053388,False,,False,0.0
100000002906470100,terminal,0.82,19,0.3663,"получил 130 тыс ₸ от 1 плательщ.; исходящих ≥5 тыс ₸ в выборке не наблюдается (колено 3, исходящие выгружены)",observed_sink,3,False,1,0,130000.0,0.0,1,0,0.0,0,0,7,0.0,0.0,1.0,0.0,0.0003078012872731202,-0.0,8.448073393743623e-05,0.0,False,0.287,0.0,0.626,0.458,0.367,0.1078959174517721,False,,False,0.0
100000003037476100,peripheral,0.505,1,0.366,"4 колено, обход оборван: исходящие не видны, P(пересылает)=0.52 — роль не определить, получил 555 тыс ₸",truncated_unknown,4,False,3,0,555000.0,0.0,3,0,0.0,0,0,8,0.5155445154630788,0.0,2.0,0.0,0.00035935405632802974,-0.0,1.8190249132693477e-06,0.0,True,0.025,0.0,0.877,0.645,0.367,0.9910273665320771,True,число плательщиков выше среднего своего колена на 9.6 σ,False,0.0
100000008337304100,terminal,0.627,3,0.3657,"вероятный конечный получатель: 105 тыс ₸ от 1; 4 колено, исходящие не собраны, P(пересылает)=0.31",likely_sink_truncated,4,False,1,0,105465.0,0.0,2,0,0.0,0,0,7,0.30742909722951667,0.0,1.0,0.0,0.0003542650469239118,-0.0,2.991289503019262e-20,0.0,True,0.219,0.0,0.593,0.634,0.367,0.288021534320323,False,,False,0.0
100000007797290100,peripheral,0.7,14,0.3655,"слабые связи: 1 вход / 1 выход, 100 тыс ₸ → 20 тыс ₸, без устойчивого паттерна",,2,False,1,1,100000.0,20000.0,1,1,0.2,0,1,7,1.0,0.0,1.0,0.0,0.00030112537616284985,2.7754163618893274e-19,5.1721343332135395e-05,1.922024458454748e-05,False,0.035,0.167,0.616,0.397,0.81,0.528488111260655,False,,False,0.0
100000008571243100,terminal,0.821,8,0.365,"получил 134 тыс ₸ от 1 плательщ.; исходящих ≥5 тыс ₸ в выборке не наблюдается (колено 3, исходящие выгружены)",observed_sink,3,False,1,0,134000.0,0.0,1,0,0.0,0,0,9,0.0,0.0,1.0,0.0,0.00030626343281042674,-0.0,5.6897117917620727e-08,0.0,False,0.287,0.0,0.629,0.445,0.367,0.11305518169582772,False,,False,0.0
100000001714413100,terminal,0.83,5,0.3649,"получил 250 тыс ₸ от 1 плательщ.; исходящих ≥5 тыс ₸ в выборке не наблюдается (колено 3, исходящие выгружены)",observed_sink,3,False,1,0,250172.0,0.0,1,0,0.0,0,0,7,0.0,0.0,1.0,0.0,0.00029367716211375173,-0.0,0.002940174080170154,0.0,False,0.29,0.0,0.752,0.274,0.367,0.29991027366532075,False,,False,0.0
100000008737958100,terminal,0.858,4,0.3643,"получил 53 тыс ₸ от 2 плательщ.; исходящих ≥5 тыс ₸ в выборке не наблюдается (колено 1, исходящие выгружены)",observed_sink,1,False,2,0,53373.0,0.0,2,0,0.0,1,1,1,0.0,0.0,1.0,0.0,0.0002996261402634527,-0.0,-1.5323773539219818e-17,0.0,False,0.3,0.167,0.452,0.374,0.367,0.43651861821444593,False,,False,0.0
100000003865939100,peripheral,0.85,46,0.3642,"мелкий получатель: разовое поступление 81 тыс ₸ от 1 плательщика, исходящих в выборке не наблюдается — признаков роли нет",small_receiver,1,False,1,0,81465.0,0.0,1,0,0.0,1,1,1,0.0,0.0,1.0,0.0,0.0005285862410602071,-0.0,2.5786955002069654e-19,0.0,False,0.042,0.167,0.525,0.791,0.367,0.26558995065051594,False,,False,0.0
100000001378288100,peripheral,0.504,15,0.3641,"4 колено, обход оборван: исходящие не видны, P(пересылает)=0.49 — роль не определить, получил 268 тыс ₸",truncated_unknown,4,False,1,0,268000.0,0.0,3,0,0.0,0,0,7,0.4869280844740115,0.0,1.0,0.0,0.0005234508868762789,-0.0,3.1126225434925486e-19,0.0,True,0.025,0.0,0.761,0.788,0.367,0.458950201884253,False,,False,0.6666666666666666
100000004784224100,peripheral,0.7,11,0.3638,"слабые связи: 1 вход / 1 выход, 24 тыс ₸ → 100 тыс ₸, без устойчивого паттерна",,1,False,1,1,23500.0,100000.0,2,1,4.25531914893617,1,1,1,1.0,0.0,1.0,0.0,0.0003047979078563762,6.94164043268121e-20,-3.331631686555029e-20,1.981468513870874e-07,False,0.035,0.167,0.619,0.433,0.736,0.6635262449528937,False,,False,0.5
100000004071070100,peripheral,0.7,3,0.3638,"слабые связи: 2 вход / 1 выход, 41 тыс ₸ → 6 тыс ₸, без устойчивого паттерна",,2,False,2,1,41000.0,6000.0,5,1,0.14634146341463414,0,1,7,1.0,1.0,1.0,1.0,0.0011875923340219261,0.003942592132037433,0.0006479966441137783,0.0,False,0.035,0.167,0.406,0.962,0.367,0.8483624943921041,False,,True,0.8
100000003497735100,terminal,0.82,19,0.3637,"получил 125 тыс ₸ от 1 плательщ.; исходящих ≥5 тыс ₸ в выборке не наблюдается (колено 3, исходящие выгружены)",observed_sink,3,False,1,0,125000.0,0.0,1,0,0.0,0,0,7,0.0,0.0,1.0,0.0,0.0003069462106171267,-0.0,8.448073393743623e-05,0.0,False,0.287,0.0,0.621,0.449,0.367,0.10116644235082997,False,,False,0.0
100000000607731100,peripheral,0.7,24,0.3635,"слабые связи: 1 вход / 1 выход, 20 тыс ₸ → 67 тыс ₸, без устойчивого паттерна",,1,False,1,1,20000.0,66666.0,1,1,3.3333,1,1,1,1.0,0.0,1.0,0.0,0.00031753584489255785,-6.411027212845499e-20,-5.660202029520676e-19,5.944405541612623e-07,False,0.035,0.167,0.543,0.525,0.748,0.5872588604755495,False,,False,0.0
100000005264874100,peripheral,0.7,16,0.3634,"слабые связи: 1 вход / 2 выход, 30 тыс ₸ → 78 тыс ₸, без устойчивого паттерна",,3,False,1,2,30000.0,78000.0,1,3,2.6,0,0,1,1.0,0.0,1.0,1.0,0.00042829267239375183,-5.232669228710881e-19,1.155764283981e-19,7.925874055483496e-07,False,0.035,0.0,0.596,0.728,0.752,0.6787797218483625,False,,False,0.0
100000004891562100,terminal,0.65,9,0.3633,"вероятный конечный получатель: 103 тыс ₸ от 1; 4 колено, исходящие не собраны, P(пересылает)=0.25",likely_sink_truncated,4,False,1,0,103400.0,0.0,1,0,0.0,0,0,1,0.249297774155959,0.0,1.0,0.0,0.0003409037645591215,-0.0,3.687381946526989e-06,0.0,True,0.227,0.0,0.589,0.608,0.367,0.3611484970838941,False,,False,0.0
100000002659265100,terminal,0.653,1,0.3632,"вероятный конечный получатель: 141 тыс ₸ от 1; 4 колено, исходящие не собраны, P(пересылает)=0.24",likely_sink_truncated,4,False,1,0,141000.0,0.0,1,0,0.0,0,0,8,0.2422604255526443,0.0,1.0,0.0,0.00031969973198944253,-0.0,3.09069752631789e-08,0.0,True,0.229,0.0,0.638,0.541,0.367,0.408254822790489,False,,False,0.0
100000003190207100,peripheral,0.7,18,0.363,"слабые связи: 1 вход / 1 выход, 5 тыс ₸ → 377 тыс ₸, без устойчивого паттерна",,3,False,1,1,5000.0,377000.0,1,8,75.4,0,0,8,1.0,0.10610079575596817,1.0,0.0,0.0002991258827616197,-2.6866649830855327e-19,1.0303697761782472e-06,2.1003566247031264e-05,False,0.035,0.0,0.818,0.364,0.852,0.8384925975773889,False,,False,1.0
100000001788284100,peripheral,0.7,22,0.3629,"слабые связи: 1 вход / 5 выход, 8 тыс ₸ → 297 тыс ₸, без устойчивого паттерна",,3,False,1,5,8000.0,296700.0,1,8,37.0875,0,0,7,1.0,0.6501516683518705,1.0,1.0,0.00029938268059674525,1.1084567039192559e-06,2.5006817420098913e-06,5.9444055416126226e-05,False,0.035,0.0,0.784,0.368,0.912,0.9309107222969941,False,,False,1.0
100000005182219100,terminal,0.858,5,0.3629,"получил 55 тыс ₸ от 2 плательщ.; исходящих ≥5 тыс ₸ в выборке не наблюдается (колено 3, исходящие выгружены)",observed_sink,3,False,2,0,55000.0,0.0,2,0,0.0,0,0,7,0.0,0.0,1.0,0.0,0.0003541294978841431,-0.0,0.00296445844678771,0.0,False,0.3,0.0,0.46,0.633,0.367,0.598026020637057,False,,False,0.0
100000003149149100,terminal,0.83,5,0.3628,"получил 245 тыс ₸ от 1 плательщ.; исходящих ≥5 тыс ₸ в выборке не наблюдается (колено 3, исходящие выгружены)",observed_sink,3,False,1,0,245000.0,0.0,1,0,0.0,0,0,7,0.0,0.0,1.0,0.0,0.00029350954186544055,-0.0,0.002940174080170154,0.0,False,0.29,0.0,0.747,0.269,0.367,0.30080753701211305,False,,False,0.0
100000002677201100,peripheral,0.7,1,0.3628,"слабые связи: 1 вход / 1 выход, 150 тыс ₸ → 88 тыс ₸, без устойчивого паттерна",,3,False,1,1,150000.0,87750.0,1,1,0.585,0,0,8,1.0,0.0,1.0,0.0,0.00030890584852738523,-2.835122051905661e-19,1.8496738972270134e-06,2.139985994980544e-05,False,0.035,0.0,0.74,0.464,0.854,0.5065051592642441,False,,False,0.0
100000006912294100,peripheral,0.7,13,0.3626,"слабые связи: 1 вход / 2 выход, 6 тыс ₸ → 30 тыс ₸, без устойчивого паттерна",,2,False,1,2,6335.09,30000.0,1,2,4.7355286191672095,0,1,1,1.0,0.0,1.0,1.0,0.000498922067320617,9.91741533762734e-06,-8.513706046792137e-20,5.944405541612623e-07,False,0.035,0.167,0.351,0.775,0.748,0.7747868999551368,False,,False,1.0
100000008376785100,peripheral,0.54,5,0.3622,"4 колено, обход оборван: исходящие не видны, P(пересылает)=0.37 — роль не определить, получил 234 тыс ₸",truncated_unknown,4,False,1,0,234250.0,0.0,2,0,0.0,0,0,7,0.3669306947212835,0.0,1.0,0.0,0.0005318070054641091,-0.0,6.13467308009834e-19,0.0,True,0.027,0.0,0.736,0.807,0.367,0.44010767160161507,False,,False,0.0
100000003246024100,peripheral,0.7,3,0.3616,"слабые связи: 1 вход / 1 выход, 25 тыс ₸ → 5 тыс ₸, без устойчивого паттерна",,2,False,1,1,25000.0,5000.0,1,1,0.2,0,1,7,1.0,1.0,1.0,0.0,0.00037134005643017944,-2.7931752066158147e-19,-5.52921314344666e-19,0.0016116905777033756,False,0.035,0.167,0.308,0.666,0.988,0.7797218483624944,False,,False,0.0
100000000917179100,peripheral,0.85,8,0.3613,"мелкий получатель: разовое поступление 94 тыс ₸ от 1 плательщика, исходящих в выборке не наблюдается — признаков роли нет",small_receiver,2,False,1,0,94465.0,0.0,2,0,0.0,0,1,7,0.0,0.0,1.0,0.0,0.00042586253334482804,-0.0,5.121879102944995e-10,0.0,False,0.042,0.167,0.562,0.725,0.367,0.2570659488559892,False,,False,0.0
100000002812641100,peripheral,0.7,13,0.3612,"слабые связи: 1 вход / 1 выход, 10 тыс ₸ → 7 тыс ₸, без устойчивого паттерна",,2,False,1,1,10000.0,7023.95,1,1,0.702395,0,2,8,1.0,1.0,1.0,1.0,0.002063853851346023,1.3080306673231367e-05,1.2468671250662013e-18,0.0,False,0.035,0.333,0.167,0.988,0.367,0.8537460744728578,False,,False,0.0
100000002712416100,terminal,0.869,1,0.3612,"получил 117 тыс ₸ от 2 плательщ.; исходящих ≥5 тыс ₸ в выборке не наблюдается (колено 3, исходящие выгружены)",observed_sink,3,False,2,0,116800.0,0.0,2,0,0.0,0,0,9,0.0,0.0,1.0,0.0,0.0003026575194807794,-0.0,2.9815305822885214e-06,0.0,False,0.304,0.0,0.611,0.414,0.367,0.5850157021085689,False,,False,0.0
100000004315838100,peripheral,0.7,5,0.3611,"слабые связи: 2 вход / 1 выход, 50 тыс ₸ → 18 тыс ₸, без устойчивого паттерна",,1,False,2,1,50000.0,18000.0,2,1,0.36,1,2,10,1.0,0.0,1.0,0.0,0.0002913854344131959,8.725705280960675e-20,0.0034013420452447254,2.377762216645049e-05,False,0.035,0.333,0.496,0.218,0.865,0.5397039030955586,False,,False,0.0
100000001732159100,peripheral,0.7,35,0.3608,seed: отправил 1.5 млн ₸ 4 получателям; для консолидации/рассылки мало связей,,0,True,2,4,2378100.0,1505966.0,30,23,0.633264370716118,2,2,9,1.0,0.9144735007297642,2.0,4.0,0.001095056787299681,5.340185807580919e-05,7.699492624920448e-07,2.027094433598164e-05,False,0.035,0.333,0.988,0.957,0.848,0.9219380888290714,False,,False,0.0
100000002508637100,peripheral,0.7,10,0.3599,"слабые связи: 1 вход / 1 выход, 306 тыс ₸ → 8 тыс ₸, без устойчивого паттерна",,3,False,1,1,306410.0,8000.0,1,1,0.02610880845925394,0,0,1,1.0,0.0,1.0,0.0,0.0003073926335674684,1.2491487955149864e-19,7.936044353374742e-05,7.925874055483496e-07,False,0.035,0.0,0.786,0.454,0.752,0.5769403319874383,False,,False,0.0
100000006530134100,terminal,0.872,5,0.3599,"получил 145 тыс ₸ от 2 плательщ.; исходящих ≥5 тыс ₸ в выборке не наблюдается (колено 3, исходящие выгружены)",observed_sink,3,False,2,0,144663.0,0.0,2,0,0.0,0,0,7,0.0,0.0,1.0,0.0,0.00029908777889777345,-0.0,0.003582989764796912,0.0,False,0.305,0.0,0.642,0.363,0.367,0.604306864064603,False,,False,0.0
100000003968044100,peripheral,0.7,3,0.3598,"слабые связи: 1 вход / 3 выход, 40 тыс ₸ → 311 тыс ₸, без устойчивого паттерна",,3,False,1,3,40000.0,311000.0,1,4,7.775,0,0,7,1.0,0.0,1.0,43.0,0.00029600415505373623,0.0014579653428758118,0.0011379074330901441,6.561503152343142e-05,False,0.035,0.0,0.804,0.32,0.917,0.9475100942126514,False,,False,0.0
100000004077081100,peripheral,0.7,0,0.3596,"слабые связи: 1 вход / 4 выход, 140 тыс ₸ → 615 тыс ₸, без устойчивого паттерна",,3,False,1,4,140000.0,615000.0,1,6,4.392857142857143,0,0,7,1.0,0.6829268292682927,1.0,0.0,0.0002901065785876618,0.0012387799203847159,0.002940174080170154,0.00011599154155885525,False,0.035,0.0,0.903,0.173,0.938,0.845222072678331,False,,False,0.0
100000001987030100,peripheral,0.7,12,0.3593,"слабые связи: 2 вход / 1 выход, 31 тыс ₸ → 19 тыс ₸, без устойчивого паттерна",,1,False,2,1,30864.0,19000.0,2,1,0.6156039398652151,1,2,7,1.0,0.0,1.0,0.0,0.0002938727535543698,1.8969132871441968e-06,0.00033091796293032274,5.706629319948117e-05,False,0.035,0.333,0.422,0.28,0.904,0.6159712875729026,False,,False,0.5
100000001063678100,peripheral,0.7,20,0.3576,"слабые связи: 1 вход / 2 выход, 35 тыс ₸ → 90 тыс ₸, без устойчивого паттерна",,3,False,1,2,35000.0,90000.0,1,2,2.5714285714285716,0,0,7,1.0,0.2222222222222222,1.0,0.0,0.0003277487283987024,-5.067950941532008e-19,3.1720995054768943e-06,3.962937027741748e-05,False,0.035,0.0,0.621,0.569,0.89,0.5971287572902647,False,,False,0.0
100000004610802100,peripheral,0.646,0,0.3575,"4 колено, обход оборван: исходящие не видны, P(пересылает)=0.99 — роль не определить, получил 241 тыс ₸",truncated_unknown,4,False,1,0,241000.0,0.0,18,0,0.0,0,0,7,0.9875755603223676,0.0,1.0,0.0,0.0004739522248641112,-0.0,2.370696307907976e-19,0.0,True,0.032,0.0,0.744,0.758,0.367,0.5051592642440557,False,,False,0.5555555555555556
100000000806727100,peripheral,0.7,6,0.3574,"слабые связи: 1 вход / 1 выход, 45 тыс ₸ → 5 тыс ₸, без устойчивого паттерна",,2,False,1,1,45000.0,5000.0,1,1,0.1111111111111111,0,2,11,1.0,0.0,1.0,0.0,0.0003458595620044746,-5.65164308785923e-19,-9.539536945373386e-19,0.0,False,0.035,0.333,0.428,0.618,0.367,0.4567070435172723,False,,False,0.0
100000003071649100,terminal,0.826,1,0.3573,"получил 190 тыс ₸ от 1 плательщ.; исходящих ≥5 тыс ₸ в выборке не наблюдается (колено 3, исходящие выгружены)",observed_sink,3,False,1,0,189500.0,0.0,1,0,0.0,0,0,9,0.0,0.0,1.0,0.0,0.0002953322777705275,-0.0,3.2207337193596243e-06,0.0,False,0.289,0.0,0.697,0.307,0.367,0.16397487662628982,False,,False,0.0
100000002648315100,peripheral,0.7,13,0.3572,"слабые связи: 1 вход / 2 выход, 132 тыс ₸ → 76 тыс ₸, без устойчивого паттерна",,1,False,1,2,132000.0,76000.0,1,3,0.5757575757575758,1,1,1,1.0,0.0,1.0,0.0,0.00029313846973239526,2.980344015593296e-19,4.3414150090401995e-06,3.962937027741748e-07,False,0.035,0.167,0.718,0.259,0.742,0.642440556303275,False,,False,0.0
100000007953156100,peripheral,0.7,8,0.3569,"слабые связи: 1 вход / 1 выход, 18 тыс ₸ → 10 тыс ₸, без устойчивого паттерна",,2,False,1,1,18000.0,10000.0,1,1,0.5555555555555556,0,1,8,1.0,0.0,1.0,0.0,0.00047784166830759937,-7.248999404734881e-19,2.4459940061490063e-20,1.981468513870874e-05,False,0.035,0.167,0.29,0.761,0.842,0.5024674742036788,False,,False,0.0
100000002550141100,terminal,0.817,15,0.3568,"получил 101 тыс ₸ от 1 плательщ.; исходящих ≥5 тыс ₸ в выборке не наблюдается (колено 3, исходящие выгружены)",observed_sink,3,False,1,0,100586.0,0.0,1,0,0.0,0,0,7,0.0,0.0,1.0,0.0,0.0003077875449747828,-0.0,0.0001302803777205814,0.0,False,0.286,0.0,0.586,0.458,0.367,0.08501570210856886,False,,False,0.0
100000008655779100,peripheral,0.7,17,0.3565,"слабые связи: 1 вход / 2 выход, 47 тыс ₸ → 25 тыс ₸, без устойчивого паттерна",,3,False,1,2,47000.0,24704.0,1,2,0.5256170212765957,0,0,7,1.0,0.0,1.0,0.0,0.00039705232861292724,-4.4278981581979995e-20,-1.553733068954935e-19,5.920977464216475e-05,False,0.035,0.0,0.506,0.702,0.911,0.48855989232839836,False,,False,0.0
100000008174521100,peripheral,0.85,2,0.3559,"мелкий получатель: разовое поступление 82 тыс ₸ от 1 плательщика, исходящих в выборке не наблюдается — признаков роли нет",small_receiver,2,False,1,0,82110.0,0.0,1,0,0.0,0,1,7,0.0,0.0,1.0,0.0,0.0004405287548340963,-0.0,1.7907847734606663e-06,0.0,False,0.042,0.167,0.527,0.741,0.367,0.3414087034544639,False,,False,0.0
100000003664994100,peripheral,0.542,5,0.3558,"4 колено, обход оборван: исходящие не видны, P(пересылает)=0.36 — роль не определить, получил 338 тыс ₸",truncated_unknown,4,False,1,0,338271.0,0.0,2,0,0.0,0,0,7,0.358541509841771,0.0,1.0,0.0,0.0003911208228878397,-0.0,1.2072356240562253e-06,0.0,True,0.027,0.0,0.795,0.692,0.367,0.525347689546882,False,,False,0.0
100000001066017100,peripheral,0.7,3,0.3557,"слабые связи: 2 вход / 4 выход, 136 тыс ₸ → 82 тыс ₸, без устойчивого паттерна",,3,False,2,4,136123.0,82500.0,3,4,0.6060695106631503,0,0,7,1.0,0.18787878787878787,1.0,0.0,0.0003012384075340405,-2.3863854788970358e-20,0.004043689088306645,7.688097833818992e-05,False,0.035,0.0,0.726,0.399,0.921,0.7877972184836249,False,,False,0.0
100000006308406100,peripheral,0.538,10,0.3557,"4 колено, обход оборван: исходящие не видны, P(пересылает)=0.37 — роль не определить, получил 183 тыс ₸",truncated_unknown,4,False,1,0,183000.0,0.0,2,0,0.0,0,0,7,0.37353492718281317,0.0,1.0,0.0,0.0005393608128932426,-0.0,-2.1053987670743375e-18,0.0,True,0.027,0.0,0.691,0.83,0.367,0.3746074472857784,False,,False,0.0
100000004450649100,peripheral,0.7,5,0.3557,"слабые связи: 2 вход / 2 выход, 193 тыс ₸ → 47 тыс ₸, без устойчивого паттерна",,3,False,2,2,192528.0,46527.0,2,2,0.24166355023684866,0,0,7,1.0,0.11234337051604444,1.0,0.0,0.00029895522393245586,0.0005807834290096158,0.00302465481410759,0.00013874903023628483,False,0.035,0.0,0.742,0.36,0.946,0.7030058322117542,False,,False,0.0
100000005222360100,peripheral,0.7,8,0.3556,"слабые связи: 1 вход / 1 выход, 5 тыс ₸ → 27 тыс ₸, без устойчивого паттерна",,3,False,1,1,5000.0,27000.0,1,1,5.4,0,0,7,1.0,0.0,1.0,0.0,0.0006008605701429409,1.4913309642775891e-06,-6.56251815470715e-19,0.0019087127079326193,False,0.035,0.0,0.328,0.883,0.989,0.7411395244504262,False,,False,1.0
100000000288317100,peripheral,0.7,3,0.3556,"слабые связи: 2 вход / 3 выход, 100 тыс ₸ → 54 тыс ₸, без устойчивого паттерна",,3,False,2,3,100000.0,53500.0,2,3,0.535,0,0,7,1.0,0.308411214953271,1.0,0.0,0.0003128334856204937,-3.847206848097627e-19,0.0017654660575855887,5.8255174307803695e-05,False,0.035,0.0,0.659,0.495,0.909,0.775235531628533,False,,False,0.0
100000002132479100,peripheral,0.7,8,0.3555,"слабые связи: 1 вход / 1 выход, 30 тыс ₸ → 20 тыс ₸, без устойчивого паттерна",,2,False,1,1,30000.0,20000.0,2,1,0.6666666666666666,0,1,8,1.0,0.0,1.0,1.0,0.0006060232510344723,2.230233653672628e-05,2.4459940061490063e-20,0.0,False,0.035,0.167,0.428,0.885,0.367,0.6025123373710184,False,,False,0.0
100000003215448100,peripheral,0.7,3,0.3555,"слабые связи: 1 вход / 2 выход, 91 тыс ₸ → 124 тыс ₸, без устойчивого паттерна",,3,False,1,2,91309.0,124000.0,1,4,1.3580260434349298,0,0,7,1.0,0.06451612903225806,1.0,0.0,0.0003041469318708125,-7.196363131094509e-19,0.0016044117981357526,3.844048916909496e-05,False,0.035,0.0,0.722,0.429,0.879,0.5652759084791387,False,,False,0.0
100000005317181100,peripheral,0.7,3,0.3553,"слабые связи: 1 вход / 1 выход, 141 тыс ₸ → 14 тыс ₸, без устойчивого паттерна",,3,False,1,1,141250.0,14500.0,1,1,0.10265486725663717,0,0,7,1.0,0.0,1.0,0.0,0.00032241739654599024,1.354906444819814e-19,0.0011379074330901441,1.922024458454748e-05,False,0.035,0.0,0.663,0.553,0.81,0.4679228353521759,False,,False,0.0
100000000629812100,terminal,0.845,10,0.355,"получил 22 тыс ₸ от 2 плательщ.; исходящих ≥5 тыс ₸ в выборке не наблюдается (колено 2, исходящие выгружены)",observed_sink,2,False,2,0,22000.0,0.0,2,0,0.0,0,2,10,0.0,0.0,1.0,0.0,0.00029798400743920154,-0.0,4.073588298731231e-06,0.0,False,0.296,0.333,0.228,0.349,0.367,0.6150740242261103,False,,False,0.0
100000004292885100,terminal,0.818,7,0.3545,"получил 113 тыс ₸ от 1 плательщ.; исходящих ≥5 тыс ₸ в выборке не наблюдается (колено 3, исходящие выгружены)",observed_sink,3,False,1,0,112700.0,0.0,1,0,0.0,0,0,1,0.0,0.0,1.0,0.0,0.00030315925993119793,-0.0,-1.528429321286511e-17,0.0,False,0.286,0.0,0.605,0.419,0.367,0.09039928218932257,False,,False,0.0
100000001724740100,peripheral,0.52,1,0.3544,"4 колено, обход оборван: исходящие не видны, P(пересылает)=0.43 — роль не определить, получил 185 тыс ₸",truncated_unknown,4,False,1,0,185000.0,0.0,4,0,0.0,0,0,9,0.43384891046851315,0.0,1.0,0.0,0.0005364804152149856,-0.0,-9.584528339337818e-19,0.0,True,0.026,0.0,0.692,0.823,0.367,0.3853746074472858,False,,False,0.25
100000005308954100,peripheral,0.7,2,0.3544,"слабые связи: 1 вход / 1 выход, 69 тыс ₸ → 30 тыс ₸, без устойчивого паттерна",,3,False,1,1,69020.0,30000.0,1,1,0.43465662126919735,0,0,7,1.0,0.0,1.0,0.0,0.0003594505153223273,1.122297787064682e-19,1.0123575772457728e-05,1.981468513870874e-05,False,0.035,0.0,0.574,0.646,0.842,0.3391655450874832,False,,False,0.0
100000007511780100,peripheral,0.537,0,0.3541,"4 колено, обход оборван: исходящие не видны, P(пересылает)=0.38 — роль не определить, получил 155 тыс ₸",truncated_unknown,4,False,1,0,155000.0,0.0,2,0,0.0,0,0,7,0.3771628874352233,0.0,1.0,0.0,0.0005577703986813184,-0.0,1.915642917845327e-06,0.0,True,0.027,0.0,0.662,0.859,0.367,0.32705248990578734,False,,False,0.5
100000008417029100,terminal,0.817,1,0.3538,"получил 100 тыс ₸ от 1 плательщ.; исходящих ≥5 тыс ₸ в выборке не наблюдается (колено 3, исходящие выгружены)",observed_sink,3,False,1,0,100000.0,0.0,1,0,0.0,0,0,9,0.0,0.0,1.0,0.0,0.00030663007931043616,-0.0,9.056546053485952e-08,0.0,False,0.286,0.0,0.58,0.449,0.367,0.07761327949753252,False,,False,0.0
100000008168850100,peripheral,0.538,5,0.3538,"4 колено, обход оборван: исходящие не видны, P(пересылает)=0.37 — роль не определить, получил 188 тыс ₸",truncated_unknown,4,False,1,0,187910.0,0.0,2,0,0.0,0,0,7,0.3728862522767903,0.0,1.0,0.0,0.000533079579985651,-0.0,4.4731517111032626e-20,0.0,True,0.027,0.0,0.695,0.813,0.367,0.37415881561238223,False,,False,0.0
100000001384826100,peripheral,0.7,5,0.3535,"слабые связи: 1 вход / 1 выход, 364 тыс ₸ → 10 тыс ₸, без устойчивого паттерна",,3,False,1,1,364260.0,10000.0,1,1,0.027452918245209467,0,0,7,1.0,0.0,1.0,0.0,0.0002973746599655157,-5.5871945669705195e-19,0.002940174080170154,1.922024458454748e-05,False,0.035,0.0,0.814,0.342,0.81,0.6195603409600717,False,,False,0.0
100000005897462100,peripheral,0.85,6,0.3534,"мелкий получатель: разовое поступление 98 тыс ₸ от 1 плательщика, исходящих в выборке не наблюдается — признаков роли нет",small_receiver,1,False,1,0,98400.0,0.0,1,0,0.0,1,2,8,0.0,0.0,1.0,0.0,0.0003004936394973031,-0.0,0.00012279960625588972,0.0,False,0.042,0.333,0.573,0.387,0.367,0.3297442799461642,False,,False,0.0
100000008762832100,peripheral,0.7,10,0.3534,"слабые связи: 1 вход / 1 выход, 150 тыс ₸ → 85 тыс ₸, без устойчивого паттерна",,2,False,1,1,150000.0,85000.0,1,4,0.5666666666666667,0,1,1,1.0,0.0,1.0,1.0,0.00030814762084497525,4.0072501487890515e-19,6.211858333423018e-05,0.0,False,0.035,0.167,0.738,0.46,0.367,0.6617317182593091,False,,False,0.0
100000005186131100,transit,1.0,0,0.3532,"транзит: получил 10 тыс ₸, отдал 100%, 100% ушло в течение 2 дн. после прихода",,3,False,1,1,10000.0,10000.0,1,1,1.0,0,0,7,1.0,1.0,1.0,0.0,0.00028613249388782043,-1.9673833383324852e-19,0.0029057816552165005,1.922024458454748e-05,False,0.6,0.0,0.205,0.023,0.81,0.863615971287573,False,,False,0.0
100000000979923100,peripheral,0.85,6,0.3532,"мелкий получатель: разовое поступление 98 тыс ₸ от 1 плательщика, исходящих в выборке не наблюдается — признаков роли нет",small_receiver,1,False,1,0,97900.0,0.0,1,0,0.0,1,2,8,0.0,0.0,1.0,0.0,0.00030041780440949814,-0.0,0.00012279960625588972,0.0,False,0.042,0.333,0.573,0.387,0.367,0.3315388066397488,False,,False,0.0
100000008713270100,peripheral,0.7,12,0.353,"слабые связи: 1 вход / 3 выход, 30 тыс ₸ → 190 тыс ₸, без устойчивого паттерна",,2,False,1,3,30000.0,190000.0,1,3,6.333333333333333,0,1,1,1.0,0.7894736842105263,1.0,0.0,0.0002912552172830988,8.441379178955997e-19,2.8721412970847028e-05,1.1888811083225246e-06,False,0.035,0.167,0.726,0.212,0.76,0.7101839389860924,False,,False,0.0
100000001533161100,terminal,0.65,34,0.3526,"вероятный конечный получатель: 100 тыс ₸ от 1; 4 колено, исходящие не собраны, P(пересылает)=0.25",likely_sink_truncated,4,False,1,0,100000.0,0.0,1,0,0.0,0,0,7,0.24923510865926643,0.0,1.0,0.0,0.00032444276696852947,-0.0,7.661109445084862e-07,0.0,True,0.227,0.0,0.58,0.559,0.367,0.3483624943921041,False,,False,0.0
100000006492770100,peripheral,0.7,0,0.3525,"слабые связи: 1 вход / 1 выход, 269 тыс ₸ → 20 тыс ₸, без устойчивого паттерна",,3,False,1,1,269000.0,20000.0,1,1,0.07434944237918216,0,0,7,1.0,1.0,1.0,0.0,0.0003007193653545536,-8.124609902921876e-20,0.0029057816552165005,1.922024458454748e-05,False,0.035,0.0,0.773,0.391,0.81,0.8488111260655002,False,,False,0.0
100000002600345100,terminal,0.857,2,0.3525,"получил 52 тыс ₸ от 2 плательщ.; исходящих ≥5 тыс ₸ в выборке не наблюдается (колено 1, исходящие выгружены)",observed_sink,1,False,2,0,52400.0,0.0,2,0,0.0,1,1,7,0.0,0.0,1.0,0.0,0.0002957205308431155,-0.0,0.0003197167634670938,0.0,False,0.3,0.167,0.446,0.314,0.367,0.4360699865410498,False,,False,0.5
100000008761219100,peripheral,0.7,1,0.3524,"слабые связи: 2 вход / 2 выход, 50 тыс ₸ → 375 тыс ₸, без устойчивого паттерна",,3,False,2,2,50000.0,375000.0,2,2,7.5,0,0,9,1.0,1.0,1.0,0.0,0.0002928408331364549,1.287601275119783e-20,2.9815305822885214e-06,4.172642445459749e-05,False,0.035,0.0,0.834,0.253,0.895,0.8999551368326604,False,,False,0.0
100000006989106100,peripheral,0.85,13,0.3517,"мелкий получатель: разовое поступление 64 тыс ₸ от 1 плательщика, исходящих в выборке не наблюдается — признаков роли нет",small_receiver,2,False,1,0,64000.0,0.0,2,0,0.0,0,1,1,0.0,0.0,1.0,0.0,0.0004956408524122065,-0.0,3.5011340612071364e-19,0.0,False,0.042,0.167,0.484,0.774,0.367,0.26244952893674295,False,,False,0.0
100000003696422100,peripheral,0.535,26,0.3517,"4 колено, обход оборван: исходящие не видны, P(пересылает)=0.38 — роль не определить, получил 118 тыс ₸",truncated_unknown,4,False,1,0,118000.0,0.0,2,0,0.0,0,0,7,0.38363692744522115,0.0,1.0,0.0,0.0007085171420194962,-0.0,-1.3832916764110563e-21,0.0,True,0.027,0.0,0.612,0.912,0.367,0.3064154329295648,False,,False,0.0
100000003636627100,peripheral,0.7,12,0.3514,"слабые связи: 1 вход / 1 выход, 77 тыс ₸ → 10 тыс ₸, без устойчивого паттерна",,3,False,1,1,77000.0,10000.0,8,1,0.12987012987012986,0,0,7,1.0,0.0,1.0,1.0,0.001976312410294793,1.2423235260231146e-05,-4.143999797212874e-19,0.0,False,0.035,0.0,0.543,0.986,0.367,0.6949304620906236,False,,True,0.75
100000003782913100,terminal,0.656,8,0.3506,"вероятный конечный получатель: 200 тыс ₸ от 1; 4 колено, исходящие не собраны, P(пересылает)=0.24",likely_sink_truncated,4,False,1,0,200000.0,0.0,1,0,0.0,0,0,7,0.23614655339943616,0.0,1.0,0.0,0.00029939656360654794,-0.0,5.9204630721959984e-08,0.0,True,0.23,0.0,0.711,0.369,0.367,0.5172723194257515,False,,False,0.0
100000003192220100,peripheral,0.85,2,0.3503,"мелкий получатель: разовое поступление 60 тыс ₸ от 1 плательщика, исходящих в выборке не наблюдается — признаков роли нет",small_receiver,2,False,1,0,60000.0,0.0,2,0,0.0,0,1,7,0.0,0.0,1.0,0.0,0.0005031715963348377,-0.0,-3.152486965445657e-19,0.0,False,0.042,0.167,0.475,0.778,0.367,0.22700762673844774,False,,False,0.0
100000002356167100,peripheral,0.7,5,0.3503,"слабые связи: 1 вход / 2 выход, 300 тыс ₸ → 30 тыс ₸, без устойчивого паттерна",,3,False,1,2,300000.0,29500.0,1,3,0.09833333333333333,0,0,7,1.0,0.1864406779661017,1.0,0.0,0.00029529204643951516,5.444873187066318e-19,0.002940174080170154,3.844048916909496e-05,False,0.035,0.0,0.792,0.307,0.879,0.6716016150740243,False,,False,0.0
100000008472324100,terminal,0.827,5,0.3502,"получил 205 тыс ₸ от 1 плательщ.; исходящих ≥5 тыс ₸ в выборке не наблюдается (колено 3, исходящие выгружены)",observed_sink,3,False,1,0,205200.0,0.0,1,0,0.0,0,0,7,0.0,0.0,1.0,0.0,0.000292219656737292,-0.0,0.002940174080170154,0.0,False,0.289,0.0,0.717,0.238,0.367,0.177209510991476,False,,False,0.0
100000004200745100,peripheral,0.535,11,0.3498,"4 колено, обход оборван: исходящие не видны, P(пересылает)=0.62 — роль не определить, получил 130 тыс ₸",truncated_unknown,4,False,1,0,130000.0,0.0,4,0,0.0,0,0,9,0.6163119237774232,0.0,1.0,0.0,0.0006010148962169071,-0.0,1.2439907196149245e-18,0.0,True,0.027,0.0,0.626,0.883,0.367,0.31269627635711084,False,,False,0.0
100000002755292100,terminal,0.827,5,0.3497,"получил 203 тыс ₸ от 1 плательщ.; исходящих ≥5 тыс ₸ в выборке не наблюдается (колено 3, исходящие выгружены)",observed_sink,3,False,1,0,203400.0,0.0,1,0,0.0,0,0,7,0.0,0.0,1.0,0.0,0.0002921613202239587,-0.0,0.002940174080170154,0.0,False,0.289,0.0,0.716,0.238,0.367,0.1841633019291162,False,,False,0.0
100000004552204100,peripheral,0.7,16,0.3493,"слабые связи: 1 вход / 2 выход, 22 тыс ₸ → 10 тыс ₸, без устойчивого паттерна",,3,False,1,2,22500.0,10000.0,2,2,0.4444444444444444,0,0,8,1.0,0.0,1.0,1.0,0.0008646978335399377,3.2445973632776346e-20,-2.516260572019819e-19,2.0210978841482916e-05,False,0.035,0.0,0.331,0.937,0.847,0.7106325706594886,False,,False,0.5
100000008551752100,peripheral,0.544,30,0.3491,"4 колено, обход оборван: исходящие не видны, P(пересылает)=0.35 — роль не определить, получил 406 тыс ₸",truncated_unknown,4,False,1,0,406000.0,0.0,2,0,0.0,0,0,7,0.3540319494542159,0.0,1.0,0.0,0.0003415570643909756,-0.0,-7.700474683590847e-20,0.0,True,0.027,0.0,0.827,0.609,0.367,0.5639300134589502,False,,False,0.0
100000001726614100,terminal,0.821,3,0.349,"получил 139 тыс ₸ от 1 плательщ.; исходящих ≥5 тыс ₸ в выборке не наблюдается (колено 3, исходящие выгружены)",observed_sink,3,False,1,0,138717.0,0.0,1,0,0.0,0,0,7,0.0,0.0,1.0,0.0,0.0002978710303376358,-0.0,0.0011319384436486036,0.0,False,0.287,0.0,0.633,0.348,0.367,0.10699865410497982,False,,False,0.0
100000004097972100,peripheral,0.7,3,0.3485,"слабые связи: 1 вход / 2 выход, 119 тыс ₸ → 10 тыс ₸, без устойчивого паттерна",,3,False,1,2,118878.0,10000.0,1,2,0.0841198539679335,0,0,7,1.0,0.5,1.0,0.0,0.0003165811788801659,-4.1852664295208694e-19,0.0011379074330901441,3.844048916909496e-05,False,0.035,0.0,0.624,0.521,0.879,0.705697622252131,False,,False,0.0
100000005620225100,terminal,0.857,0,0.3484,"получил 50 тыс ₸ от 2 плательщ.; исходящих ≥5 тыс ₸ в выборке не наблюдается (колено 1, исходящие выгружены)",observed_sink,1,False,2,0,49845.66,0.0,2,0,0.0,1,1,7,0.0,0.0,1.0,0.0,0.0002962362431450003,-0.0,0.00279449731151759,0.0,False,0.3,0.167,0.421,0.324,0.367,0.4598474652310453,False,,False,0.5
100000001241318100,peripheral,0.85,0,0.3483,"мелкий получатель: разовое поступление 53 тыс ₸ от 1 плательщика, исходящих в выборке не наблюдается — признаков роли нет",small_receiver,2,False,1,0,53000.0,0.0,1,0,0.0,0,1,7,0.0,0.0,1.0,0.0,0.0005308383624756579,-0.0,-9.690609921762585e-19,0.0,False,0.042,0.167,0.449,0.802,0.367,0.2274562584118439,False,,False,0.0
100000001650895100,peripheral,0.7,8,0.3477,"слабые связи: 1 вход / 1 выход, 154 тыс ₸ → 10 тыс ₸, без устойчивого паттерна",,3,False,1,1,153500.0,10000.0,1,1,0.06514657980456026,0,0,9,1.0,0.0,1.0,0.0,0.00030927489327733844,-4.383191430897594e-19,5.6897117917620727e-08,2.19943005039667e-05,False,0.035,0.0,0.671,0.466,0.859,0.4921489457155675,False,,False,0.0
100000004403641100,terminal,0.655,1,0.3475,"вероятный конечный получатель: 172 тыс ₸ от 1; 4 колено, исходящие не собраны, P(пересылает)=0.24",likely_sink_truncated,4,False,1,0,171500.0,0.0,1,0,0.0,0,0,8,0.2383660639554591,0.0,1.0,0.0,0.0003005494163305601,-0.0,2.1191698076617157e-07,0.0,True,0.229,0.0,0.684,0.388,0.367,0.47554957379991025,False,,False,0.0
100000008722541100,peripheral,0.529,5,0.3471,"4 колено, обход оборван: исходящие не видны, P(пересылает)=0.60 — роль не определить, получил 280 тыс ₸",truncated_unknown,4,False,1,0,280000.0,0.0,4,0,0.0,0,0,7,0.5966147490035638,0.0,1.0,0.0,0.0003836381058975551,-0.0,3.0443856381989164e-19,0.0,True,0.026,0.0,0.766,0.681,0.367,0.4448183041722746,False,,False,0.0
100000008568512100,terminal,0.827,5,0.3469,"получил 200 тыс ₸ от 1 плательщ.; исходящих ≥5 тыс ₸ в выборке не наблюдается (колено 3, исходящие выгружены)",observed_sink,3,False,1,0,199640.0,0.0,1,0,0.0,0,0,7,0.0,0.0,1.0,0.0,0.0002920394617294402,-0.0,0.002940174080170154,0.0,False,0.289,0.0,0.707,0.233,0.367,0.1810228802153432,False,,False,0.0
100000003922499100,peripheral,0.85,11,0.3469,"мелкий получатель: разовое поступление 50 тыс ₸ от 1 плательщика, исходящих в выборке не наблюдается — признаков роли нет",small_receiver,2,False,1,0,50000.0,0.0,1,0,0.0,0,1,1,0.0,0.0,1.0,0.0,0.0005352399237782638,-0.0,-2.6289121671502276e-19,0.0,False,0.042,0.167,0.428,0.82,0.367,0.21825930910722297,False,,False,0.0
100000003163256100,transit,0.616,2,0.3466,"транзит: получил 13 тыс ₸, отдал 111%, 0% ушло в течение 2 дн. после прихода",,1,False,1,1,13485.0,15000.0,1,1,1.1123470522803114,1,1,7,1.0,0.0,1.0,0.0,0.0002870191751690971,7.192465178566317e-20,0.00029524161332082757,1.922024458454748e-05,False,0.37,0.167,0.293,0.05,0.81,0.6384028712427098,False,,False,0.0
100000007392365100,peripheral,0.7,30,0.3466,"слабые связи: 1 вход / 6 выход, 10 тыс ₸ → 1.8 млн ₸, без устойчивого паттерна",,3,False,1,6,9613.0,1765600.0,1,9,183.66794965151357,0,0,7,1.0,0.0,1.0,0.0,0.00028611069806057095,-1.9665111280447376e-19,0.0029057816552165005,0.00011532146750728487,False,0.035,0.0,0.961,0.021,0.937,0.8869448183041723,False,,False,1.0
100000001808684100,peripheral,0.7,12,0.3465,"слабые связи: 1 вход / 1 выход, 48 тыс ₸ → 38 тыс ₸, без устойчивого паттерна",,3,False,1,1,48400.0,37700.0,3,2,0.7789256198347108,0,0,1,1.0,0.7957559681697612,1.0,1.0,0.001169095718365901,1.242162122813023e-05,-2.736207628287056e-19,0.0,False,0.035,0.0,0.541,0.96,0.367,0.8147151188873935,False,,False,0.3333333333333333
100000003292191100,terminal,0.818,1,0.3464,"получил 112 тыс ₸ от 1 плательщ.; исходящих ≥5 тыс ₸ в выборке не наблюдается (колено 3, исходящие выгружены)",observed_sink,3,False,1,0,112000.0,0.0,1,0,0.0,0,0,8,0.0,0.0,1.0,0.0,0.0002996284816997208,-0.0,1.2902818407805275e-06,0.0,False,0.286,0.0,0.603,0.375,0.367,0.09107222969941678,False,,False,0.0
100000006532229100,terminal,0.817,1,0.3462,"получил 105 тыс ₸ от 1 плательщ.; исходящих ≥5 тыс ₸ в выборке не наблюдается (колено 3, исходящие выгружены)",observed_sink,3,False,1,0,105000.0,0.0,1,0,0.0,0,0,8,0.0,0.0,1.0,0.0,0.00030063518629304246,-0.0,2.6125683863490796e-07,0.0,False,0.286,0.0,0.592,0.39,0.367,0.08658591296545536,False,,False,0.0
100000006445501100,peripheral,0.85,6,0.3462,"мелкий получатель: разовое поступление 91 тыс ₸ от 1 плательщика, исходящих в выборке не наблюдается — признаков роли нет",small_receiver,1,False,1,0,91000.0,0.0,1,0,0.0,1,2,8,0.0,0.0,1.0,0.0,0.00029937128019778993,-0.0,0.00012279960625588972,0.0,False,0.042,0.333,0.556,0.368,0.367,0.3135935397039031,False,,False,0.0
100000002214207100,peripheral,0.75,16,0.3454,"4 колено (исходящие не выгружены): разовое поступление 97 тыс ₸ от 1 плательщика, P(пересылает)=0.25 — признаков роли нет",truncated_small,4,False,1,0,97000.0,0.0,1,0,0.0,0,0,1,0.2499352592953534,0.0,1.0,0.0,0.0006906066279546765,-0.0,-1.5438902619085627e-19,0.0,True,0.038,0.0,0.571,0.909,0.367,0.3521758636159713,False,,False,0.0
100000007653003100,terminal,0.817,14,0.3453,"получил 100 тыс ₸ от 1 плательщ.; исходящих ≥5 тыс ₸ в выборке не наблюдается (колено 3, исходящие выгружены)",observed_sink,3,False,1,0,100000.0,0.0,1,0,0.0,0,0,7,0.0,0.0,1.0,0.0,0.000301309198919302,-0.0,0.00023334462577838898,0.0,False,0.286,0.0,0.58,0.4,0.367,0.07761327949753252,False,,False,0.0
100000001362940100,peripheral,0.85,6,0.345,"мелкий получатель: разовое поступление 81 тыс ₸ от 1 плательщика, исходящих в выборке не наблюдается — признаков роли нет",small_receiver,1,False,1,0,81000.0,0.0,1,0,0.0,1,2,10,0.0,0.0,1.0,0.0,0.0003017884453520241,-0.0,0.0004611679650745722,0.0,False,0.042,0.333,0.523,0.406,0.367,0.26065500224315835,False,,False,0.0
100000002734815100,terminal,0.651,1,0.3449,"вероятный конечный получатель: 110 тыс ₸ от 1; 4 колено, исходящие не собраны, P(пересылает)=0.25",likely_sink_truncated,4,False,1,0,110000.0,0.0,1,0,0.0,0,0,8,0.2471678753259496,0.0,1.0,0.0,0.0003121958768764161,-0.0,3.09069752631789e-08,0.0,True,0.228,0.0,0.599,0.488,0.367,0.37101839389860924,False,,False,0.0
100000007689942100,peripheral,0.7,3,0.3447,"слабые связи: 1 вход / 2 выход, 5 тыс ₸ → 25 тыс ₸, без устойчивого паттерна",,3,False,1,2,5000.0,25000.0,1,2,5.0,0,0,7,1.0,0.0,1.0,1.0,0.0008925911171850267,8.886969638082245e-05,4.456457571585993e-19,1.981468513870874e-05,False,0.035,0.0,0.308,0.944,0.842,0.8788694481830417,False,,False,1.0
100000003235780100,terminal,0.86,0,0.3442,"получил 65 тыс ₸ от 2 плательщ.; исходящих ≥5 тыс ₸ в выборке не наблюдается (колено 1, исходящие выгружены)",observed_sink,1,False,2,0,65000.0,0.0,2,0,0.0,1,1,7,0.0,0.0,1.0,0.0,0.00029120007891764486,-0.0,0.005057463282107331,0.0,False,0.301,0.167,0.488,0.209,0.367,0.4165545087483176,False,,False,0.0
100000001373265100,peripheral,0.7,3,0.344,"слабые связи: 1 вход / 1 выход, 142 тыс ₸ → 5 тыс ₸, без устойчивого паттерна",,3,False,1,1,142482.0,5000.0,1,1,0.0350921519911287,0,0,7,1.0,0.0,1.0,0.0,0.00031455853917834725,3.5477344084989547e-19,0.0016044117981357526,1.922024458454748e-05,False,0.035,0.0,0.647,0.51,0.81,0.4737550471063257,False,,False,0.0
100000002914245100,terminal,0.822,10,0.3439,"получил 141 тыс ₸ от 1 плательщ.; исходящих ≥5 тыс ₸ в выборке не наблюдается (колено 3, исходящие выгружены)",observed_sink,3,False,1,0,140611.0,0.0,1,0,0.0,0,0,1,0.0,0.0,1.0,0.0,0.00029558398554383933,-0.0,7.936044353374742e-05,0.0,False,0.288,0.0,0.637,0.313,0.367,0.10565275908479138,False,,False,0.0
100000003152964100,peripheral,0.7,3,0.3438,"слабые связи: 1 вход / 1 выход, 142 тыс ₸ → 6 тыс ₸, без устойчивого паттерна",,3,False,1,1,141847.0,5500.0,1,1,0.03877417217142414,0,0,7,1.0,0.0,1.0,0.0,0.0003144293427145815,-4.927068519851007e-19,0.0016044117981357526,1.922024458454748e-05,False,0.035,0.0,0.646,0.509,0.81,0.45805293853746076,False,,False,0.0
100000001703168100,peripheral,0.7,0,0.3432,"слабые связи: 1 вход / 1 выход, 45 тыс ₸ → 90 тыс ₸, без устойчивого паттерна",,2,False,1,1,45000.0,90000.0,1,1,2.0,0,1,7,1.0,1.0,1.0,0.0,0.0002926634317603069,3.57229173526444e-19,0.00014216819592800163,1.922024458454748e-05,False,0.035,0.167,0.63,0.25,0.81,0.7218483624943921,False,,False,0.0
100000008238112100,terminal,0.826,5,0.3432,"получил 190 тыс ₸ от 1 плательщ.; исходящих ≥5 тыс ₸ в выборке не наблюдается (колено 3, исходящие выгружены)",observed_sink,3,False,1,0,190000.0,0.0,1,0,0.0,0,0,7,0.0,0.0,1.0,0.0,0.000291727037291366,-0.0,0.002940174080170154,0.0,False,0.289,0.0,0.698,0.225,0.367,0.16397487662628982,False,,False,0.0
100000002185328100,peripheral,0.7,10,0.343,"слабые связи: 1 вход / 4 выход, 15 тыс ₸ → 55 тыс ₸, без устойчивого паттерна",,3,False,1,4,15000.0,55000.0,1,4,3.6666666666666665,0,0,7,1.0,0.0,1.0,0.0,0.0003518471698066015,1.0368916122327505e-18,-3.590263378676782e-19,6.162367078138419e-05,False,0.035,0.0,0.5,0.63,0.915,0.7052489905787349,False,,False,0.0
100000001329153100,terminal,0.823,0,0.3428,"получил 151 тыс ₸ от 1 плательщ.; исходящих ≥5 тыс ₸ в выборке не наблюдается (колено 3, исходящие выгружены)",observed_sink,3,False,1,0,150687.0,0.0,1,0,0.0,0,0,7,0.0,0.0,1.0,0.0,0.0002940559810926092,-0.0,0.0029057816552165005,0.0,False,0.288,0.0,0.654,0.283,0.367,0.11148497083894122,False,,False,0.0
100000004463277100,peripheral,0.85,24,0.3428,"мелкий получатель: разовое поступление 35 тыс ₸ от 1 плательщика, исходящих в выборке не наблюдается — признаков роли нет",small_receiver,2,False,1,0,35000.0,0.0,1,0,0.0,0,1,1,0.0,0.0,1.0,0.0,0.0006919245189792441,-0.0,7.986970404689481e-19,0.0,False,0.042,0.167,0.344,0.91,0.367,0.2319425751458053,False,,False,0.0
100000002539625100,peripheral,0.85,1,0.3426,"мелкий получатель: разовое поступление 95 тыс ₸ от 1 плательщика, исходящих в выборке не наблюдается — признаков роли нет",small_receiver,2,False,1,0,94700.0,0.0,1,0,0.0,0,1,9,0.0,0.0,1.0,0.0,0.00034502020785975537,-0.0,2.2952506535730118e-06,0.0,False,0.042,0.167,0.564,0.615,0.367,0.38806639748766264,False,,False,0.0
100000004671609100,terminal,0.817,1,0.3424,"получил 100 тыс ₸ от 1 плательщ.; исходящих ≥5 тыс ₸ в выборке не наблюдается (колено 3, исходящие выгружены)",observed_sink,3,False,1,0,100000.0,0.0,1,0,0.0,0,0,9,0.0,0.0,1.0,0.0,0.0003002421115187902,-0.0,2.7202737436536216e-06,0.0,False,0.286,0.0,0.58,0.383,0.367,0.07761327949753252,False,,False,0.0
100000008560263100,terminal,0.65,5,0.342,"вероятный конечный получатель: 100 тыс ₸ от 1; 4 колено, исходящие не собраны, P(пересылает)=0.25",likely_sink_truncated,4,False,1,0,100000.0,0.0,1,0,0.0,0,0,7,0.2502621056751507,0.0,1.0,0.0,0.000313189316880781,-0.0,1.9139625631765823e-19,0.0,True,0.227,0.0,0.58,0.498,0.367,0.3483624943921041,False,,False,0.0
100000008190411100,peripheral,0.628,27,0.342,"4 колено, обход оборван: исходящие не видны, P(пересылает)=0.93 — роль не определить, получил 198 тыс ₸",truncated_unknown,4,False,1,0,198450.0,0.0,12,0,0.0,0,0,7,0.9259501021625876,0.0,1.0,0.0,0.0004241348636842555,-0.0,1.4075359187348614e-08,0.0,True,0.031,0.0,0.705,0.723,0.367,0.47958725886047554,False,,False,0.5833333333333334
100000005481280100,peripheral,0.7,2,0.342,"слабые связи: 1 вход / 3 выход, 33 тыс ₸ → 50 тыс ₸, без устойчивого паттерна",,2,False,1,3,32700.0,50000.0,1,3,1.529051987767584,0,1,7,1.0,0.34,1.0,0.0,0.00029597250247999043,2.4318990181893787e-19,3.567634960949523e-05,4.3660134496595575e-05,False,0.035,0.167,0.529,0.319,0.898,0.6244952893674294,False,,False,0.0
100000008732488100,peripheral,0.7,3,0.3418,"слабые связи: 1 вход / 1 выход, 137 тыс ₸ → 10 тыс ₸, без устойчивого паттерна",,3,False,1,1,137000.0,10000.0,1,1,0.072992700729927,0,0,7,1.0,1.0,1.0,0.0,0.0003134431769510027,-2.2339894357441067e-19,0.0016044117981357526,1.922024458454748e-05,False,0.035,0.0,0.645,0.5,0.81,0.8120233288470166,False,,False,0.0
100000002877262100,terminal,0.817,1,0.3417,"получил 100 тыс ₸ от 1 плательщ.; исходящих ≥5 тыс ₸ в выборке не наблюдается (колено 3, исходящие выгружены)",observed_sink,3,False,1,0,100000.0,0.0,1,0,0.0,0,0,8,0.0,0.0,1.0,0.0,0.0002999177628608638,-0.0,2.6125683863490796e-07,0.0,False,0.286,0.0,0.58,0.379,0.367,0.07761327949753252,False,,False,0.0
100000005375968100,peripheral,0.7,0,0.341,"слабые связи: 1 вход / 2 выход, 170 тыс ₸ → 86 тыс ₸, без устойчивого паттерна",,3,False,1,2,170082.0,86000.0,1,4,0.5056384567443939,0,0,7,1.0,0.3488372093023256,1.0,0.0,0.00029514830685360255,-1.1651746026991945e-19,0.0029057816552165005,3.844048916909496e-05,False,0.035,0.0,0.754,0.304,0.879,0.6729475100942126,False,,False,0.0
100000001275752100,terminal,0.823,1,0.3405,"получил 152 тыс ₸ от 1 плательщ.; исходящих ≥5 тыс ₸ в выборке не наблюдается (колено 3, исходящие выгружены)",observed_sink,3,False,1,0,151500.0,0.0,1,0,0.0,0,0,9,0.0,0.0,1.0,0.0,0.00029337452908966726,-0.0,3.2207337193596243e-06,0.0,False,0.288,0.0,0.656,0.266,0.367,0.11440107671601615,False,,False,0.0
100000005799271100,peripheral,0.85,18,0.3397,"мелкий получатель: разовое поступление 45 тыс ₸ от 1 плательщика, исходящих в выборке не наблюдается — признаков роли нет",small_receiver,2,False,1,0,45000.0,0.0,2,0,0.0,0,1,8,0.0,0.0,1.0,0.0,0.0005366730310712532,-0.0,-1.2933949307308513e-19,0.0,False,0.042,0.167,0.395,0.823,0.367,0.2951996410946613,False,,False,0.0
100000005142492100,peripheral,0.7,12,0.3397,"слабые связи: 1 вход / 1 выход, 10 тыс ₸ → 57 тыс ₸, без устойчивого паттерна",,3,False,1,1,10000.0,57000.0,1,1,5.7,0,0,7,1.0,1.0,1.0,1.0,0.0019077900971988563,1.350568429764557e-05,-2.0128510944575278e-19,0.0,False,0.035,0.0,0.494,0.984,0.367,0.91161956034096,False,,False,0.0
100000004451012100,peripheral,0.7,19,0.3397,"слабые связи: 1 вход / 3 выход, 91 тыс ₸ → 66 тыс ₸, без устойчивого паттерна",,3,False,1,3,91245.0,65740.0,1,3,0.7204778344018851,0,0,7,1.0,0.0,1.0,0.0,0.00030117358811251486,1.006792673433462e-18,8.448073393743623e-05,5.7660733753642434e-05,False,0.035,0.0,0.665,0.398,0.906,0.6038582323912068,False,,False,0.0
100000008671929100,peripheral,0.85,6,0.3394,"мелкий получатель: разовое поступление 75 тыс ₸ от 1 плательщика, исходящих в выборке не наблюдается — признаков роли нет",small_receiver,1,False,1,0,75000.0,0.0,2,0,0.0,1,2,10,0.0,0.0,1.0,0.0,0.0003005870267494512,-0.0,0.0004611679650745722,0.0,False,0.042,0.333,0.512,0.389,0.367,0.16599371915657246,False,,False,0.0
100000004917367100,terminal,0.869,5,0.3394,"получил 120 тыс ₸ от 2 плательщ.; исходящих ≥5 тыс ₸ в выборке не наблюдается (колено 3, исходящие выгружены)",observed_sink,3,False,2,0,120000.0,0.0,2,0,0.0,0,0,7,0.0,0.0,1.0,0.0,0.0002940276420429215,-0.0,0.004078081513260298,0.0,False,0.304,0.0,0.616,0.282,0.367,0.5836698070883805,False,,False,0.0
100000005619339100,transit,0.634,2,0.3393,"транзит: получил 5 тыс ₸, отдал 109%, 0% ушло в течение 2 дн. после прихода",,2,False,1,1,5000.0,5442.6,1,1,1.0885200000000002,0,1,7,1.0,0.0,1.0,0.0,0.00032082585348585106,2.314455912993293e-06,2.052262325549499e-07,0.0,False,0.38,0.167,0.094,0.546,0.367,0.8043965903992822,False,,False,1.0
100000005022552100,peripheral,0.7,2,0.339,"слабые связи: 1 вход / 1 выход, 241 тыс ₸ → 5 тыс ₸, без устойчивого паттерна",,3,False,1,1,241000.0,5000.0,3,1,0.02074688796680498,0,0,7,1.0,0.0,1.0,0.0,0.0003577563937236867,2.255396049670367e-05,5.256983652882482e-05,0.0,False,0.035,0.0,0.748,0.641,0.367,0.41722745625841184,False,,False,0.0
100000003204491100,peripheral,0.7,3,0.3385,"слабые связи: 1 вход / 1 выход, 140 тыс ₸ → 100 тыс ₸, без устойчивого паттерна",,3,False,1,1,140000.0,100000.0,1,2,0.7142857142857143,0,0,7,1.0,1.0,1.0,0.0,0.000297984809668521,-4.6030724857624356e-21,0.0011319384436486036,1.922024458454748e-05,False,0.035,0.0,0.743,0.35,0.81,0.8111260655002244,False,,False,0.0
100000008002020100,peripheral,0.7,11,0.338,"слабые связи: 1 вход / 1 выход, 74 тыс ₸ → 17 тыс ₸, без устойчивого паттерна",,1,False,1,1,73860.0,17000.0,1,1,0.23016517736257786,1,1,1,1.0,0.0,1.0,0.0,0.00029782673449048764,8.111378645904432e-20,1.0100033668708282e-05,1.5851748110966993e-06,False,0.035,0.167,0.556,0.347,0.768,0.4876626289816061,False,,False,0.0
100000001083990100,peripheral,0.85,11,0.3379,"мелкий получатель: разовое поступление 50 тыс ₸ от 1 плательщика, исходящих в выборке не наблюдается — признаков роли нет",small_receiver,2,False,1,0,49900.0,0.0,2,0,0.0,0,1,8,0.0,0.0,1.0,0.0,0.0005021137973799169,-0.0,-7.597927716188104e-19,0.0,False,0.042,0.167,0.422,0.777,0.367,0.26850605652759085,False,,False,0.0
100000001822650100,terminal,0.651,1,0.3378,"вероятный конечный получатель: 112 тыс ₸ от 1; 4 колено, исходящие не собраны, P(пересылает)=0.25",likely_sink_truncated,4,False,1,0,112000.0,0.0,1,0,0.0,0,0,8,0.2465113371112712,0.0,1.0,0.0,0.00030590273887598577,-0.0,3.309599062505867e-07,0.0,True,0.228,0.0,0.603,0.442,0.367,0.3685509196949305,False,,False,0.0
100000007536804100,peripheral,0.7,13,0.3377,"слабые связи: 1 вход / 2 выход, 100 тыс ₸ → 55 тыс ₸, без устойчивого паттерна",,1,False,1,2,100000.0,55000.0,1,2,0.55,1,1,1,1.0,0.8181818181818182,1.0,0.0,0.0002913035180923698,-9.709881212905388e-20,4.3414150090401995e-06,7.925874055483496e-07,False,0.035,0.167,0.662,0.214,0.752,0.7725437415881561,False,,False,0.0
100000002448088100,peripheral,0.7,10,0.3376,"слабые связи: 3 вход / 1 выход, 20 тыс ₸ → 25 тыс ₸, без устойчивого паттерна",,3,False,3,1,20000.0,25000.0,3,1,1.25,0,0,7,1.0,1.0,2.0,0.0,0.0005086560796474189,-2.377675940992382e-21,1.1574418508847886e-18,2.0805419395644178e-05,False,0.035,0.0,0.395,0.782,0.851,0.9744279946164199,True,доля быстрого транзита выше среднего своего колена на 2.9 σ,False,0.6666666666666666
100000004746397100,peripheral,0.7,5,0.3374,"слабые связи: 1 вход / 1 выход, 220 тыс ₸ → 8 тыс ₸, без устойчивого паттерна",,3,False,1,1,219520.0,7500.0,1,1,0.03416545189504373,0,0,7,1.0,0.0,1.0,4.0,0.00029268375611003295,8.152357008587579e-05,0.002940174080170154,0.0006677699345145905,False,0.035,0.0,0.729,0.251,0.978,0.8582323912068192,False,,False,0.0
100000008106997100,peripheral,0.7,0,0.3373,"слабые связи: 2 вход / 1 выход, 36 тыс ₸ → 21 тыс ₸, без устойчивого паттерна",,2,False,2,1,35600.0,20600.0,2,1,0.5786516853932584,0,1,7,1.0,1.0,1.0,0.0,0.0003053704876347339,-1.3128419640962171e-19,0.00021258253640889444,1.922024458454748e-05,False,0.035,0.167,0.464,0.437,0.81,0.7765814266487214,False,,False,0.0
100000003484058100,peripheral,0.7,8,0.3373,"слабые связи: 1 вход / 1 выход, 110 тыс ₸ → 6 тыс ₸, без устойчивого паттерна",,3,False,1,1,110000.0,6000.0,1,1,0.05454545454545454,0,0,7,1.0,0.0,1.0,0.0,0.0003166609747422045,-1.574758424360207e-19,2.441379038303138e-05,1.922024458454748e-05,False,0.035,0.0,0.609,0.521,0.81,0.39793629430237776,False,,False,0.0
100000002705460100,peripheral,0.85,2,0.3373,"мелкий получатель: разовое поступление 95 тыс ₸ от 1 плательщика, исходящих в выборке не наблюдается — признаков роли нет",small_receiver,3,False,1,0,95000.0,0.0,1,0,0.0,0,0,7,0.0,0.0,1.0,0.0,0.0005577272422551425,-0.0,1.6867790827473917e-05,0.0,False,0.042,0.0,0.567,0.859,0.367,0.06527590847913863,False,,False,0.0
100000004770073100,transit,0.999,0,0.3369,"транзит: получил 5 тыс ₸, отдал 100%, 100% ушло в течение 2 дн. после прихода",,3,False,1,1,5462.4,5466.97,1,1,1.0008366285881665,0,0,7,1.0,1.0,1.0,0.0,0.0002878055588504006,1.844172206288041e-19,0.0006428156846267583,1.922024458454748e-05,False,0.599,0.0,0.097,0.073,0.81,0.9125168236877523,False,,False,1.0
100000001074553100,terminal,0.849,13,0.3366,"получил 29 тыс ₸ от 2 плательщ.; исходящих ≥5 тыс ₸ в выборке не наблюдается (колено 1, исходящие выгружены)",observed_sink,1,False,2,0,28971.0,0.0,2,0,0.0,2,2,2,0.0,0.0,1.0,0.0,0.0002894987523363474,-0.0,3.2847839128828325e-05,0.0,False,0.297,0.333,0.296,0.151,0.367,0.5895020188425303,False,,False,0.0
100000006745291100,peripheral,0.85,6,0.3365,"мелкий получатель: разовое поступление 83 тыс ₸ от 1 плательщика, исходящих в выборке не наблюдается — признаков роли нет",small_receiver,1,False,1,0,82534.0,0.0,1,0,0.0,1,2,8,0.0,0.0,1.0,0.0,0.00029808724049107665,-0.0,0.00012279960625588972,0.0,False,0.042,0.333,0.528,0.35,0.367,0.2781516375056079,False,,False,0.0
100000006165886100,peripheral,0.7,3,0.3353,"слабые связи: 2 вход / 1 выход, 184 тыс ₸ → 75 тыс ₸, без устойчивого паттерна",,3,False,2,1,184481.0,75000.0,2,1,0.4065459315593476,0,0,7,1.0,1.0,1.0,0.0,0.00029856163893927776,0.0009738286747287271,0.004037720098865104,6.92098645202041e-07,False,0.035,0.0,0.756,0.355,0.75,0.860924181247196,False,,False,0.0
100000001831496100,peripheral,0.7,6,0.3351,"слабые связи: 1 вход / 1 выход, 25 тыс ₸ → 373 тыс ₸, без устойчивого паттерна",,3,False,1,1,25000.0,373000.0,1,1,14.92,0,0,7,1.0,0.0,1.0,0.0,0.00029263558524567985,5.268453644491479e-05,2.441379038303138e-05,1.8493706129461493e-06,False,0.035,0.0,0.824,0.248,0.772,0.5720053835800808,False,,False,0.0
100000002666248100,peripheral,0.85,6,0.3349,"мелкий получатель: разовое поступление 70 тыс ₸ от 1 плательщика, исходящих в выборке не наблюдается — признаков роли нет",small_receiver,1,False,1,0,70032.0,0.0,1,0,0.0,1,2,10,0.0,0.0,1.0,0.0,0.00029959225214652084,-0.0,0.0004611679650745722,0.0,False,0.042,0.333,0.503,0.374,0.367,0.16240466576940332,False,,False,0.0
100000001537524100,terminal,0.654,1,0.3343,"вероятный конечный получатель: 150 тыс ₸ от 1; 4 колено, исходящие не собраны, P(пересылает)=0.24",likely_sink_truncated,4,False,1,0,150000.0,0.0,1,0,0.0,0,0,8,0.2409223806026471,0.0,1.0,0.0,0.0002986714418382259,-0.0,2.1191698076617157e-07,0.0,True,0.229,0.0,0.65,0.357,0.367,0.411395244504262,False,,False,0.0
100000003001564100,peripheral,0.7,2,0.3343,"слабые связи: 1 вход / 1 выход, 24 тыс ₸ → 180 тыс ₸, без устойчивого паттерна",,1,False,1,1,23520.0,180000.0,1,1,7.653061224489796,1,1,7,1.0,0.0,1.0,0.0,0.00028809811883623705,-5.763452780583197e-19,0.00029524161332082757,1.922024458454748e-05,False,0.035,0.167,0.716,0.084,0.81,0.5993719156572453,False,,False,0.0
100000003831201100,peripheral,0.85,0,0.3343,"мелкий получатель: разовое поступление 40 тыс ₸ от 1 плательщика, исходящих в выборке не наблюдается — признаков роли нет",small_receiver,2,False,1,0,40500.0,0.0,3,0,0.0,0,1,7,0.0,0.0,1.0,0.0,0.0005343335334517973,-0.0,2.4321494743791725e-20,0.0,False,0.042,0.167,0.375,0.819,0.367,0.4069089277703006,False,,False,0.3333333333333333
100000004676985100,transit,0.58,0,0.3338,"транзит: получил 32 тыс ₸, отдал 84%, 0% ушло в течение 2 дн. после прихода",,3,False,1,1,32260.0,27102.0,1,1,0.8401115933044018,0,0,7,1.0,0.0,1.0,0.0,0.00028738617635442075,-1.8160029479763713e-19,0.0029057816552165005,1.922024458454748e-05,False,0.348,0.0,0.471,0.06,0.81,0.3019291161956034,False,,False,0.0
100000008598972100,terminal,0.819,10,0.3338,"получил 120 тыс ₸ от 1 плательщ.; исходящих ≥5 тыс ₸ в выборке не наблюдается (колено 3, исходящие выгружены)",observed_sink,3,False,1,0,120000.0,0.0,1,0,0.0,0,0,1,0.0,0.0,1.0,0.0,0.0002941160150228167,-0.0,7.936044353374742e-05,0.0,False,0.287,0.0,0.616,0.284,0.367,0.10273665320771647,False,,False,0.0
100000002581346100,terminal,0.824,5,0.3337,"получил 166 тыс ₸ от 1 плательщ.; исходящих ≥5 тыс ₸ в выборке не наблюдается (колено 3, исходящие выгружены)",observed_sink,3,False,1,0,166400.0,0.0,1,0,0.0,0,0,7,0.0,0.0,1.0,0.0,0.00029096218078321763,-0.0,0.002940174080170154,0.0,False,0.288,0.0,0.676,0.201,0.367,0.15208613728129206,False,,False,0.0
100000003284932100,peripheral,0.85,6,0.3334,"мелкий получатель: разовое поступление 70 тыс ₸ от 1 плательщика, исходящих в выборке не наблюдается — признаков роли нет",small_receiver,1,False,1,0,69925.0,0.0,1,0,0.0,1,2,10,0.0,0.0,1.0,0.0,0.0002995708268481083,-0.0,0.0004611679650745722,0.0,False,0.042,0.333,0.498,0.372,0.367,0.16240466576940332,False,,False,0.0
100000002947299100,peripheral,0.85,0,0.3332,"мелкий получатель: разовое поступление 85 тыс ₸ от 1 плательщика, исходящих в выборке не наблюдается — признаков роли нет",small_receiver,2,False,1,0,85000.0,0.0,1,0,0.0,0,1,9,0.0,0.0,1.0,0.0,0.0003375116050800497,-0.0,0.00014276729694478647,0.0,False,0.042,0.167,0.538,0.596,0.367,0.3721399730820996,False,,False,0.0
100000001227106100,terminal,0.824,5,0.3327,"получил 165 тыс ₸ от 1 плательщ.; исходящих ≥5 тыс ₸ в выборке не наблюдается (колено 3, исходящие выгружены)",observed_sink,3,False,1,0,164765.0,0.0,1,0,0.0,0,0,7,0.0,0.0,1.0,0.0,0.0002909091917836065,-0.0,0.002940174080170154,0.0,False,0.288,0.0,0.673,0.199,0.367,0.15208613728129206,False,,False,0.0
100000004750321100,terminal,0.857,8,0.3327,"получил 50 тыс ₸ от 2 плательщ.; исходящих ≥5 тыс ₸ в выборке не наблюдается (колено 3, исходящие выгружены)",observed_sink,3,False,2,0,50185.0,0.0,2,0,0.0,0,0,7,0.0,0.0,1.0,0.0,0.0003125361003811254,-0.0,0.00010970066499878374,0.0,False,0.3,0.0,0.435,0.492,0.367,0.6128308658591296,False,,False,0.5
100000000600707100,peripheral,0.75,16,0.3327,"4 колено (исходящие не выгружены): разовое поступление 89 тыс ₸ от 1 плательщика, P(пересылает)=0.39 — признаков роли нет",truncated_small,4,False,1,0,89000.0,0.0,2,0,0.0,0,0,1,0.3906452353476744,0.0,1.0,0.0,0.0005701602511841799,-0.0,-8.608882520370605e-20,0.0,True,0.038,0.0,0.547,0.867,0.367,0.25527142216240467,False,,False,0.0
100000008003034100,peripheral,0.7,2,0.3322,"слабые связи: 1 вход / 4 выход, 12 тыс ₸ → 135 тыс ₸, без устойчивого паттерна",,1,False,1,4,12201.0,135000.0,1,4,11.064666830587656,1,1,7,1.0,0.3592592592592593,1.0,1.0,0.00028688112198836885,9.144384937278501e-05,0.00029524161332082757,0.0019931390235273026,False,0.035,0.167,0.646,0.045,0.99,0.8694481830417228,False,,False,0.0
100000004601193100,peripheral,0.75,0,0.3322,"4 колено (исходящие не выгружены): разовое поступление 84 тыс ₸ от 1 плательщика, P(пересылает)=0.52 — признаков роли нет",truncated_small,4,False,1,0,84000.0,0.0,3,0,0.0,0,0,8,0.5164722519004173,0.0,1.0,0.0,0.0006034150427286818,-0.0,4.3299420630399335e-19,0.0,True,0.038,0.0,0.533,0.884,0.367,0.2579632122027815,False,,False,0.0
100000002435265100,terminal,0.821,0,0.3322,"получил 133 тыс ₸ от 1 плательщ.; исходящих ≥5 тыс ₸ в выборке не наблюдается (колено 3, исходящие выгружены)",observed_sink,3,False,1,0,132628.0,0.0,3,0,0.0,0,0,7,0.0,0.0,1.0,0.0,0.00029303889880759863,-0.0,0.0029057816552165005,0.0,False,0.287,0.0,0.628,0.258,0.367,0.10049349484073576,False,,False,0.3333333333333333
100000006595426100,peripheral,0.85,0,0.3316,"мелкий получатель: разовое поступление 85 тыс ₸ от 1 плательщика, исходящих в выборке не наблюдается — признаков роли нет",small_receiver,2,False,1,0,84800.0,0.0,3,0,0.0,0,1,7,0.0,0.0,1.0,0.0,0.000334319780409647,-0.0,5.3101852799696676e-05,0.0,False,0.042,0.167,0.536,0.589,0.367,0.30237774786899957,False,,False,0.0
100000005519347100,peripheral,0.7,2,0.3315,seed: отправил 99 тыс ₸ 1 получателям; для консолидации/рассылки мало связей,,0,True,2,1,73100.0,99000.0,2,1,1.3543091655266757,1,3,9,1.0,0.0,1.0,0.0,0.0005567200012967682,1.1352806919072678e-08,-1.3339561963033126e-18,1.5191258606343366e-06,False,0.035,0.5,0.684,0.858,0.766,0.6864064602960969,False,,False,0.0
100000004318918100,peripheral,0.85,6,0.3309,"мелкий получатель: разовое поступление 76 тыс ₸ от 1 плательщика, исходящих в выборке не наблюдается — признаков роли нет",small_receiver,1,False,1,0,75600.0,0.0,1,0,0.0,1,2,8,0.0,0.0,1.0,0.0,0.0002970355594933977,-0.0,0.00012279960625588972,0.0,False,0.042,0.333,0.514,0.337,0.367,0.180349932705249,False,,False,0.0
100000004500781100,peripheral,0.75,8,0.3308,"4 колено (исходящие не выгружены): разовое поступление 74 тыс ₸ от 1 плательщика, P(пересылает)=0.56 — признаков роли нет",truncated_small,4,False,1,0,74000.0,0.0,5,0,0.0,0,0,7,0.5636551196386297,0.0,1.0,0.0,0.000680750362585005,-0.0,1.4019283352737229e-18,0.0,True,0.038,0.0,0.51,0.907,0.367,0.34006280843427544,False,,False,0.0
100000004134060100,peripheral,0.85,1,0.3307,"мелкий получатель: разовое поступление 88 тыс ₸ от 1 плательщика, исходящих в выборке не наблюдается — признаков роли нет",small_receiver,2,False,1,0,88179.0,0.0,1,0,0.0,0,1,8,0.0,0.0,1.0,0.0,0.0003280105841798631,-0.0,5.704237349072325e-08,0.0,False,0.042,0.167,0.546,0.57,0.367,0.36922386720502465,False,,False,0.0
100000002842321100,terminal,0.823,5,0.3306,"получил 160 тыс ₸ от 1 плательщ.; исходящих ≥5 тыс ₸ в выборке не наблюдается (колено 3, исходящие выгружены)",observed_sink,3,False,1,0,160000.0,0.0,1,0,0.0,0,0,7,0.0,0.0,1.0,0.0,0.00029075476206914347,-0.0,0.002940174080170154,0.0,False,0.288,0.0,0.667,0.194,0.367,0.12673844773441004,False,,False,0.0
100000002593038100,peripheral,0.85,11,0.33,"мелкий получатель: разовое поступление 28 тыс ₸ от 1 плательщика, исходящих в выборке не наблюдается — признаков роли нет",small_receiver,2,False,1,0,28500.0,0.0,1,0,0.0,0,1,8,0.0,0.0,1.0,0.0,0.000658612414499517,-0.0,-1.372579474007106e-19,0.0,False,0.042,0.167,0.294,0.903,0.367,0.2588604755495738,False,,False,0.0
100000004798515100,peripheral,0.539,11,0.3299,"4 колено, обход оборван: исходящие не видны, P(пересылает)=0.37 — роль не определить, получил 200 тыс ₸",truncated_unknown,4,False,1,0,200000.0,0.0,2,0,0.0,0,0,7,0.37136040595758685,0.0,1.0,0.0,0.0003638354909866263,-0.0,2.369785447943182e-06,0.0,True,0.027,0.0,0.711,0.655,0.367,0.38402871242709735,False,,False,0.0
100000002863356100,peripheral,0.7,4,0.3299,"слабые связи: 1 вход / 1 выход, 45 тыс ₸ → 20 тыс ₸, без устойчивого паттерна",,2,False,1,1,45000.0,20000.0,1,1,0.4444444444444444,0,1,1,1.0,0.0,1.0,0.0,0.00030085297319428395,-1.8027391862727784e-19,6.140263830218555e-20,1.387027959709612e-06,False,0.035,0.167,0.488,0.394,0.764,0.4154329295648273,False,,False,0.0
100000002954780100,terminal,0.821,1,0.3299,"получил 133 тыс ₸ от 1 плательщ.; исходящих ≥5 тыс ₸ в выборке не наблюдается (колено 3, исходящие выгружены)",observed_sink,3,False,1,0,133400.0,0.0,1,0,0.0,0,0,9,0.0,0.0,1.0,0.0,0.0002924420224811522,-0.0,3.2207337193596243e-06,0.0,False,0.287,0.0,0.629,0.244,0.367,0.11372812920592194,False,,False,0.0
100000000802149100,terminal,0.817,3,0.3299,"получил 104 тыс ₸ от 1 плательщ.; исходящих ≥5 тыс ₸ в выборке не наблюдается (колено 3, исходящие выгружены)",observed_sink,3,False,1,0,104128.0,0.0,1,0,0.0,0,0,7,0.0,0.0,1.0,0.0,0.00029480359988090277,-0.0,0.0011319384436486036,0.0,False,0.286,0.0,0.59,0.298,0.367,0.088604755495738,False,,False,0.0
100000002432143100,peripheral,0.85,0,0.3293,"мелкий получатель: разовое поступление 81 тыс ₸ от 1 плательщика, исходящих в выборке не наблюдается — признаков роли нет",small_receiver,2,False,1,0,81310.0,0.0,1,0,0.0,0,1,9,0.0,0.0,1.0,0.0,0.0003352566977025957,-0.0,0.00014276729694478647,0.0,False,0.042,0.167,0.524,0.591,0.367,0.33400628084342754,False,,False,0.0
100000008675322100,peripheral,0.528,5,0.3291,"4 колено, обход оборван: исходящие не видны, P(пересылает)=0.59 — роль не определить, получил 340 тыс ₸",truncated_unknown,4,False,1,0,340000.0,0.0,4,0,0.0,0,0,7,0.5927704818633582,0.0,1.0,0.0,0.00031935416989743563,-0.0,2.6435798381140134e-19,0.0,True,0.026,0.0,0.796,0.538,0.367,0.48631673396141767,False,,False,0.0
100000002479804100,peripheral,0.7,16,0.3289,"слабые связи: 1 вход / 2 выход, 46 тыс ₸ → 35 тыс ₸, без устойчивого паттерна",,1,False,1,2,46000.0,35300.0,1,2,0.7673913043478261,1,1,1,1.0,0.6515580736543909,1.0,0.0,0.0002969663269488742,-2.0965472459223595e-21,6.780076054127126e-05,1.7833216624837866e-06,False,0.035,0.167,0.524,0.335,0.771,0.7079407806191117,False,,False,0.0
100000005198906100,peripheral,0.7,5,0.3288,"слабые связи: 1 вход / 1 выход, 228 тыс ₸ → 60 тыс ₸, без устойчивого паттерна",,3,False,1,1,227970.0,60000.0,1,1,0.26319252533228055,0,0,7,1.0,0.0,1.0,0.0,0.0002929576136309589,-4.499732677156758e-19,0.002940174080170154,1.922024458454748e-05,False,0.035,0.0,0.772,0.255,0.81,0.5459847465231046,False,,False,0.0
100000003132484100,peripheral,0.85,1,0.3285,"мелкий получатель: разовое поступление 90 тыс ₸ от 1 плательщика, исходящих в выборке не наблюдается — признаков роли нет",small_receiver,3,False,1,0,90000.0,0.0,1,0,0.0,0,0,1,0.0,0.0,1.0,0.0,0.0005388233251189463,-0.0,9.073015845330743e-19,0.0,False,0.042,0.0,0.551,0.828,0.367,0.07312696276357111,False,,False,0.0
100000006689603100,peripheral,0.543,15,0.3281,"4 колено, обход оборван: исходящие не видны, P(пересылает)=0.36 — роль не определить, получил 400 тыс ₸",truncated_unknown,4,False,1,0,400000.0,0.0,2,0,0.0,0,0,7,0.355141428845813,0.0,1.0,0.0,0.00031238935878786383,-0.0,0.00011365723689489675,0.0,True,0.027,0.0,0.826,0.491,0.367,0.5607895917451772,False,,False,0.0
100000003125997100,peripheral,0.75,1,0.328,"4 колено (исходящие не выгружены): разовое поступление 88 тыс ₸ от 1 плательщика, P(пересылает)=0.25 — признаков роли нет",truncated_small,4,False,1,0,87750.0,0.0,1,0,0.0,0,0,8,0.2514952486671513,0.0,1.0,0.0,0.0005483720399494504,-0.0,-6.661071561989049e-19,0.0,True,0.038,0.0,0.544,0.844,0.367,0.3234634365186182,False,,False,0.0
100000005061890100,peripheral,0.85,0,0.3269,"мелкий получатель: разовое поступление 90 тыс ₸ от 1 плательщика, исходящих в выборке не наблюдается — признаков роли нет",small_receiver,3,False,1,0,90000.0,0.0,1,0,0.0,0,0,7,0.0,0.0,1.0,0.0,0.0005346252088600015,-0.0,8.393039330671561e-19,0.0,False,0.042,0.0,0.551,0.819,0.367,0.07312696276357111,False,,False,0.0
100000001954534100,peripheral,0.7,3,0.3268,"слабые связи: 1 вход / 1 выход, 13 тыс ₸ → 40 тыс ₸, без устойчивого паттерна",,3,False,1,1,13000.0,40000.0,1,1,3.076923076923077,0,0,7,1.0,0.0,1.0,0.0,0.0003659515092221351,-1.522976104097839e-19,8.275375969691379e-05,1.9616538287321655e-05,False,0.035,0.0,0.449,0.658,0.836,0.5235531628532974,False,,False,0.0
100000005360814100,peripheral,0.501,15,0.3267,"4 колено, обход оборван: исходящие не видны, P(пересылает)=0.50 — роль не определить, получил 144 тыс ₸",truncated_unknown,4,False,1,0,144000.0,0.0,3,0,0.0,0,0,7,0.5032573930839769,0.0,1.0,0.0,0.0004336887325641262,-0.0,1.7212114691465226e-06,0.0,True,0.025,0.0,0.641,0.734,0.367,0.31000448631673394,False,,False,0.0
100000003186579100,peripheral,0.534,3,0.3266,"4 колено, обход оборван: исходящие не видны, P(пересылает)=0.39 — роль не определить, получил 110 тыс ₸",truncated_unknown,4,False,1,0,110000.0,0.0,2,0,0.0,0,0,7,0.3861562168004071,0.0,1.0,0.0,0.0005151815504625234,-0.0,-8.453867051342586e-19,0.0,True,0.027,0.0,0.599,0.785,0.367,0.28936742934051146,False,,False,0.0
100000003230329100,terminal,0.651,1,0.3263,"вероятный конечный получатель: 110 тыс ₸ от 1; 4 колено, исходящие не собраны, P(пересылает)=0.25",likely_sink_truncated,4,False,1,0,110000.0,0.0,1,0,0.0,0,0,8,0.24742293415699468,0.0,1.0,0.0,0.00030004064309052827,-0.0,1.2761480262525199e-06,0.0,True,0.228,0.0,0.599,0.381,0.367,0.37101839389860924,False,,False,0.0
100000002340562100,peripheral,0.85,13,0.3262,"мелкий получатель: разовое поступление 37 тыс ₸ от 1 плательщика, исходящих в выборке не наблюдается — признаков роли нет",small_receiver,2,False,1,0,36650.0,0.0,2,0,0.0,0,1,1,0.0,0.0,1.0,0.0,0.0005308569205030113,-0.0,7.257840170251755e-19,0.0,False,0.042,0.167,0.353,0.802,0.367,0.3050695379093764,False,,False,0.0
100000003247600100,peripheral,0.75,0,0.3258,"4 колено (исходящие не выгружены): разовое поступление 58 тыс ₸ от 1 плательщика, P(пересылает)=0.26 — признаков роли нет",truncated_small,4,False,1,0,58000.0,0.0,1,0,0.0,0,0,7,0.2604846543588613,0.0,1.0,0.0,0.000841209095166374,-0.0,7.619315581929662e-19,0.0,True,0.038,0.0,0.468,0.934,0.367,0.28174069089277703,False,,False,0.0
100000001934935100,terminal,0.819,0,0.3256,"получил 119 тыс ₸ от 1 плательщ.; исходящих ≥5 тыс ₸ в выборке не наблюдается (колено 3, исходящие выгружены)",observed_sink,3,False,1,0,118935.0,0.0,1,0,0.0,0,0,7,0.0,0.0,1.0,0.0,0.0002922677094987416,-0.0,0.0029057816552165005,0.0,False,0.287,0.0,0.614,0.24,0.367,0.10183938986092418,False,,False,0.0
100000003252446100,terminal,0.651,1,0.3255,"вероятный конечный получатель: 109 тыс ₸ от 1; 4 колено, исходящие не собраны, P(пересылает)=0.25",likely_sink_truncated,4,False,1,0,108600.0,0.0,1,0,0.0,0,0,8,0.24797933509040168,0.0,1.0,0.0,0.00029998773072103575,-0.0,4.916414485471511e-07,0.0,True,0.228,0.0,0.597,0.38,0.367,0.373485868102288,False,,False,0.0
100000001299323100,terminal,0.651,1,0.3254,"вероятный конечный получатель: 109 тыс ₸ от 1; 4 колено, исходящие не собраны, P(пересылает)=0.25",likely_sink_truncated,4,False,1,0,109000.0,0.0,1,0,0.0,0,0,8,0.24719287572612098,0.0,1.0,0.0,0.0002999090853734988,-0.0,1.2761480262525199e-06,0.0,True,0.228,0.0,0.597,0.379,0.367,0.373485868102288,False,,False,0.0
100000000961900100,terminal,0.852,0,0.3252,"получил 36 тыс ₸ от 2 плательщ.; исходящих ≥5 тыс ₸ в выборке не наблюдается (колено 1, исходящие выгружены)",observed_sink,1,False,2,0,36000.0,0.0,3,0,0.0,1,1,7,0.0,0.0,1.0,0.0,0.00029432044056326376,-0.0,0.00279449731151759,0.0,False,0.298,0.167,0.35,0.288,0.367,0.5975773889636609,False,,False,0.3333333333333333
100000001597505100,peripheral,0.7,16,0.3251,"слабые связи: 1 вход / 1 выход, 26 тыс ₸ → 13 тыс ₸, без устойчивого паттерна",,2,False,1,1,26460.0,12920.0,1,1,0.48828420256991684,0,1,8,1.0,0.0,1.0,0.0,0.00031475890283167536,2.152342376622035e-05,-2.410514333998708e-19,9.788454458522118e-06,False,0.035,0.167,0.366,0.512,0.789,0.4414535666218035,False,,False,0.0
100000002459240100,terminal,0.823,5,0.3249,"получил 150 тыс ₸ от 1 плательщ.; исходящих ≥5 тыс ₸ в выборке не наблюдается (колено 3, исходящие выгружены)",observed_sink,3,False,1,0,150000.0,0.0,1,0,0.0,0,0,7,0.0,0.0,1.0,0.0,0.00029043067032840264,-0.0,0.002940174080170154,0.0,False,0.288,0.0,0.65,0.184,0.367,0.11148497083894122,False,,False,0.0
100000001046626100,terminal,0.823,5,0.3249,"получил 150 тыс ₸ от 1 плательщ.; исходящих ≥5 тыс ₸ в выборке не наблюдается (колено 3, исходящие выгружены)",observed_sink,3,False,1,0,150000.0,0.0,1,0,0.0,0,0,7,0.0,0.0,1.0,0.0,0.00029043067032840264,-0.0,0.002940174080170154,0.0,False,0.288,0.0,0.65,0.184,0.367,0.11148497083894122,False,,False,0.0
100000003486970100,terminal,0.823,5,0.3249,"получил 150 тыс ₸ от 1 плательщ.; исходящих ≥5 тыс ₸ в выборке не наблюдается (колено 3, исходящие выгружены)",observed_sink,3,False,1,0,150000.0,0.0,1,0,0.0,0,0,7,0.0,0.0,1.0,0.0,0.00029043067032840264,-0.0,0.002940174080170154,0.0,False,0.288,0.0,0.65,0.184,0.367,0.11148497083894122,False,,False,0.0
100000008306857100,terminal,0.82,9,0.3239,"получил 125 тыс ₸ от 1 плательщ.; исходящих ≥5 тыс ₸ в выборке не наблюдается (колено 3, исходящие выгружены)",observed_sink,3,False,1,0,125000.0,0.0,1,0,0.0,0,0,2,0.0,0.0,1.0,0.0,0.00029152327523510556,-0.0,3.7941363435538907e-07,0.0,False,0.287,0.0,0.621,0.22,0.367,0.10116644235082997,False,,False,0.0
100000008632060100,peripheral,0.7,0,0.3237,"слабые связи: 1 вход / 9 выход, 6 тыс ₸ → 339 тыс ₸, без устойчивого паттерна",,3,False,1,9,6000.0,339200.0,1,12,56.53333333333333,0,0,7,1.0,0.0,1.0,65.0,0.0002880256481640284,0.003082077409563956,0.0006428156846267583,0.0005365436581217861,False,0.035,0.0,0.798,0.081,0.975,0.9851951547779273,True,число циклов выше среднего своего колена на 7.0 σ,False,1.0
100000004739664100,transit,0.575,4,0.3236,"транзит: получил 12 тыс ₸, отдал 83%, 0% ушло в течение 2 дн. после прихода",,1,False,1,1,12000.0,10000.0,1,1,0.8333333333333334,1,1,1,1.0,0.0,1.0,0.0,0.0002880879536555201,-3.029147898542847e-19,-1.6434871352799926e-17,1.387027959709612e-06,False,0.345,0.167,0.228,0.083,0.764,0.6684611933602512,False,,False,0.0
100000002566204100,peripheral,0.85,9,0.3232,"мелкий получатель: разовое поступление 81 тыс ₸ от 1 плательщика, исходящих в выборке не наблюдается — признаков роли нет",small_receiver,2,False,1,0,80805.0,0.0,1,0,0.0,0,1,1,0.0,0.0,1.0,0.0,0.0003240694503060784,-0.0,2.3228134124635814e-05,0.0,False,0.042,0.167,0.522,0.559,0.367,0.33400628084342754,False,,False,0.0
100000003819173100,terminal,0.653,15,0.3227,"вероятный конечный получатель: 144 тыс ₸ от 1; 4 колено, исходящие не собраны, P(пересылает)=0.24",likely_sink_truncated,4,False,1,0,143777.0,0.0,1,0,0.0,0,0,7,0.24243886633602021,0.0,1.0,0.0,0.0002952095652766986,-0.0,0.00011365723689489675,0.0,True,0.229,0.0,0.639,0.306,0.367,0.41206819201435624,False,,False,0.0
100000003074515100,terminal,0.651,1,0.3224,"вероятный конечный получатель: 105 тыс ₸ от 1; 4 колено, исходящие не собраны, P(пересылает)=0.25",likely_sink_truncated,4,False,1,0,105000.0,0.0,1,0,0.0,0,0,8,0.24868955859511638,0.0,1.0,0.0,0.00029938285450538106,-0.0,1.2761480262525199e-06,0.0,True,0.228,0.0,0.592,0.369,0.367,0.35890533871691344,False,,False,0.0
100000005958064100,peripheral,0.7,8,0.3224,"слабые связи: 1 вход / 2 выход, 6 тыс ₸ → 164 тыс ₸, без устойчивого паттерна",,1,False,1,2,5746.0,163986.84,1,3,28.539303863557258,1,1,7,1.0,0.0,1.0,0.0,0.0002861870929528544,2.748388188971019e-08,0.00029524161332082757,2.5128210534091514e-05,False,0.035,0.167,0.68,0.024,0.868,0.88604755495738,False,,False,1.0
100000008759857100,peripheral,0.7,1,0.3224,"слабые связи: 1 вход / 2 выход, 5 тыс ₸ → 994 тыс ₸, без устойчивого паттерна",,3,False,1,2,5000.0,994000.0,1,3,198.8,0,0,9,1.0,0.0,1.0,0.0,0.0002863329149575189,2.237312951110107e-06,3.559127087414176e-07,7.299981620149681e-06,False,0.035,0.0,0.926,0.028,0.788,0.8757290264692688,False,,False,1.0
100000004066370100,peripheral,0.75,16,0.3205,"4 колено (исходящие не выгружены): разовое поступление 65 тыс ₸ от 1 плательщика, P(пересылает)=0.40 — признаков роли нет",truncated_small,4,False,1,0,65000.0,0.0,2,0,0.0,0,0,1,0.3994268534333405,0.0,1.0,0.0,0.0005893461583954309,-0.0,-8.417847209165153e-19,0.0,True,0.038,0.0,0.488,0.877,0.367,0.16846119336025123,False,,False,0.0
100000004657034100,terminal,0.822,5,0.3204,"получил 141 тыс ₸ от 1 плательщ.; исходящих ≥5 тыс ₸ в выборке не наблюдается (колено 3, исходящие выгружены)",observed_sink,3,False,1,0,141250.0,0.0,1,0,0.0,0,0,7,0.0,0.0,1.0,0.0,0.0002901470900552544,-0.0,0.002940174080170154,0.0,False,0.288,0.0,0.638,0.175,0.367,0.10565275908479138,False,,False,0.0
100000005974542100,peripheral,0.85,20,0.3201,"мелкий получатель: разовое поступление 94 тыс ₸ от 1 плательщика, исходящих в выборке не наблюдается — признаков роли нет",small_receiver,3,False,1,0,94500.0,0.0,3,0,0.0,0,0,7,0.0,0.0,1.0,0.0,0.000483047219122777,-0.0,3.1978736962148027e-06,0.0,False,0.042,0.0,0.563,0.764,0.367,0.08748317631224764,False,,False,0.3333333333333333
100000003739818100,peripheral,0.85,6,0.32,"мелкий получатель: разовое поступление 57 тыс ₸ от 1 плательщика, исходящих в выборке не наблюдается — признаков роли нет",small_receiver,1,False,1,0,57293.0,0.0,1,0,0.0,1,2,10,0.0,0.0,1.0,0.0,0.00029704144021682486,-0.0,0.0004611679650745722,0.0,False,0.042,0.333,0.466,0.338,0.367,0.14917003140421714,False,,False,0.0
100000001138283100,peripheral,0.7,3,0.3199,"слабые связи: 1 вход / 2 выход, 82 тыс ₸ → 50 тыс ₸, без устойчивого паттерна",,3,False,1,2,81805.0,50000.0,1,2,0.6112095837662734,0,0,7,1.0,0.8,1.0,1.0,0.0003022132575532854,0.0010542924770865524,0.0016044117981357526,1.9022097733160393e-05,False,0.035,0.0,0.627,0.409,0.792,0.8192014356213548,False,,False,0.0
100000002530224100,terminal,0.818,1,0.3199,"получил 113 тыс ₸ от 1 плательщ.; исходящих ≥5 тыс ₸ в выборке не наблюдается (колено 3, исходящие выгружены)",observed_sink,3,False,1,0,113000.0,0.0,1,0,0.0,0,0,9,0.0,0.0,1.0,0.0,0.00029139102055774306,-0.0,3.2207337193596243e-06,0.0,False,0.286,0.0,0.606,0.218,0.367,0.09039928218932257,False,,False,0.0
100000003180820100,terminal,0.65,1,0.3195,"вероятный конечный получатель: 101 тыс ₸ от 1; 4 колено, исходящие не собраны, P(пересылает)=0.25",likely_sink_truncated,4,False,1,0,101000.0,0.0,1,0,0.0,0,0,8,0.2493990949284471,0.0,1.0,0.0,0.0002988566236372633,-0.0,1.2761480262525199e-06,0.0,True,0.227,0.0,0.587,0.359,0.367,0.35262449528936746,False,,False,0.0
100000003003821100,peripheral,0.85,6,0.3192,"мелкий получатель: разовое поступление 40 тыс ₸ от 1 плательщика, исходящих в выборке не наблюдается — признаков роли нет",small_receiver,2,False,1,0,40000.0,0.0,1,0,0.0,0,1,10,0.0,0.0,1.0,0.0,0.00043793729055400355,-0.0,-3.0298746943758804e-19,0.0,False,0.042,0.167,0.371,0.738,0.367,0.2364288918797667,False,,False,0.0
100000003843844100,peripheral,0.7,0,0.3192,"слабые связи: 1 вход / 1 выход, 17 тыс ₸ → 238 тыс ₸, без устойчивого паттерна",,3,False,1,1,16680.0,238000.0,1,1,14.268585131894485,0,0,7,1.0,0.0,1.0,0.0,0.0002917438481336822,2.0334036180108e-19,0.000259460087793076,1.922024458454748e-05,False,0.035,0.0,0.753,0.225,0.81,0.5531628532974427,False,,False,0.0
100000002842337100,peripheral,0.85,13,0.3191,"мелкий получатель: разовое поступление 50 тыс ₸ от 1 плательщика, исходящих в выборке не наблюдается — признаков роли нет",small_receiver,2,False,1,0,50000.0,0.0,1,0,0.0,0,1,1,0.0,0.0,1.0,0.0,0.0003666617032550862,-0.0,4.205995741545794e-20,0.0,False,0.042,0.167,0.428,0.66,0.367,0.21825930910722297,False,,False,0.0
100000006734554100,peripheral,0.7,24,0.319,"слабые связи: 1 вход / 1 выход, 16 тыс ₸ → 25 тыс ₸, без устойчивого паттерна",,1,False,1,1,16500.0,25000.0,1,1,1.5151515151515151,1,1,1,1.0,0.0,1.0,0.0,0.000311941698524386,7.435145288183872e-20,-5.660202029520676e-19,5.944405541612623e-07,False,0.035,0.167,0.378,0.488,0.748,0.5953342305966801,False,,False,0.0
100000008070101100,terminal,0.817,1,0.3188,"получил 100 тыс ₸ от 1 плательщ.; исходящих ≥5 тыс ₸ в выборке не наблюдается (колено 3, исходящие выгружены)",observed_sink,3,False,1,0,100000.0,0.0,1,0,0.0,0,0,8,0.0,0.0,1.0,0.0,0.00029258785293762273,-0.0,1.9662146336183556e-06,0.0,False,0.286,0.0,0.58,0.247,0.367,0.07761327949753252,False,,False,0.0
100000008418835100,peripheral,0.7,6,0.3184,seed: отправил 186 тыс ₸ 4 получателям; для консолидации/рассылки мало связей,,0,True,1,4,1372000.0,186179.0,67,6,0.13569897959183674,1,1,1,1.0,0.8549782735969148,1.0,0.0,0.0005285862410602071,0.00012847887531502655,-4.538614559207916e-19,0.0003166386685165656,False,0.035,0.167,0.955,0.791,0.968,0.847913862718708,False,,False,0.22388059701492538
100000003134550100,terminal,0.65,1,0.3179,"вероятный конечный получатель: 100 тыс ₸ от 1; 4 колено, исходящие не собраны, P(пересылает)=0.25",likely_sink_truncated,4,False,1,0,100000.0,0.0,1,0,0.0,0,0,8,0.24944028264644097,0.0,1.0,0.0,0.00029884593924836344,-0.0,4.916414485471511e-07,0.0,True,0.227,0.0,0.58,0.359,0.367,0.3483624943921041,False,,False,0.0
100000005628518100,peripheral,0.85,19,0.3178,"мелкий получатель: разовое поступление 77 тыс ₸ от 1 плательщика, исходящих в выборке не наблюдается — признаков роли нет",small_receiver,3,False,1,0,77000.0,0.0,3,0,0.0,0,0,7,0.0,0.0,1.0,0.0,0.0005329929869212501,-0.0,-5.234789094319239e-19,0.0,False,0.042,0.0,0.517,0.812,0.367,0.08613728129205922,False,,False,0.0
100000001785161100,terminal,0.849,25,0.3173,"получил 30 тыс ₸ от 2 плательщ.; исходящих ≥5 тыс ₸ в выборке не наблюдается (колено 3, исходящие выгружены)",observed_sink,3,False,2,0,30000.0,0.0,2,0,0.0,0,0,7,0.0,0.0,1.0,0.0,0.0003312208709043073,-0.0,4.536876195198777e-05,0.0,False,0.297,0.0,0.308,0.579,0.367,0.6608344549125168,False,,False,0.0
100000008650785100,peripheral,0.7,2,0.3172,seed: отправил 120 тыс ₸ 2 получателям; для консолидации/рассылки мало связей,,0,True,2,2,92000.0,120120.0,2,2,1.3056521739130436,1,2,8,1.0,0.5829170829170829,1.0,0.0,0.0006125210138081797,-7.874482833434068e-19,8.721849827561031e-09,2.242361868197206e-05,False,0.035,0.333,0.719,0.887,0.862,0.8061911170928667,False,,False,0.0
100000001637376100,peripheral,0.7,5,0.3171,"слабые связи: 1 вход / 1 выход, 117 тыс ₸ → 234 тыс ₸, без устойчивого паттерна",,3,False,1,1,116700.0,234250.0,1,2,2.0072836332476434,0,0,7,1.0,0.4951974386339381,1.0,0.0,0.0002893514448317357,2.611073423962026e-19,0.002940174080170154,1.922024458454748e-05,False,0.035,0.0,0.803,0.146,0.81,0.6738447734410049,False,,False,0.0
100000008595687100,peripheral,0.7,2,0.3171,"слабые связи: 1 вход / 1 выход, 64 тыс ₸ → 10 тыс ₸, без устойчивого паттерна",,3,False,1,1,64395.0,10400.0,1,1,0.161503222299868,0,0,7,1.0,1.0,1.0,3.0,0.00030485762729909273,5.316399444908687e-06,5.256983652882482e-05,0.00030108414068267934,False,0.035,0.0,0.51,0.434,0.965,0.9170031404217138,False,,False,0.0
100000004715209100,peripheral,0.7,27,0.317,"слабые связи: 1 вход / 5 выход, 5 тыс ₸ → 350 тыс ₸, без устойчивого паттерна",,3,False,1,5,5000.0,350450.0,1,17,70.09,0,0,7,1.0,0.127835639891568,1.0,1.0,0.00028754397576032846,7.552804366473037e-07,4.867829532676994e-08,7.767356574373826e-05,False,0.035,0.0,0.806,0.066,0.923,0.9322566173171826,False,,False,1.0
100000005849100100,peripheral,0.85,6,0.3163,"мелкий получатель: разовое поступление 33 тыс ₸ от 1 плательщика, исходящих в выборке не наблюдается — признаков роли нет",small_receiver,2,False,1,0,33300.0,0.0,1,0,0.0,0,1,10,0.0,0.0,1.0,0.0,0.0004907169210974114,-0.0,-1.9593369045327606e-19,0.0,False,0.042,0.167,0.333,0.771,0.367,0.2602063705697622,False,,False,0.0
100000005809252100,peripheral,0.85,3,0.3159,"мелкий получатель: разовое поступление 25 тыс ₸ от 1 плательщика, исходящих в выборке не наблюдается — признаков роли нет",small_receiver,2,False,1,0,25000.0,0.0,1,0,0.0,0,1,7,0.0,0.0,1.0,0.0,0.0005671286342298138,-0.0,-5.271708585866362e-19,0.0,False,0.042,0.167,0.26,0.866,0.367,0.316509645580978,False,,False,0.0
100000008735802100,peripheral,0.75,0,0.3156,"4 колено (исходящие не выгружены): разовое поступление 85 тыс ₸ от 1 плательщика, P(пересылает)=0.39 — признаков роли нет",truncated_small,4,False,1,0,85000.0,0.0,2,0,0.0,0,0,7,0.39192284543562955,0.0,1.0,0.0,0.0005087033417052566,-0.0,3.6806493315960744e-19,0.0,True,0.038,0.0,0.538,0.782,0.367,0.23598026020637056,False,,False,0.0
100000008737514100,peripheral,0.85,2,0.3153,"мелкий получатель: разовое поступление 85 тыс ₸ от 1 плательщика, исходящих в выборке не наблюдается — признаков роли нет",small_receiver,2,False,1,0,85000.0,0.0,1,0,0.0,0,1,7,0.0,0.0,1.0,0.0,0.00031261127288180154,-0.0,3.567634960949523e-05,0.0,False,0.042,0.167,0.538,0.492,0.367,0.3721399730820996,False,,False,0.0
100000001554432100,peripheral,0.85,6,0.3151,"мелкий получатель: разовое поступление 54 тыс ₸ от 1 плательщика, исходящих в выборке не наблюдается — признаков роли нет",small_receiver,1,False,1,0,53920.0,0.0,1,0,0.0,1,2,10,0.0,0.0,1.0,0.0,0.00029636604272574514,-0.0,0.0004611679650745722,0.0,False,0.042,0.333,0.454,0.326,0.367,0.12741139524450426,False,,False,0.0
100000002457464100,peripheral,0.85,16,0.3151,"мелкий получатель: разовое поступление 67 тыс ₸ от 1 плательщика, исходящих в выборке не наблюдается — признаков роли нет",small_receiver,2,False,1,0,66647.0,0.0,1,0,0.0,0,1,8,0.0,0.0,1.0,0.0,0.0003221740395394645,-0.0,2.2343493947030172e-18,0.0,False,0.042,0.167,0.492,0.552,0.367,0.29676985195154776,False,,False,0.0
100000001490461100,peripheral,0.7,8,0.3151,"слабые связи: 1 вход / 1 выход, 20 тыс ₸ → 5 тыс ₸, без устойчивого паттерна",,2,False,1,1,20000.0,5000.0,1,1,0.25,0,1,9,1.0,0.0,1.0,0.0,0.00032099043429899293,-2.0964059422963395e-19,2.862330894308425e-20,2.19943005039667e-05,False,0.035,0.167,0.26,0.548,0.859,0.5056078959174518,False,,False,0.0
100000004096559100,peripheral,0.85,13,0.3149,"мелкий получатель: разовое поступление 46 тыс ₸ от 1 плательщика, исходящих в выборке не наблюдается — признаков роли нет",small_receiver,3,False,1,0,46200.0,0.0,1,0,0.0,0,0,1,0.0,0.0,1.0,0.0,0.0009765877187482832,-0.0,7.321871074138438e-19,0.0,False,0.042,0.0,0.401,0.951,0.367,0.004262000897263347,False,,False,0.0
100000008724461100,peripheral,0.7,1,0.3147,"слабые связи: 1 вход / 1 выход, 100 тыс ₸ → 130 тыс ₸, без устойчивого паттерна",,3,False,1,1,100111.0,130000.0,1,1,1.298558599954051,0,0,9,1.0,1.0,1.0,0.0,0.00029072698311701655,6.382827094794121e-20,3.2207337193596243e-06,2.2390594206740877e-05,False,0.035,0.0,0.733,0.193,0.861,0.7873485868102288,False,,False,0.0
100000008720856100,peripheral,0.7,0,0.3144,"слабые связи: 1 вход / 1 выход, 18 тыс ₸ → 46 тыс ₸, без устойчивого паттерна",,3,False,1,1,18105.0,46000.0,1,2,2.5407346037006353,0,0,7,1.0,0.0,1.0,0.0,0.0003193262841057144,3.219778153234227e-19,0.00010694239102769019,1.9616538287321655e-05,False,0.035,0.0,0.485,0.537,0.836,0.44728577837595335,False,,False,0.0
100000004475818100,peripheral,0.7,0,0.3143,"слабые связи: 1 вход / 3 выход, 13 тыс ₸ → 54 тыс ₸, без устойчивого паттерна",,3,False,1,3,13000.0,53989.0,1,3,4.153,0,0,7,1.0,1.0,1.0,1.0,0.0003098079503095031,0.0002595023449635359,0.00010694239102769019,6.940183893991107e-05,False,0.035,0.0,0.493,0.472,0.917,0.9295648272768058,False,,False,0.0
100000003980083100,peripheral,0.85,45,0.3141,"мелкий получатель: разовое поступление 30 тыс ₸ от 1 плательщика, исходящих в выборке не наблюдается — признаков роли нет",small_receiver,1,False,1,0,30000.0,0.0,1,0,0.0,1,1,1,0.0,0.0,1.0,0.0,0.0005285862410602071,-0.0,8.771848478834615e-19,0.0,False,0.042,0.167,0.308,0.791,0.367,0.2617765814266487,False,,False,0.0
100000008665380100,peripheral,0.7,0,0.3137,"слабые связи: 2 вход / 1 выход, 69 тыс ₸ → 18 тыс ₸, без устойчивого паттерна",,1,False,2,1,69100.0,18200.0,2,1,0.2633863965267728,1,1,7,1.0,1.0,1.0,0.0,0.00029077432850192623,-1.8933403771928884e-19,0.005057463282107331,1.922024458454748e-05,False,0.035,0.167,0.544,0.195,0.81,0.7792732166890982,False,,False,0.0
100000002691858100,peripheral,0.85,16,0.3137,"мелкий получатель: разовое поступление 52 тыс ₸ от 1 плательщика, исходящих в выборке не наблюдается — признаков роли нет",small_receiver,2,False,1,0,51500.0,0.0,1,0,0.0,0,1,8,0.0,0.0,1.0,0.0,0.0003423820245136182,-0.0,-2.410514333998708e-19,0.0,False,0.042,0.167,0.442,0.611,0.367,0.21982951996410946,False,,False,0.0
100000003037660100,peripheral,0.85,6,0.3135,"мелкий получатель: разовое поступление 53 тыс ₸ от 1 плательщика, исходящих в выборке не наблюдается — признаков роли нет",small_receiver,1,False,1,0,53000.0,0.0,1,0,0.0,1,2,10,0.0,0.0,1.0,0.0,0.000296181825206684,-0.0,0.0004611679650745722,0.0,False,0.042,0.333,0.449,0.323,0.367,0.13436518618214446,False,,False,0.0
100000002119762100,peripheral,0.75,5,0.313,"4 колено (исходящие не выгружены): разовое поступление 77 тыс ₸ от 1 плательщика, P(пересылает)=0.58 — признаков роли нет",truncated_small,4,False,1,0,77000.0,0.0,6,0,0.0,0,0,7,0.5771722134536,0.0,1.0,0.0,0.0005295245957280105,-0.0,-2.2628060432171184e-19,0.0,True,0.038,0.0,0.517,0.794,0.367,0.3781965006729475,False,,False,0.5
100000005539201100,peripheral,0.7,2,0.3129,"слабые связи: 1 вход / 1 выход, 46 тыс ₸ → 25 тыс ₸, без устойчивого паттерна",,1,False,1,1,45504.0,25000.0,1,1,0.5494022503516175,1,1,7,1.0,0.0,1.0,0.0,0.000290461795724967,1.9809656770284514e-19,0.00029524161332082757,4.197410801883135e-05,False,0.035,0.167,0.504,0.186,0.895,0.45132346343651863,False,,False,0.0
100000008778010100,peripheral,0.75,7,0.3129,"4 колено (исходящие не выгружены): разовое поступление 77 тыс ₸ от 1 плательщика, P(пересылает)=0.31 — признаков роли нет",truncated_small,4,False,1,0,76950.0,0.0,2,0,0.0,0,0,1,0.31426611826963036,0.0,1.0,0.0,0.0005296426486872749,-0.0,6.30239829683905e-19,0.0,True,0.038,0.0,0.516,0.795,0.367,0.22386720502467475,False,,False,0.5
100000003617552100,peripheral,0.85,24,0.3128,"мелкий получатель: разовое поступление 25 тыс ₸ от 1 плательщика, исходящих в выборке не наблюдается — признаков роли нет",small_receiver,2,False,1,0,25000.0,0.0,1,0,0.0,0,1,1,0.0,0.0,1.0,0.0,0.0005510452542740746,-0.0,1.7468748763422353e-19,0.0,False,0.042,0.167,0.26,0.848,0.367,0.316509645580978,False,,False,0.0
100000002645993100,peripheral,0.7,0,0.3115,"слабые связи: 2 вход / 5 выход, 50 тыс ₸ → 87 тыс ₸, без устойчивого паттерна",,3,False,2,5,49650.0,86980.0,4,9,1.7518630412890233,0,0,7,1.0,1.0,2.0,18.0,0.0002933085935851196,0.0005629113672020601,0.0035485973398432583,9.387624077821862e-05,False,0.035,0.0,0.631,0.265,0.928,0.9887842081650965,True,число циклов выше среднего своего колена на 4.9 σ,False,0.0
100000004877085100,peripheral,0.7,0,0.3115,"слабые связи: 1 вход / 3 выход, 25 тыс ₸ → 96 тыс ₸, без устойчивого паттерна",,3,False,1,3,25000.0,95600.0,1,9,3.824,0,0,7,1.0,0.7071129707112971,1.0,0.0,0.00029482372155001206,-2.548743944948985e-19,0.000259460087793076,5.7660733753642434e-05,False,0.035,0.0,0.617,0.298,0.906,0.785105428443248,False,,False,0.0
100000003102157100,peripheral,0.85,0,0.3114,"мелкий получатель: разовое поступление 97 тыс ₸ от 1 плательщика, исходящих в выборке не наблюдается — признаков роли нет",small_receiver,1,False,1,0,96746.0,0.0,2,0,0.0,1,1,7,0.0,0.0,1.0,0.0,0.000303723915550285,-0.0,0.002151681626890832,0.0,False,0.042,0.167,0.57,0.427,0.367,0.15746971736204576,False,,False,0.0
100000001848426100,peripheral,0.85,12,0.3109,"мелкий получатель: разовое поступление 96 тыс ₸ от 1 плательщика, исходящих в выборке не наблюдается — признаков роли нет",small_receiver,2,False,1,0,95530.0,0.0,1,0,0.0,0,1,1,0.0,0.0,1.0,0.0,0.00030367516856651344,-0.0,2.8721412970847028e-05,0.0,False,0.042,0.167,0.568,0.427,0.367,0.3885150291610588,False,,False,0.0
100000004356593100,peripheral,0.7,0,0.3105,"слабые связи: 1 вход / 1 выход, 50 тыс ₸ → 10 тыс ₸, без устойчивого паттерна",,2,False,1,1,50000.0,10000.0,1,1,0.2,0,1,7,1.0,0.0,1.0,0.0,0.0002934516692650865,-4.4436530212019325e-19,0.00014216819592800163,1.922024458454748e-05,False,0.035,0.167,0.475,0.269,0.81,0.46253925527142215,False,,False,0.0
100000002831727100,peripheral,0.7,19,0.3104,"слабые связи: 1 вход / 1 выход, 6 тыс ₸ → 77 тыс ₸, без устойчивого паттерна",,2,False,1,1,6000.0,77000.0,1,3,12.833333333333334,0,1,7,1.0,0.12987012987012986,1.0,0.0,0.0002907462180152874,-2.228059833956808e-19,2.841455004939276e-20,1.922024458454748e-05,False,0.035,0.167,0.53,0.194,0.81,0.7487662628981606,False,,False,1.0
100000005931985100,peripheral,0.85,9,0.3104,"мелкий получатель: разовое поступление 76 тыс ₸ от 1 плательщика, исходящих в выборке не наблюдается — признаков роли нет",small_receiver,2,False,1,0,76000.0,0.0,1,0,0.0,0,1,1,0.0,0.0,1.0,0.0,0.0003128966445634423,-0.0,4.0882453974806574e-08,0.0,False,0.042,0.167,0.515,0.495,0.367,0.34096007178106774,False,,False,0.0
100000008406609100,peripheral,0.85,18,0.3103,"мелкий получатель: разовое поступление 34 тыс ₸ от 1 плательщика, исходящих в выборке не наблюдается — признаков роли нет",small_receiver,2,False,1,0,34000.0,0.0,1,0,0.0,0,1,8,0.0,0.0,1.0,0.0,0.00043050382065094726,-0.0,-2.7660608895721293e-19,0.0,False,0.042,0.167,0.337,0.731,0.367,0.25168236877523553,False,,False,0.0
100000003219438100,peripheral,0.85,17,0.3103,"мелкий получатель: разовое поступление 32 тыс ₸ от 1 плательщика, исходящих в выборке не наблюдается — признаков роли нет",small_receiver,2,False,1,0,32000.0,0.0,1,0,0.0,0,1,7,0.0,0.0,1.0,0.0,0.00044715563704310416,-0.0,3.649590229540043e-09,0.0,False,0.042,0.167,0.328,0.743,0.367,0.2534768954688201,False,,False,0.0
100000007034089100,peripheral,0.544,1,0.3103,"4 колено, обход оборван: исходящие не видны, P(пересылает)=0.35 — роль не определить, получил 198 тыс ₸",truncated_unknown,4,False,2,0,198000.0,0.0,2,0,0.0,0,0,8,0.35313962843622615,0.0,2.0,0.0,0.0003211159924280986,-0.0,1.6071079325031016e-06,0.0,True,0.027,0.0,0.705,0.549,0.367,0.9726334679228353,True,максимум плательщиков за день выше среднего своего колена на 6.6 σ,False,0.5
100000004030553100,peripheral,0.75,10,0.3102,"4 колено (исходящие не выгружены): разовое поступление 70 тыс ₸ от 1 плательщика, P(пересылает)=0.26 — признаков роли нет",truncated_small,4,False,1,0,70000.0,0.0,1,0,0.0,0,0,1,0.2564994430259404,0.0,1.0,0.0,0.000530829721053794,-0.0,2.6425729748632106e-19,0.0,True,0.038,0.0,0.5,0.801,0.367,0.2839838492597577,False,,False,0.0
100000002852402100,peripheral,0.85,2,0.31,"мелкий получатель: разовое поступление 55 тыс ₸ от 1 плательщика, исходящих в выборке не наблюдается — признаков роли нет",small_receiver,2,False,1,0,55000.0,0.0,1,0,0.0,0,1,7,0.0,0.0,1.0,0.0,0.00032701738322827813,-0.0,-8.347479925877553e-21,0.0,False,0.042,0.167,0.46,0.566,0.367,0.24540152534768955,False,,False,0.0
100000004673335100,peripheral,0.75,25,0.3099,"4 колено (исходящие не выгружены): разовое поступление 80 тыс ₸ от 1 плательщика, P(пересылает)=0.25 — признаков роли нет",truncated_small,4,False,1,0,80000.0,0.0,1,0,0.0,0,0,7,0.25446478199663364,0.0,1.0,0.0,0.0004940906043598334,-0.0,4.500602285482727e-05,0.0,True,0.038,0.0,0.521,0.772,0.367,0.30686406460296095,False,,False,0.0
100000003345947100,peripheral,0.75,15,0.3098,"4 колено (исходящие не выгружены): разовое поступление 80 тыс ₸ от 1 плательщика, P(пересылает)=0.40 — признаков роли нет",truncated_small,4,False,1,0,79500.0,0.0,6,0,0.0,0,0,7,0.40309921806408616,0.0,1.0,0.0,0.0004947659232077648,-0.0,-5.225828856098996e-19,0.0,True,0.038,0.0,0.52,0.773,0.367,0.37864513234634367,False,,False,0.16666666666666666
100000003677936100,peripheral,0.7,0,0.3097,"слабые связи: 1 вход / 1 выход, 71 тыс ₸ → 13 тыс ₸, без устойчивого паттерна",,3,False,1,1,71000.0,13000.0,1,2,0.18309859154929578,0,0,7,1.0,0.46153846153846156,1.0,0.0,0.00030888363859944327,6.962613068086439e-20,0.00010831189958102266,1.922024458454748e-05,False,0.035,0.0,0.533,0.464,0.81,0.6209062359802602,False,,False,0.0
100000003147719100,terminal,0.817,1,0.3093,"получил 100 тыс ₸ от 1 плательщ.; исходящих ≥5 тыс ₸ в выборке не наблюдается (колено 3, исходящие выгружены)",observed_sink,3,False,1,0,100000.0,0.0,1,0,0.0,0,0,9,0.0,0.0,1.0,0.0,0.00029072126443008034,-0.0,3.2207337193596243e-06,0.0,False,0.286,0.0,0.58,0.193,0.367,0.07761327949753252,False,,False,0.0
100000005493505100,terminal,0.91,15,0.309,"получил 62 тыс ₸ от 3 плательщ.; исходящих ≥5 тыс ₸ в выборке не наблюдается (колено 0, исходящие выгружены)",observed_sink,0,True,3,0,62020.0,0.0,3,0,0.0,1,2,11,0.0,0.0,1.0,0.0,0.0006174200765778767,-0.0,4.328893645273067e-08,0.0,False,0.318,0.333,0.481,0.889,0.367,0.7756841633019291,False,,False,0.0
100000003447411100,peripheral,0.505,15,0.3089,"4 колено, обход оборван: исходящие не видны, P(пересылает)=0.48 — роль не определить, получил 302 тыс ₸",truncated_unknown,4,False,1,0,302000.0,0.0,3,0,0.0,0,0,7,0.4835297169353082,0.0,1.0,0.0,0.00030581844296807327,-0.0,0.00011365723689489675,0.0,True,0.025,0.0,0.783,0.441,0.367,0.4791386271870794,False,,False,0.0
100000003112578100,terminal,0.817,9,0.3089,"получил 101 тыс ₸ от 1 плательщ.; исходящих ≥5 тыс ₸ в выборке не наблюдается (колено 3, исходящие выгружены)",observed_sink,3,False,1,0,101080.0,0.0,1,0,0.0,0,0,2,0.0,0.0,1.0,0.0,0.0002903839214275364,-0.0,3.7941363435538907e-07,0.0,False,0.286,0.0,0.587,0.181,0.367,0.08501570210856886,False,,False,0.0
100000001737722100,peripheral,0.85,16,0.3088,"мелкий получатель: разовое поступление 60 тыс ₸ от 1 плательщика, исходящих в выборке не наблюдается — признаков роли нет",small_receiver,2,False,1,0,60460.0,0.0,1,0,0.0,0,1,8,0.0,0.0,1.0,0.0,0.00031877593370862,-0.0,2.2343493947030172e-18,0.0,False,0.042,0.167,0.479,0.534,0.367,0.2727680574248542,False,,False,0.0
100000007861311100,peripheral,0.85,13,0.3086,"мелкий получатель: разовое поступление 45 тыс ₸ от 1 плательщика, исходящих в выборке не наблюдается — признаков роли нет",small_receiver,2,False,1,0,45000.0,0.0,1,0,0.0,0,1,1,0.0,0.0,1.0,0.0,0.0003585524623513066,-0.0,4.205995741545794e-20,0.0,False,0.042,0.167,0.395,0.644,0.367,0.2117541498429789,False,,False,0.0
100000003134474100,terminal,0.819,5,0.308,"получил 116 тыс ₸ от 1 плательщ.; исходящих ≥5 тыс ₸ в выборке не наблюдается (колено 3, исходящие выгружены)",observed_sink,3,False,1,0,116000.0,0.0,1,0,0.0,0,0,7,0.0,0.0,1.0,0.0,0.0002893287584098838,-0.0,0.002940174080170154,0.0,False,0.287,0.0,0.609,0.145,0.367,0.10453117990130104,False,,False,0.0
100000003073398100,peripheral,0.85,12,0.3078,"мелкий получатель: разовое поступление 93 тыс ₸ от 1 плательщика, исходящих в выборке не наблюдается — признаков роли нет",small_receiver,2,False,1,0,92960.0,0.0,1,0,0.0,0,1,1,0.0,0.0,1.0,0.0,0.0003031880744905425,-0.0,2.8721412970847028e-05,0.0,False,0.042,0.167,0.559,0.421,0.367,0.38604755495737997,False,,False,0.0
100000003781406100,peripheral,0.85,11,0.3077,"мелкий получатель: разовое поступление 45 тыс ₸ от 1 плательщика, исходящих в выборке не наблюдается — признаков роли нет",small_receiver,3,False,1,0,45000.0,0.0,2,0,0.0,0,0,9,0.0,0.0,1.0,0.0,0.0007228806641155297,-0.0,5.716650043518615e-19,0.0,False,0.042,0.0,0.395,0.916,0.367,0.061462539255271426,False,,False,0.0
100000002692044100,peripheral,0.85,11,0.3076,"мелкий получатель: разовое поступление 97 тыс ₸ от 1 плательщика, исходящих в выборке не наблюдается — признаков роли нет",small_receiver,1,False,1,0,97000.0,0.0,1,0,0.0,1,1,1,0.0,0.0,1.0,0.0,0.00030166693443527224,-0.0,1.0100033668708282e-05,0.0,False,0.042,0.167,0.571,0.404,0.367,0.33871691341408705,False,,False,0.0
100000004326224100,peripheral,0.75,5,0.3075,"4 колено (исходящие не выгружены): разовое поступление 60 тыс ₸ от 1 плательщика, P(пересылает)=0.26 — признаков роли нет",truncated_small,4,False,1,0,60000.0,0.0,1,0,0.0,0,0,7,0.2602758486829477,0.0,1.0,0.0,0.0005348779091078297,-0.0,-1.057204622009659e-18,0.0,True,0.038,0.0,0.475,0.819,0.367,0.27545984746523106,False,,False,0.0
100000001648936100,peripheral,0.85,12,0.3073,"мелкий получатель: разовое поступление 93 тыс ₸ от 1 плательщика, исходящих в выборке не наблюдается — признаков роли нет",small_receiver,2,False,1,0,92740.0,0.0,1,0,0.0,0,1,1,0.0,0.0,1.0,0.0,0.00030314637772139324,-0.0,2.8721412970847028e-05,0.0,False,0.042,0.167,0.558,0.419,0.367,0.38604755495737997,False,,False,0.0
100000007042175100,peripheral,0.75,3,0.3072,"4 колено (исходящие не выгружены): разовое поступление 60 тыс ₸ от 1 плательщика, P(пересылает)=0.26 — признаков роли нет",truncated_small,4,False,1,0,60000.0,0.0,1,0,0.0,0,0,7,0.25980125819734756,0.0,1.0,0.0,0.0005340058628254442,-0.0,-2.539204585158886e-19,0.0,True,0.038,0.0,0.475,0.818,0.367,0.27545984746523106,False,,False,0.0
100000007472293100,peripheral,0.7,1,0.3071,"слабые связи: 1 вход / 3 выход, 5 тыс ₸ → 346 тыс ₸, без устойчивого паттерна",,3,False,1,3,5000.0,345900.0,1,3,69.18,0,0,9,1.0,0.0,1.0,0.0,0.0002863329149575189,1.6418403510518646e-19,3.559127087414176e-07,4.8034099223753116e-05,False,0.035,0.0,0.803,0.028,0.901,0.8761776581426649,False,,False,1.0
100000002242066100,peripheral,0.75,14,0.3069,"4 колено (исходящие не выгружены): разовое поступление 60 тыс ₸ от 1 плательщика, P(пересылает)=0.26 — признаков роли нет",truncated_small,4,False,1,0,60000.0,0.0,1,0,0.0,0,0,7,0.2603286156310122,0.0,1.0,0.0,0.0005337841025658801,-0.0,4.877668878746989e-19,0.0,True,0.038,0.0,0.475,0.816,0.367,0.27545984746523106,False,,False,0.0
100000008352542100,peripheral,0.85,6,0.3069,"мелкий получатель: разовое поступление 50 тыс ₸ от 1 плательщика, исходящих в выборке не наблюдается — признаков роли нет",small_receiver,2,False,1,0,50220.0,0.0,1,0,0.0,0,1,10,0.0,0.0,1.0,0.0,0.0003314754198712513,-0.0,9.977809550674425e-07,0.0,False,0.042,0.167,0.436,0.58,0.367,0.21825930910722297,False,,False,0.0
100000003476560100,peripheral,0.85,6,0.3069,"мелкий получатель: разовое поступление 50 тыс ₸ от 1 плательщика, исходящих в выборке не наблюдается — признаков роли нет",small_receiver,1,False,1,0,50000.0,0.0,1,0,0.0,1,2,10,0.0,0.0,1.0,0.0,0.0002955811159053975,-0.0,0.0004611679650745722,0.0,False,0.042,0.333,0.428,0.312,0.367,0.1316733961417676,False,,False,0.0
100000001194266100,peripheral,0.85,6,0.3069,"мелкий получатель: разовое поступление 50 тыс ₸ от 1 плательщика, исходящих в выборке не наблюдается — признаков роли нет",small_receiver,1,False,1,0,50000.0,0.0,1,0,0.0,1,2,10,0.0,0.0,1.0,0.0,0.0002955811159053975,-0.0,0.0004611679650745722,0.0,False,0.042,0.333,0.428,0.312,0.367,0.1316733961417676,False,,False,0.0
100000008293431100,peripheral,0.7,3,0.3069,"слабые связи: 1 вход / 5 выход, 15 тыс ₸ → 297 тыс ₸, без устойчивого паттерна",,3,False,1,5,15000.0,297000.0,1,7,19.8,0,0,7,1.0,0.0,1.0,1.0,0.0002868995280156364,0.0003669221949795832,0.0011319384436486036,5.6870616875245766e-05,False,0.035,0.0,0.786,0.048,0.904,0.857783759533423,False,,False,0.0
100000001641951100,peripheral,0.85,6,0.3068,"мелкий получатель: разовое поступление 25 тыс ₸ от 1 плательщика, исходящих в выборке не наблюдается — признаков роли нет",small_receiver,2,False,1,0,25000.0,0.0,4,0,0.0,0,2,11,0.0,0.0,1.0,0.0,0.00031906388743239267,-0.0,-9.539536945373386e-19,0.0,False,0.042,0.333,0.26,0.536,0.367,0.6114849708389413,False,,False,0.75
100000002662768100,peripheral,0.85,16,0.3064,"мелкий получатель: разовое поступление 84 тыс ₸ от 1 плательщика, исходящих в выборке не наблюдается — признаков роли нет",small_receiver,1,False,1,0,84300.0,0.0,1,0,0.0,1,1,1,0.0,0.0,1.0,0.0,0.0003064555955058235,-0.0,6.780076054127126e-05,0.0,False,0.042,0.167,0.534,0.447,0.367,0.28084342754598474,False,,False,0.0
100000008027922100,peripheral,0.75,20,0.3061,"4 колено (исходящие не выгружены): разовое поступление 70 тыс ₸ от 1 плательщика, P(пересылает)=0.26 — признаков роли нет",truncated_small,4,False,1,0,70000.0,0.0,1,0,0.0,0,0,7,0.2564994430259404,0.0,1.0,0.0,0.0005023680629098503,-0.0,-5.953532736183907e-19,0.0,True,0.038,0.0,0.5,0.778,0.367,0.2839838492597577,False,,False,0.0
100000007591246100,peripheral,0.7,2,0.3054,"слабые связи: 1 вход / 1 выход, 12 тыс ₸ → 120 тыс ₸, без устойчивого паттерна",,3,False,1,1,12190.0,120000.0,1,1,9.844134536505333,0,0,7,1.0,0.0,1.0,0.0,0.0002978930938238482,7.311255131359889e-07,2.4475150146266577e-05,1.0237587321666184e-06,False,0.035,0.0,0.628,0.348,0.757,0.554060116644235,False,,False,0.0
100000005203590100,peripheral,0.85,12,0.3048,"мелкий получатель: разовое поступление 90 тыс ₸ от 1 плательщика, исходящих в выборке не наблюдается — признаков роли нет",small_receiver,2,False,1,0,90000.0,0.0,1,0,0.0,0,1,1,0.0,0.0,1.0,0.0,0.00030262706341471605,-0.0,2.8721412970847028e-05,0.0,False,0.042,0.167,0.551,0.414,0.367,0.3755047106325707,False,,False,0.0
100000003242795100,terminal,0.818,5,0.3043,"получил 111 тыс ₸ от 1 плательщ.; исходящих ≥5 тыс ₸ в выборке не наблюдается (колено 3, исходящие выгружены)",observed_sink,3,False,1,0,111000.0,0.0,1,0,0.0,0,0,7,0.0,0.0,1.0,0.0,0.00028916671253951344,-0.0,0.002940174080170154,0.0,False,0.286,0.0,0.602,0.134,0.367,0.08927770300583221,False,,False,0.0
100000002700161100,peripheral,0.75,6,0.3038,"4 колено (исходящие не выгружены): разовое поступление 39 тыс ₸ от 1 плательщика, P(пересылает)=0.27 — признаков роли нет",truncated_small,4,False,1,0,39000.0,0.0,1,0,0.0,0,0,10,0.2681407567257201,0.0,1.0,0.0,0.000902664307815214,-0.0,1.000976155573185e-18,0.0,True,0.038,0.0,0.364,0.946,0.367,0.16778824585015703,False,,False,0.0
100000000945428100,peripheral,0.85,0,0.3036,"мелкий получатель: разовое поступление 90 тыс ₸ от 1 плательщика, исходящих в выборке не наблюдается — признаков роли нет",small_receiver,1,False,1,0,89629.0,0.0,1,0,0.0,1,1,7,0.0,0.0,1.0,0.0,0.00030238839325451126,-0.0,0.002151681626890832,0.0,False,0.042,0.167,0.549,0.41,0.367,0.31314490803050693,False,,False,0.0
100000000971908100,peripheral,0.85,12,0.3035,"мелкий получатель: разовое поступление 89 тыс ₸ от 1 плательщика, исходящих в выборке не наблюдается — признаков роли нет",small_receiver,2,False,1,0,89000.0,0.0,1,0,0.0,0,1,1,0.0,0.0,1.0,0.0,0.00030243753264585577,-0.0,2.8721412970847028e-05,0.0,False,0.042,0.167,0.547,0.411,0.367,0.3633916554508748,False,,False,0.0
100000003239379100,peripheral,0.85,11,0.303,"мелкий получатель: разовое поступление 92 тыс ₸ от 1 плательщика, исходящих в выборке не наблюдается — признаков роли нет",small_receiver,1,False,1,0,92500.0,0.0,1,0,0.0,1,1,1,0.0,0.0,1.0,0.0,0.00030092013669320096,-0.0,1.0100033668708282e-05,0.0,False,0.042,0.167,0.558,0.395,0.367,0.3310901749663526,False,,False,0.0
100000008757301100,peripheral,0.75,3,0.3026,"4 колено (исходящие не выгружены): разовое поступление 58 тыс ₸ от 1 плательщика, P(пересылает)=0.53 — признаков роли нет",truncated_small,4,False,1,0,58398.0,0.0,3,0,0.0,0,0,7,0.5261768128417315,0.0,1.0,0.0,0.0005305464848242204,-0.0,6.177488153576921e-19,0.0,True,0.038,0.0,0.468,0.8,0.367,0.26783310901749663,False,,False,0.3333333333333333
100000008721637100,peripheral,0.7,12,0.3024,"слабые связи: 1 вход / 2 выход, 24 тыс ₸ → 127 тыс ₸, без устойчивого паттерна",,3,False,1,2,24041.0,127000.0,1,2,5.282642152988644,0,0,7,1.0,0.09448818897637795,1.0,0.0,0.0002904606519895616,2.1725553389675226e-05,0.0016044117981357526,7.331450401719378e-05,False,0.035,0.0,0.656,0.185,0.919,0.6052041274113953,False,,False,0.0
100000005048668100,peripheral,0.7,0,0.3021,"слабые связи: 2 вход / 8 выход, 17 тыс ₸ → 159 тыс ₸, без устойчивого паттерна",,3,False,2,8,16668.0,159400.0,2,11,9.563234941204703,0,0,7,1.0,0.30050188205771644,1.0,45.0,0.00028854810674879304,0.001607269050232807,0.003165241743009577,0.0006542869684636799,False,0.035,0.0,0.685,0.106,0.977,0.9802602063705698,True,число циклов выше среднего своего колена на 6.4 σ,False,0.5
100000003292979100,peripheral,0.85,6,0.302,"мелкий получатель: разовое поступление 49 тыс ₸ от 1 плательщика, исходящих в выборке не наблюдается — признаков роли нет",small_receiver,2,False,1,0,48950.0,0.0,1,0,0.0,0,1,10,0.0,0.0,1.0,0.0,0.0003303145122730726,-0.0,9.977809550674425e-07,0.0,False,0.042,0.167,0.417,0.577,0.367,0.20457604306864063,False,,False,0.0
100000008193258100,peripheral,0.7,14,0.302,"слабые связи: 1 вход / 1 выход, 75 тыс ₸ → 30 тыс ₸, без устойчивого паттерна",,3,False,1,1,75000.0,30000.0,2,1,0.4,0,0,7,1.0,0.0,1.0,0.0,0.0002973742227437991,-2.8123570375800056e-19,0.00023334462577838898,1.922024458454748e-05,False,0.035,0.0,0.592,0.342,0.81,0.3319874383131449,False,,False,0.0
100000005268319100,peripheral,0.7,0,0.3019,"слабые связи: 1 вход / 5 выход, 20 тыс ₸ → 91 тыс ₸, без устойчивого паттерна",,3,False,1,5,19712.8,91000.0,2,10,4.6162899232985675,0,0,7,1.0,0.26373626373626374,1.0,1.0,0.0002936395632308336,0.00029802330012879553,0.0006428156846267583,4.0473877157209365e-05,False,0.035,0.0,0.601,0.273,0.893,0.8775235531628532,False,,False,0.5
100000002599729100,peripheral,0.75,0,0.3013,"4 колено (исходящие не выгружены): разовое поступление 65 тыс ₸ от 1 плательщика, P(пересылает)=0.40 — признаков роли нет",truncated_small,4,False,1,0,65000.0,0.0,2,0,0.0,0,0,7,0.3986382290814316,0.0,1.0,0.0,0.00048578643675265665,-0.0,-1.2748663300558245e-18,0.0,True,0.038,0.0,0.488,0.766,0.367,0.16846119336025123,False,,False,0.0
100000006248077100,peripheral,0.85,10,0.3011,"мелкий получатель: разовое поступление 50 тыс ₸ от 1 плательщика, исходящих в выборке не наблюдается — признаков роли нет",small_receiver,2,False,1,0,50000.0,0.0,1,0,0.0,0,2,7,0.0,0.0,1.0,0.0,0.00029385096746579765,-0.0,4.040756032115181e-06,0.0,False,0.042,0.333,0.428,0.279,0.367,0.21825930910722297,False,,False,0.0
100000003760160100,terminal,0.817,5,0.3008,"получил 104 тыс ₸ от 1 плательщ.; исходящих ≥5 тыс ₸ в выборке не наблюдается (колено 3, исходящие выгружены)",observed_sink,3,False,1,0,104470.0,0.0,1,0,0.0,0,0,7,0.0,0.0,1.0,0.0,0.00028895508063280965,-0.0,0.002940174080170154,0.0,False,0.286,0.0,0.591,0.129,0.367,0.088604755495738,False,,False,0.0
100000008629581100,peripheral,0.85,16,0.3005,"мелкий получатель: разовое поступление 54 тыс ₸ от 1 плательщика, исходящих в выборке не наблюдается — признаков роли нет",small_receiver,2,False,1,0,54184.0,0.0,1,0,0.0,0,1,8,0.0,0.0,1.0,0.0,0.0003153289461226527,-0.0,2.2343493947030172e-18,0.0,False,0.042,0.167,0.456,0.516,0.367,0.22543741588156124,False,,False,0.0
100000007811950100,peripheral,0.75,22,0.3004,"4 колено (исходящие не выгружены): разовое поступление 50 тыс ₸ от 1 плательщика, P(пересылает)=0.26 — признаков роли нет",truncated_small,4,False,1,0,50000.0,0.0,1,0,0.0,0,0,7,0.26258710118403317,0.0,1.0,0.0,0.000546228540071972,-0.0,-2.054337722856035e-19,0.0,True,0.038,0.0,0.428,0.84,0.367,0.2148945715567519,False,,False,0.0
100000008760098100,peripheral,0.7,1,0.3003,"слабые связи: 1 вход / 1 выход, 7 тыс ₸ → 390 тыс ₸, без устойчивого паттерна",,3,False,1,1,7000.0,390000.0,1,1,55.714285714285715,0,0,9,1.0,0.0,1.0,0.0,0.0002866383632536104,5.714558397189507e-07,3.559127087414176e-07,7.299981620149681e-06,False,0.035,0.0,0.823,0.038,0.788,0.7142216240466577,False,,False,1.0
100000002774456100,peripheral,0.85,6,0.3001,"мелкий получатель: разовое поступление 50 тыс ₸ от 1 плательщика, исходящих в выборке не наблюдается — признаков роли нет",small_receiver,1,False,1,0,50363.0,0.0,1,0,0.0,1,2,8,0.0,0.0,1.0,0.0,0.00029320785927153096,-0.0,0.00012279960625588972,0.0,False,0.042,0.333,0.436,0.262,0.367,0.13324360699865412,False,,False,0.0
100000005893892100,terminal,0.817,5,0.3001,"получил 103 тыс ₸ от 1 плательщ.; исходящих ≥5 тыс ₸ в выборке не наблюдается (колено 3, исходящие выгружены)",observed_sink,3,False,1,0,102780.0,0.0,1,0,0.0,0,0,7,0.0,0.0,1.0,0.0,0.0002889003091286244,-0.0,0.002940174080170154,0.0,False,0.286,0.0,0.589,0.127,0.367,0.08793180798564379,False,,False,0.0
100000003072205100,peripheral,0.543,1,0.2996,"4 колено, обход оборван: исходящие не видны, P(пересылает)=0.36 — роль не определить, получил 163 тыс ₸",truncated_unknown,4,False,2,0,163000.0,0.0,2,0,0.0,0,0,8,0.35768118194844867,0.0,2.0,0.0,0.00031897392558810547,-0.0,3.6186688151397574e-07,0.0,True,0.027,0.0,0.669,0.535,0.367,0.9712875729026469,True,максимум плательщиков за день выше среднего своего колена на 6.6 σ,False,0.0
100000004441291100,peripheral,0.85,0,0.2996,"мелкий получатель: разовое поступление 20 тыс ₸ от 1 плательщика, исходящих в выборке не наблюдается — признаков роли нет",small_receiver,2,False,1,0,20000.0,0.0,1,0,0.0,0,1,10,0.0,0.0,1.0,0.0,0.0005488430695675697,-0.0,2.5094276980644413e-19,0.0,False,0.042,0.167,0.205,0.846,0.367,0.36473755047106327,False,,False,0.0
100000005105153100,peripheral,0.85,3,0.2994,"мелкий получатель: разовое поступление 30 тыс ₸ от 1 плательщика, исходящих в выборке не наблюдается — признаков роли нет",small_receiver,2,False,1,0,30000.0,0.0,1,0,0.0,0,1,7,0.0,0.0,1.0,0.0,0.00040101696682756774,-0.0,-1.2077424437762505e-19,0.0,False,0.042,0.167,0.308,0.707,0.367,0.23396141767608794,False,,False,0.0
100000000254336100,peripheral,0.7,3,0.2993,"слабые связи: 2 вход / 1 выход, 97 тыс ₸ → 60 тыс ₸, без устойчивого паттерна",,3,False,2,1,97177.0,60000.0,2,1,0.6174300503205491,0,0,7,1.0,1.0,1.0,0.0,0.00029193514276874746,-1.0807502736893371e-19,0.004037720098865104,1.922024458454748e-05,False,0.035,0.0,0.665,0.228,0.81,0.8420816509645581,False,,False,0.0
100000004019056100,peripheral,0.75,0,0.2993,"4 колено (исходящие не выгружены): разовое поступление 50 тыс ₸ от 1 плательщика, P(пересылает)=0.26 — признаков роли нет",truncated_small,4,False,1,0,50000.0,0.0,1,0,0.0,0,0,7,0.26269324639319924,0.0,1.0,0.0,0.0005409213827074562,-0.0,2.2621738004402024e-19,0.0,True,0.038,0.0,0.428,0.834,0.367,0.2148945715567519,False,,False,0.0
100000008088082100,peripheral,0.7,0,0.2989,"слабые связи: 1 вход / 1 выход, 39 тыс ₸ → 50 тыс ₸, без устойчивого паттерна",,3,False,1,1,39138.0,50000.0,1,1,1.2775307884920026,0,0,7,1.0,0.0,1.0,0.0,0.0003000572852952129,9.628389016970897e-20,0.000259460087793076,1.922024458454748e-05,False,0.035,0.0,0.548,0.382,0.81,0.36294302377747867,False,,False,0.0
100000008680912100,peripheral,0.7,0,0.2987,"слабые связи: 1 вход / 1 выход, 45 тыс ₸ → 6 тыс ₸, без устойчивого паттерна",,3,False,1,1,45112.0,5990.85,2,1,0.13279947685759888,0,0,7,1.0,1.0,1.0,1.0,0.000535175712479058,0.00010197759824558033,2.3509417958817133e-06,0.0,False,0.035,0.0,0.44,0.82,0.367,0.8748317631224765,False,,False,0.5
100000000534581100,peripheral,0.7,0,0.2987,"слабые связи: 2 вход / 1 выход, 56 тыс ₸ → 40 тыс ₸, без устойчивого паттерна",,3,False,2,1,55960.0,40000.0,2,1,0.7147962830593281,0,0,7,1.0,0.0,1.0,0.0,0.00029845332198865065,-1.7852760887940385e-19,0.0018638718859288277,1.922024458454748e-05,False,0.035,0.0,0.569,0.353,0.81,0.6478241363840287,False,,False,0.5
100000004410489100,peripheral,0.85,0,0.2987,"мелкий получатель: разовое поступление 54 тыс ₸ от 1 плательщика, исходящих в выборке не наблюдается — признаков роли нет",small_receiver,2,False,1,0,54000.0,0.0,1,0,0.0,0,1,7,0.0,0.0,1.0,0.0,0.00031421991061413013,-0.0,0.00015948068360919774,0.0,False,0.042,0.167,0.455,0.507,0.367,0.23059668012561688,False,,False,0.0
100000000860514100,peripheral,0.7,22,0.2985,"слабые связи: 1 вход / 1 выход, 12 тыс ₸ → 50 тыс ₸, без устойчивого паттерна",,3,False,1,1,12000.0,50000.0,1,1,4.166666666666667,0,0,7,1.0,0.0,1.0,0.0,0.0003062893737864728,-8.743785629577628e-20,2.5006817420098913e-06,2.0012831990095827e-05,False,0.035,0.0,0.481,0.445,0.846,0.5432929564827277,False,,False,0.0
100000002847207100,peripheral,0.85,6,0.2983,"мелкий получатель: разовое поступление 46 тыс ₸ от 1 плательщика, исходящих в выборке не наблюдается — признаков роли нет",small_receiver,1,False,1,0,46243.0,0.0,1,0,0.0,1,2,10,0.0,0.0,1.0,0.0,0.00029482882762375313,-0.0,0.0004611679650745722,0.0,False,0.042,0.333,0.401,0.298,0.367,0.12516823687752354,False,,False,0.0
100000006381453100,peripheral,0.75,1,0.2981,"4 колено (исходящие не выгружены): разовое поступление 45 тыс ₸ от 1 плательщика, P(пересылает)=0.27 — признаков роли нет",truncated_small,4,False,1,0,45000.0,0.0,1,0,0.0,0,0,8,0.2662257448784994,0.0,1.0,0.0,0.000576167770487525,-0.0,7.232387135396018e-19,0.0,True,0.038,0.0,0.395,0.871,0.367,0.19066846119336026,False,,False,0.0
100000002757240100,peripheral,0.85,0,0.298,"мелкий получатель: разовое поступление 51 тыс ₸ от 1 плательщика, исходящих в выборке не наблюдается — признаков роли нет",small_receiver,2,False,1,0,51183.0,0.0,1,0,0.0,0,1,9,0.0,0.0,1.0,0.0,0.00031684650947480335,-0.0,0.00014276729694478647,0.0,False,0.042,0.167,0.441,0.522,0.367,0.21287572902646926,False,,False,0.0
100000004580254100,terminal,0.848,0,0.2974,"получил 28 тыс ₸ от 2 плательщ.; исходящих ≥5 тыс ₸ в выборке не наблюдается (колено 3, исходящие выгружены)",observed_sink,3,False,2,0,27940.0,0.0,2,0,0.0,0,0,7,0.0,0.0,1.0,0.0,0.0003122789899791888,-0.0,0.0003402870168060789,0.0,False,0.297,0.0,0.289,0.491,0.367,0.661283086585913,False,,False,0.0
100000002199091100,peripheral,0.85,4,0.2973,"мелкий получатель: разовое поступление 65 тыс ₸ от 1 плательщика, исходящих в выборке не наблюдается — признаков роли нет",small_receiver,2,False,1,0,65000.0,0.0,1,0,0.0,0,1,1,0.0,0.0,1.0,0.0,0.0003076457194062812,-0.0,6.140263830218555e-20,0.0,False,0.042,0.167,0.488,0.456,0.367,0.2871242709735307,False,,False,0.0
100000002391278100,peripheral,0.7,12,0.2972,"слабые связи: 1 вход / 1 выход, 30 тыс ₸ → 53 тыс ₸, без устойчивого паттерна",,3,False,1,1,30000.0,52700.0,5,2,1.7566666666666666,0,0,1,1.0,1.0,1.0,1.0,0.00039132234113293455,1.2626060685761799e-05,-4.570639321224167e-19,0.0,False,0.035,0.0,0.529,0.693,0.367,0.9120681920143562,False,,True,0.8
100000005878334100,peripheral,0.75,10,0.297,"4 колено (исходящие не выгружены): разовое поступление 76 тыс ₸ от 1 плательщика, P(пересылает)=0.39 — признаков роли нет",truncated_small,4,False,1,0,76400.0,0.0,2,0,0.0,0,0,7,0.39465380108438547,0.0,1.0,0.0,0.0003989642564463477,-0.0,8.185407465010991e-19,0.0,True,0.038,0.0,0.516,0.704,0.367,0.22072678331090176,False,,False,0.0
100000007539296100,peripheral,0.75,0,0.297,"4 колено (исходящие не выгружены): разовое поступление 46 тыс ₸ от 1 плательщика, P(пересылает)=0.41 — признаков роли нет",truncated_small,4,False,1,0,46000.0,0.0,2,0,0.0,0,0,7,0.4074814428975988,0.0,1.0,0.0,0.0005573238796527781,-0.0,7.564814600488242e-19,0.0,True,0.038,0.0,0.4,0.858,0.367,0.18618214445939885,False,,False,0.0
100000005636951100,peripheral,0.75,12,0.2967,"4 колено (исходящие не выгружены): разовое поступление 40 тыс ₸ от 1 плательщика, P(пересылает)=0.27 — признаков роли нет",truncated_small,4,False,1,0,40000.0,0.0,1,0,0.0,0,0,1,0.26837337686126433,0.0,1.0,0.0,0.0006355890351888347,-0.0,3.852978203208e-20,0.0,True,0.038,0.0,0.371,0.896,0.367,0.17519066846119336,False,,False,0.0
100000003647799100,terminal,0.817,5,0.2966,"получил 100 тыс ₸ от 1 плательщ.; исходящих ≥5 тыс ₸ в выборке не наблюдается (колено 3, исходящие выгружены)",observed_sink,3,False,1,0,100000.0,0.0,1,0,0.0,0,0,7,0.0,0.0,1.0,0.0,0.0002888102116246985,-0.0,0.002940174080170154,0.0,False,0.286,0.0,0.58,0.119,0.367,0.07761327949753252,False,,False,0.0
100000003123296100,peripheral,0.85,11,0.2964,"мелкий получатель: разовое поступление 86 тыс ₸ от 1 плательщика, исходящих в выборке не наблюдается — признаков роли нет",small_receiver,1,False,1,0,86200.0,0.0,2,0,0.0,1,1,1,0.0,0.0,1.0,0.0,0.0002998746198543011,-0.0,1.0100033668708282e-05,0.0,False,0.042,0.167,0.542,0.378,0.367,0.1601615074024226,False,,False,0.0
100000008314203100,peripheral,0.7,35,0.2962,seed: отправил 327 тыс ₸ 2 получателям; для консолидации/рассылки мало связей,,0,True,2,2,382076.0,327000.0,10,13,0.8558506684533967,2,2,9,1.0,0.48623853211009177,1.0,4.0,0.000502990862402695,4.0551894494267907e-05,1.0094203836567512e-06,0.0,False,0.035,0.333,0.897,0.778,0.367,0.8564378645132347,False,,False,0.0
100000007629121100,peripheral,0.85,6,0.2959,"мелкий получатель: разовое поступление 29 тыс ₸ от 1 плательщика, исходящих в выборке не наблюдается — признаков роли нет",small_receiver,2,False,1,0,29000.0,0.0,1,0,0.0,0,1,10,0.0,0.0,1.0,0.0,0.00039603609156140733,-0.0,-3.0298746943758804e-19,0.0,False,0.042,0.167,0.297,0.702,0.367,0.25056078959174516,False,,False,0.0
100000005037490100,peripheral,0.7,15,0.2958,"слабые связи: 1 вход / 2 выход, 15 тыс ₸ → 30 тыс ₸, без устойчивого паттерна",,3,False,1,2,15000.0,30000.0,1,3,2.0,0,0,7,1.0,0.4666666666666667,1.0,1.0,0.0003232011772500518,0.00022285399287035035,4.259946144311007e-08,1.9418391435934565e-05,False,0.035,0.0,0.395,0.554,0.83,0.8236877523553163,False,,False,0.0
100000001952325100,peripheral,0.85,4,0.2958,"мелкий получатель: разовое поступление 78 тыс ₸ от 1 плательщика, исходящих в выборке не наблюдается — признаков роли нет",small_receiver,1,False,1,0,77888.0,0.0,2,0,0.0,1,1,1,0.0,0.0,1.0,0.0,0.00030191707307769447,-0.0,-1.6434871352799926e-17,0.0,False,0.042,0.167,0.518,0.407,0.367,0.15657245401525346,False,,False,0.0
100000004777215100,peripheral,0.75,10,0.2957,"4 колено (исходящие не выгружены): разовое поступление 60 тыс ₸ от 1 плательщика, P(пересылает)=0.26 — признаков роли нет",truncated_small,4,False,1,0,60000.0,0.0,1,0,0.0,0,0,7,0.2594325207830929,0.0,1.0,0.0,0.0004651548637455426,-0.0,6.431049768247204e-19,0.0,True,0.038,0.0,0.475,0.751,0.367,0.27545984746523106,False,,False,0.0
100000002984403100,peripheral,0.7,22,0.2956,"слабые связи: 1 вход / 1 выход, 20 тыс ₸ → 25 тыс ₸, без устойчивого паттерна",,3,False,1,1,20000.0,25000.0,1,1,1.25,0,0,7,1.0,0.0,1.0,0.0,0.00032010276016592777,-2.838650617141487e-19,2.5006817420098913e-06,2.0012831990095827e-05,False,0.035,0.0,0.395,0.542,0.846,0.4104979811574697,False,,False,0.0
100000008737422100,peripheral,0.85,4,0.295,"мелкий получатель: разовое поступление 77 тыс ₸ от 1 плательщика, исходящих в выборке не наблюдается — признаков роли нет",small_receiver,1,False,1,0,76903.0,0.0,1,0,0.0,1,1,1,0.0,0.0,1.0,0.0,0.0003017103331154731,-0.0,-1.6434871352799926e-17,0.0,False,0.042,0.167,0.516,0.404,0.367,0.19291161956034095,False,,False,0.0
100000008774237100,peripheral,0.7,21,0.295,"слабые связи: 1 вход / 1 выход, 50 тыс ₸ → 10 тыс ₸, без устойчивого паттерна",,2,False,1,1,50000.0,10000.0,1,1,0.2,0,1,1,1.0,1.0,1.0,0.0,0.00031034904672860115,1.770640681952932e-18,1.6175436826327147e-18,0.0,False,0.035,0.167,0.475,0.475,0.367,0.7604306864064603,False,,False,0.0
100000003970394100,peripheral,0.85,11,0.2949,"мелкий получатель: разовое поступление 85 тыс ₸ от 1 плательщика, исходящих в выборке не наблюдается — признаков роли нет",small_receiver,1,False,1,0,85000.0,0.0,1,0,0.0,1,1,1,0.0,0.0,1.0,0.0,0.0002996754737897487,-0.0,1.0100033668708282e-05,0.0,False,0.042,0.167,0.538,0.375,0.367,0.28263795423956933,False,,False,0.0
100000008571433100,peripheral,0.7,39,0.2949,seed: отправил 1.4 млн ₸ 2 получателям; для консолидации/рассылки мало связей,,0,True,2,2,350000.0,1434000.0,2,3,4.097142857142857,0,0,0,1.0,0.7419804741980475,1.0,2.0,0.0016264807087207852,-2.0114302494018087e-19,1.6881864774953183e-19,9.90734256935437e-07,False,0.035,0.0,0.962,0.976,0.755,0.8716913414087034,False,,False,0.0
100000003289281100,peripheral,0.75,3,0.294,"4 колено (исходящие не выгружены): разовое поступление 40 тыс ₸ от 1 плательщика, P(пересылает)=0.27 — признаков роли нет",truncated_small,4,False,1,0,40000.0,0.0,1,0,0.0,0,0,7,0.2674059137913075,0.0,1.0,0.0,0.0005967179150727075,-0.0,-3.578206733560603e-19,0.0,True,0.038,0.0,0.371,0.88,0.367,0.17519066846119336,False,,False,0.0
100000008601794100,peripheral,0.7,41,0.2935,seed: отправил 871 тыс ₸ 1 получателям; для консолидации/рассылки мало связей,,0,True,2,1,494400.0,871400.0,8,13,1.7625404530744337,0,0,0,1.0,0.23112233187973377,1.0,2.0,0.0023677797580180984,-1.5279473151922105e-19,9.391273418357899e-20,3.962937027741748e-07,False,0.035,0.0,0.946,0.992,0.742,0.7882458501570211,False,,False,0.25
100000002611334100,peripheral,0.7,0,0.2934,"слабые связи: 1 вход / 1 выход, 48 тыс ₸ → 16 тыс ₸, без устойчивого паттерна",,3,False,1,1,48288.0,15500.0,1,1,0.3209907223326706,0,0,7,1.0,0.0,1.0,0.0,0.00030533803078063905,2.8245564061142965e-20,0.0006428156846267583,1.922024458454748e-05,False,0.035,0.0,0.483,0.437,0.81,0.3122476446837147,False,,False,0.0
100000007357489100,peripheral,0.543,1,0.2933,"4 колено, обход оборван: исходящие не видны, P(пересылает)=0.36 — роль не определить, получил 164 тыс ₸",truncated_unknown,4,False,2,0,164500.0,0.0,2,0,0.0,0,0,8,0.3577126146367532,0.0,2.0,0.0,0.00031295949170801515,-0.0,1.6071079325031018e-06,0.0,True,0.027,0.0,0.672,0.496,0.367,0.971736204576043,True,максимум плательщиков за день выше среднего своего колена на 6.6 σ,False,0.0
100000003582677100,peripheral,0.7,0,0.2933,"слабые связи: 2 вход / 4 выход, 30 тыс ₸ → 56 тыс ₸, без устойчивого паттерна",,3,False,2,4,29756.989999999998,56000.0,2,5,1.881910771217116,0,0,7,1.0,0.0,1.0,31.0,0.0002932927091390007,0.0012625439148074196,0.0022472274827625106,0.00017888146244571468,False,0.035,0.0,0.54,0.264,0.954,0.9632122027815164,False,,False,0.5
100000008659445100,peripheral,0.7,32,0.2921,seed: отправил 875 тыс ₸ 4 получателям; для консолидации/рассылки мало связей,,0,True,3,4,138490.0,875150.0,7,18,6.319228825185934,0,0,0,1.0,0.5178540821573444,2.0,11.0,0.0024238038911821155,-6.772111035428074e-19,-1.8103323467582932e-18,9.90734256935437e-07,False,0.035,0.0,0.929,0.994,0.755,0.917900403768506,False,,False,0.2857142857142857
100000003568904100,peripheral,0.75,0,0.292,"4 колено (исходящие не выгружены): разовое поступление 49 тыс ₸ от 1 плательщика, P(пересылает)=0.26 — признаков роли нет",truncated_small,4,False,1,0,49000.0,0.0,1,0,0.0,0,0,7,0.26368815520268557,0.0,1.0,0.0,0.0005317310119569377,-0.0,-7.22906763434693e-19,0.0,True,0.038,0.0,0.417,0.806,0.367,0.20098698968147152,False,,False,0.0
100000002217806100,peripheral,0.75,2,0.292,"4 колено (исходящие не выгружены): разовое поступление 55 тыс ₸ от 1 плательщика, P(пересылает)=0.40 — признаков роли нет",truncated_small,4,False,1,0,55000.0,0.0,2,0,0.0,0,0,7,0.40343294719581096,0.0,1.0,0.0,0.00046376017332721377,-0.0,2.7421717967102124e-19,0.0,True,0.038,0.0,0.46,0.75,0.367,0.15836698070883803,False,,False,0.5
100000004792397100,peripheral,0.85,4,0.2919,"мелкий получатель: разовое поступление 74 тыс ₸ от 1 плательщика, исходящих в выборке не наблюдается — признаков роли нет",small_receiver,1,False,1,0,73520.0,0.0,1,0,0.0,1,1,1,0.0,0.0,1.0,0.0,0.0003010002810421788,-0.0,-1.6434871352799926e-17,0.0,False,0.042,0.167,0.509,0.396,0.367,0.18506056527590847,False,,False,0.0
100000004321983100,peripheral,0.7,12,0.2917,"слабые связи: 1 вход / 2 выход, 11 тыс ₸ → 36 тыс ₸, без устойчивого паттерна",,3,False,1,2,10840.0,36200.0,1,3,3.339483394833948,0,0,1,1.0,0.0,1.0,1.0,0.00032378139516947633,3.740741064605434e-20,-4.570639321224167e-19,1.387027959709612e-06,False,0.035,0.0,0.408,0.558,0.764,0.7317182593091073,False,,False,0.0
100000006030946100,peripheral,0.85,4,0.2916,"мелкий получатель: разовое поступление 73 тыс ₸ от 1 плательщика, исходящих в выборке не наблюдается — признаков роли нет",small_receiver,1,False,1,0,73289.0,0.0,1,0,0.0,1,1,1,0.0,0.0,1.0,0.0,0.00030095179684799285,-0.0,-1.6434871352799926e-17,0.0,False,0.042,0.167,0.508,0.395,0.367,0.18506056527590847,False,,False,0.0
100000002971593100,peripheral,0.75,5,0.2909,"4 колено (исходящие не выгружены): разовое поступление 49 тыс ₸ от 1 плательщика, P(пересылает)=0.26 — признаков роли нет",truncated_small,4,False,1,0,49050.0,0.0,1,0,0.0,0,0,7,0.26446628063612054,0.0,1.0,0.0,0.0005303801543957137,-0.0,-1.688495239385108e-19,0.0,True,0.038,0.0,0.418,0.799,0.367,0.20098698968147152,False,,False,0.0
100000004360785100,peripheral,0.85,2,0.2907,"мелкий получатель: разовое поступление 95 тыс ₸ от 1 плательщика, исходящих в выборке не наблюдается — признаков роли нет",small_receiver,1,False,1,0,94705.0,0.0,1,0,0.0,1,1,7,0.0,0.0,1.0,0.0,0.0002957517914765318,-0.0,0.00029524161332082757,0.0,False,0.042,0.167,0.564,0.316,0.367,0.3333333333333333,False,,False,0.0
100000005602999100,peripheral,0.7,29,0.2905,"слабые связи: 1 вход / 2 выход, 5 тыс ₸ → 16 тыс ₸, без устойчивого паттерна",,2,False,1,2,5000.0,16000.0,1,3,3.2,0,1,8,1.0,0.6875,1.0,1.0,0.0003048459777394537,5.3540689468430576e-05,1.7924021490958713e-19,4.200713249406253e-05,False,0.035,0.167,0.222,0.433,0.895,0.9062359802602064,False,,False,1.0
100000005932987100,peripheral,0.85,17,0.29,"мелкий получатель: разовое поступление 25 тыс ₸ от 1 плательщика, исходящих в выборке не наблюдается — признаков роли нет",small_receiver,2,False,1,0,25000.0,0.0,3,0,0.0,0,1,7,0.0,0.0,1.0,0.0,0.0004118086245499573,-0.0,3.649590229540043e-09,0.0,False,0.042,0.167,0.26,0.716,0.367,0.5437415881561238,False,,False,0.3333333333333333
100000003188607100,peripheral,0.7,13,0.29,"слабые связи: 1 вход / 1 выход, 18 тыс ₸ → 5 тыс ₸, без устойчивого паттерна",,2,False,1,1,18000.0,5000.0,1,1,0.2777777777777778,0,1,1,1.0,0.0,1.0,0.0,0.00031476256147089675,4.503952469839683e-20,4.205995741545794e-20,5.944405541612623e-07,False,0.035,0.167,0.235,0.512,0.748,0.5231045311799013,False,,False,0.0
100000004652395100,peripheral,0.505,0,0.2899,"4 колено, обход оборван: исходящие не видны, P(пересылает)=0.52 — роль не определить, получил 102 тыс ₸",truncated_unknown,4,False,3,0,101528.0,0.0,5,0,0.0,0,0,7,0.5166409586666758,0.0,3.0,0.0,0.0003357067098927743,-0.0,0.0001702215024435195,0.0,True,0.025,0.0,0.588,0.592,0.367,0.9919246298788694,True,максимум плательщиков за день выше среднего своего колена на 13.3 σ,False,0.2
100000000967918100,peripheral,0.85,0,0.2898,"мелкий получатель: разовое поступление 21 тыс ₸ от 1 плательщика, исходящих в выборке не наблюдается — признаков роли нет",small_receiver,2,False,1,0,21200.0,0.0,3,0,0.0,0,1,7,0.0,0.0,1.0,0.0,0.00047927096158051656,-0.0,-6.38587328139942e-19,0.0,False,0.042,0.167,0.225,0.762,0.367,0.5549573799910273,False,,False,1.0
100000000795033100,peripheral,0.85,0,0.2897,"мелкий получатель: разовое поступление 18 тыс ₸ от 1 плательщика, исходящих в выборке не наблюдается — признаков роли нет",small_receiver,2,False,1,0,18200.0,0.0,1,0,0.0,0,1,7,0.0,0.0,1.0,0.0,0.0005330176535576364,-0.0,-4.448371362075252e-19,0.0,False,0.042,0.167,0.187,0.813,0.367,0.3813369223867205,False,,False,0.0
100000000580561100,peripheral,0.7,33,0.2896,seed: отправил 1.5 млн ₸ 3 получателям; для консолидации/рассылки мало связей,,0,True,2,3,27980.0,1488077.0,3,13,53.183595425303785,0,0,0,1.0,0.5712070007130008,1.0,2.0,0.0008349888856684632,8.47534562463546e-20,-1.3504277143721683e-18,1.1888811083225246e-06,False,0.035,0.0,0.954,0.933,0.76,0.8160610139075819,False,,False,0.6666666666666666
100000001852140100,peripheral,0.85,42,0.2895,"мелкий получатель: разовое поступление 30 тыс ₸ от 1 плательщика, исходящих в выборке не наблюдается — признаков роли нет",small_receiver,3,False,1,0,30000.0,0.0,1,0,0.0,0,0,1,0.0,0.0,1.0,0.0,0.0008047208113868999,-0.0,-7.959943423955403e-20,0.0,False,0.042,0.0,0.308,0.927,0.367,0.04329295648272768,False,,False,0.0
100000006257675100,peripheral,0.75,10,0.2892,"4 колено (исходящие не выгружены): разовое поступление 70 тыс ₸ от 1 плательщика, P(пересылает)=0.32 — признаков роли нет",truncated_small,4,False,1,0,70000.0,0.0,2,0,0.0,0,0,7,0.31699947520024463,0.0,1.0,0.0,0.00038264801720809164,-0.0,-2.1053987670743375e-18,0.0,True,0.038,0.0,0.5,0.68,0.367,0.17653656348138178,False,,False,0.0
100000008474308100,peripheral,0.7,11,0.2892,"слабые связи: 1 вход / 1 выход, 14 тыс ₸ → 10 тыс ₸, без устойчивого паттерна",,2,False,1,1,14000.0,10000.0,2,1,0.7142857142857143,0,1,7,1.0,0.0,1.0,1.0,0.00044502203600991423,0.0009231328385008329,4.47563445028996e-06,0.0,False,0.035,0.167,0.248,0.743,0.367,0.6819201435621355,False,,False,1.0
100000004806903100,peripheral,0.85,5,0.2892,"мелкий получатель: разовое поступление 18 тыс ₸ от 1 плательщика, исходящих в выборке не наблюдается — признаков роли нет",small_receiver,2,False,1,0,18000.0,0.0,1,0,0.0,0,1,10,0.0,0.0,1.0,0.0,0.000533538904999333,-0.0,2.0500897753674151e-19,0.0,False,0.042,0.167,0.183,0.815,0.367,0.39210408254822793,False,,False,0.0
100000002505277100,peripheral,0.75,0,0.289,"4 колено (исходящие не выгружены): разовое поступление 60 тыс ₸ от 1 плательщика, P(пересылает)=0.26 — признаков роли нет",truncated_small,4,False,1,0,60000.0,0.0,1,0,0.0,0,0,7,0.26006485022424725,0.0,1.0,0.0,0.0004076531172154499,-0.0,1.7720301715311253e-19,0.0,True,0.038,0.0,0.475,0.713,0.367,0.27545984746523106,False,,False,0.0
100000001733216100,peripheral,0.75,0,0.289,"4 колено (исходящие не выгружены): разовое поступление 60 тыс ₸ от 1 плательщика, P(пересылает)=0.32 — признаков роли нет",truncated_small,4,False,1,0,60000.0,0.0,2,0,0.0,0,0,7,0.32038563204136417,0.0,1.0,0.0,0.0004076531172154499,-0.0,1.7720301715311253e-19,0.0,True,0.038,0.0,0.475,0.713,0.367,0.1731718259309107,False,,False,0.0
100000003061115100,peripheral,0.75,3,0.2887,"4 колено (исходящие не выгружены): разовое поступление 45 тыс ₸ от 1 плательщика, P(пересылает)=0.27 — признаков роли нет",truncated_small,4,False,1,0,45000.0,0.0,1,0,0.0,0,0,7,0.26579768001587467,0.0,1.0,0.0,0.0005339039923107192,-0.0,-8.362595103409327e-19,0.0,True,0.038,0.0,0.395,0.817,0.367,0.19066846119336026,False,,False,0.0
100000008701256100,peripheral,0.85,3,0.2879,"мелкий получатель: разовое поступление 58 тыс ₸ от 1 плательщика, исходящих в выборке не наблюдается — признаков роли нет",small_receiver,2,False,1,0,58250.0,0.0,1,0,0.0,0,1,7,0.0,0.0,1.0,0.0,0.00030374263490071714,-0.0,4.8405840672797565e-05,0.0,False,0.042,0.167,0.468,0.427,0.367,0.2548227904890085,False,,False,0.0
100000003016773100,peripheral,0.85,1,0.2878,"мелкий получатель: разовое поступление 47 тыс ₸ от 1 плательщика, исходящих в выборке не наблюдается — признаков роли нет",small_receiver,2,False,1,0,46555.0,0.0,1,0,0.0,0,1,9,0.0,0.0,1.0,0.0,0.0003147956646990744,-0.0,2.2952506535730118e-06,0.0,False,0.042,0.167,0.403,0.513,0.367,0.18752803947958727,False,,False,0.0
100000005877725100,peripheral,0.85,4,0.2878,"мелкий получатель: разовое поступление 70 тыс ₸ от 1 плательщика, исходящих в выборке не наблюдается — признаков роли нет",small_receiver,1,False,1,0,70000.0,0.0,1,0,0.0,1,1,1,0.0,0.0,1.0,0.0,0.00030026147427363134,-0.0,-1.6434871352799926e-17,0.0,False,0.042,0.167,0.5,0.384,0.367,0.16240466576940332,False,,False,0.0
100000004467157100,peripheral,0.7,17,0.2877,"слабые связи: 1 вход / 1 выход, 20 тыс ₸ → 7 тыс ₸, без устойчивого паттерна",,2,False,1,1,20000.0,7000.0,3,1,0.35,0,1,7,1.0,0.0,1.0,1.0,0.0003865607584834239,0.0009306950229767234,3.649590229540043e-09,0.0,False,0.035,0.167,0.285,0.685,0.367,0.6801256168685509,False,,False,0.6666666666666666
100000008728457100,peripheral,0.85,6,0.2872,"мелкий получатель: разовое поступление 45 тыс ₸ от 1 плательщика, исходящих в выборке не наблюдается — признаков роли нет",small_receiver,1,False,1,0,45000.0,0.0,1,0,0.0,1,2,8,0.0,0.0,1.0,0.0,0.0002923944521197351,-0.0,0.00012279960625588972,0.0,False,0.042,0.333,0.395,0.243,0.367,0.12427097353073127,False,,False,0.0
100000008237827100,peripheral,0.85,6,0.2871,"мелкий получатель: разовое поступление 40 тыс ₸ от 1 плательщика, исходящих в выборке не наблюдается — признаков роли нет",small_receiver,1,False,1,0,40001.0,0.0,1,0,0.0,1,2,10,0.0,0.0,1.0,0.0,0.0002935789518042098,-0.0,0.0004611679650745722,0.0,False,0.042,0.333,0.373,0.271,0.367,0.13840287124270972,False,,False,0.0
100000002488629100,peripheral,0.85,12,0.287,"мелкий получатель: разовое поступление 73 тыс ₸ от 1 плательщика, исходящих в выборке не наблюдается — признаков роли нет",small_receiver,2,False,1,0,73050.0,0.0,1,0,0.0,0,1,1,0.0,0.0,1.0,0.0,0.0002994145168825342,-0.0,2.8721412970847028e-05,0.0,False,0.042,0.167,0.507,0.37,0.367,0.3292956482727681,False,,False,0.0
100000005142589100,peripheral,0.85,0,0.287,"мелкий получатель: разовое поступление 50 тыс ₸ от 1 плательщика, исходящих в выборке не наблюдается — признаков роли нет",small_receiver,2,False,1,0,50000.0,0.0,2,0,0.0,0,1,7,0.0,0.0,1.0,0.0,0.0003103697710860747,-0.0,5.3468518387992306e-05,0.0,False,0.042,0.167,0.428,0.475,0.367,0.26850605652759085,False,,False,0.0
100000007747786100,distributor,0.784,13,0.2864,"веерная рассылка: 31 получателям, 35 переводов на 4.2 млн ₸ (seed: входящие извне выборки не видны)",,0,True,0,31,0.0,4238009.4,0,35,,0,0,0,1.0,0.0,0.0,0.0,0.0002855692942172902,0.00023295930000684866,-0.0,0.0,False,0.588,0.0,0.99,0.01,0.367,0.9004037685060565,False,,False,0.0
100000004509286100,peripheral,0.85,6,0.2863,"мелкий получатель: разовое поступление 40 тыс ₸ от 1 плательщика, исходящих в выборке не наблюдается — признаков роли нет",small_receiver,1,False,1,0,40000.0,0.0,1,0,0.0,1,2,10,0.0,0.0,1.0,0.0,0.00029357875156777607,-0.0,0.0004611679650745722,0.0,False,0.042,0.333,0.371,0.271,0.367,0.13840287124270972,False,,False,0.0
100000003877908100,peripheral,0.85,6,0.2863,"мелкий получатель: разовое поступление 40 тыс ₸ от 1 плательщика, исходящих в выборке не наблюдается — признаков роли нет",small_receiver,1,False,1,0,40000.0,0.0,1,0,0.0,1,2,10,0.0,0.0,1.0,0.0,0.00029357875156777607,-0.0,0.0004611679650745722,0.0,False,0.042,0.333,0.371,0.271,0.367,0.13840287124270972,False,,False,0.0
100000003192309100,peripheral,0.7,7,0.2859,"слабые связи: 1 вход / 1 выход, 17 тыс ₸ → 213 тыс ₸, без устойчивого паттерна",,3,False,1,1,17200.0,213000.0,1,1,12.383720930232558,0,0,1,1.0,0.0,1.0,0.0,0.00028825383201923533,-2.302812711432152e-19,-1.528429321286511e-17,1.387027959709612e-06,False,0.035,0.0,0.733,0.091,0.764,0.5455361148497084,False,,False,0.0
100000002613929100,peripheral,0.85,13,0.2858,"мелкий получатель: разовое поступление 29 тыс ₸ от 1 плательщика, исходящих в выборке не наблюдается — признаков роли нет",small_receiver,3,False,1,0,28560.0,0.0,1,0,0.0,0,0,8,0.0,0.0,1.0,0.0,0.0007809340979896397,-0.0,-3.5736637898098296e-19,0.0,False,0.042,0.0,0.294,0.925,0.367,0.04688200986989682,False,,False,0.0
100000000611474100,peripheral,0.85,20,0.2857,"мелкий получатель: разовое поступление 32 тыс ₸ от 1 плательщика, исходящих в выборке не наблюдается — признаков роли нет",small_receiver,3,False,1,0,32000.0,0.0,1,0,0.0,0,0,7,0.0,0.0,1.0,0.0,0.0005956216679555992,-0.0,8.111807773897994e-19,0.0,False,0.042,0.0,0.328,0.879,0.367,0.03297442799461642,False,,False,0.0
100000008205937100,peripheral,0.85,28,0.2857,"мелкий получатель: разовое поступление 35 тыс ₸ от 1 плательщика, исходящих в выборке не наблюдается — признаков роли нет",small_receiver,2,False,1,0,35000.0,0.0,3,0,0.0,0,1,10,0.0,0.0,1.0,0.0,0.0003316470643421718,-0.0,4.876477815530408e-08,0.0,False,0.042,0.167,0.344,0.581,0.367,0.414535666218035,False,,False,0.3333333333333333
100000007153161100,peripheral,0.75,0,0.2856,"4 колено (исходящие не выгружены): разовое поступление 45 тыс ₸ от 1 плательщика, P(пересылает)=0.27 — признаков роли нет",truncated_small,4,False,1,0,44997.0,0.0,1,0,0.0,0,0,7,0.2660130208900611,0.0,1.0,0.0,0.0005309451743246825,-0.0,3.914320732636583e-19,0.0,True,0.038,0.0,0.392,0.803,0.367,0.19066846119336026,False,,False,0.0
100000002516862100,peripheral,0.75,0,0.2856,"4 колено (исходящие не выгружены): разовое поступление 82 тыс ₸ от 1 плательщика, P(пересылает)=0.56 — признаков роли нет",truncated_small,4,False,1,0,81710.0,0.0,5,0,0.0,0,0,7,0.5607637605577693,0.0,1.0,0.0,0.0003494397060975879,-0.0,2.370696307907976e-19,0.0,True,0.038,0.0,0.526,0.625,0.367,0.33692238672050245,False,,False,0.4
100000001220124100,peripheral,0.75,0,0.2853,"4 колено (исходящие не выгружены): разовое поступление 40 тыс ₸ от 1 плательщика, P(пересылает)=0.27 — признаков роли нет",truncated_small,4,False,1,0,40000.0,0.0,1,0,0.0,0,0,7,0.26794311977207996,0.0,1.0,0.0,0.000539556585195879,-0.0,-4.1944761345888996e-19,0.0,True,0.038,0.0,0.371,0.831,0.367,0.17519066846119336,False,,False,0.0
100000003207060100,peripheral,0.75,3,0.2853,"4 колено (исходящие не выгружены): разовое поступление 53 тыс ₸ от 1 плательщика, P(пересылает)=0.26 — признаков роли нет",truncated_small,4,False,1,0,53000.0,0.0,1,0,0.0,0,0,7,0.26267897211930585,0.0,1.0,0.0,0.0004274431125866961,-0.0,5.047307666243152e-07,0.0,True,0.038,0.0,0.449,0.726,0.367,0.25953342305966803,False,,False,0.0
100000001252290100,peripheral,0.7,5,0.2852,"слабые связи: 1 вход / 1 выход, 141 тыс ₸ → 5 тыс ₸, без устойчивого паттерна",,3,False,1,1,141005.0,5000.0,1,1,0.03545973547037339,0,0,7,1.0,0.0,1.0,0.0,0.0002901391498076063,-1.7356908361359918e-19,0.002940174080170154,1.922024458454748e-05,False,0.035,0.0,0.644,0.174,0.81,0.4692687303723643,False,,False,0.0
100000000955529100,peripheral,0.7,6,0.2849,"слабые связи: 1 вход / 1 выход, 27 тыс ₸ → 64 тыс ₸, без устойчивого паттерна",,3,False,1,1,27000.0,63500.0,1,1,2.3518518518518516,0,0,7,1.0,0.0,1.0,0.0,0.0002956290149139559,0.00019785422123072292,6.407022407315355e-07,3.368496473580486e-06,False,0.035,0.0,0.554,0.314,0.779,0.38941229250785103,False,,False,0.0
100000004622227100,peripheral,0.7,0,0.2848,"слабые связи: 1 вход / 3 выход, 25 тыс ₸ → 19 тыс ₸, без устойчивого паттерна",,1,False,1,3,24931.0,19000.0,1,3,0.762103405398901,1,1,7,1.0,0.0,1.0,0.0,0.00029024765677959657,0.00034393568930459617,0.002151681626890832,4.7841827440806e-05,False,0.035,0.167,0.386,0.178,0.9,0.636159712875729,False,,False,0.0
100000008349675100,peripheral,0.7,13,0.2839,"слабые связи: 1 вход / 1 выход, 47 тыс ₸ → 37 тыс ₸, без устойчивого паттерна",,1,False,1,1,46520.0,36650.0,1,2,0.7878331900257953,1,1,1,1.0,0.504774897680764,1.0,0.0,0.0002882368551639772,3.089122001527195e-19,4.3414150090401995e-06,1.981468513870874e-07,False,0.035,0.167,0.532,0.089,0.736,0.6693584567070435,False,,False,0.0
100000000470237100,peripheral,0.75,17,0.2839,"4 колено (исходящие не выгружены): разовое поступление 32 тыс ₸ от 1 плательщика, P(пересылает)=0.27 — признаков роли нет",truncated_small,4,False,1,0,32500.0,0.0,1,0,0.0,0,0,7,0.2714165779310171,0.0,1.0,0.0,0.000584633394176411,-0.0,-4.6722910241393456e-20,0.0,True,0.038,0.0,0.331,0.875,0.367,0.18685509196949304,False,,False,0.0
100000002606567100,peripheral,0.7,0,0.2838,"слабые связи: 1 вход / 1 выход, 14 тыс ₸ → 53 тыс ₸, без устойчивого паттерна",,1,False,1,1,14095.0,53000.0,1,1,3.7601986520042567,1,1,7,1.0,0.0,1.0,0.0,0.0002882142551220156,-4.124570893725832e-19,0.002151681626890832,1.922024458454748e-05,False,0.035,0.167,0.495,0.087,0.81,0.6406460296096904,False,,False,0.0
100000007749747100,peripheral,0.75,1,0.2833,"4 колено (исходящие не выгружены): разовое поступление 50 тыс ₸ от 1 плательщика, P(пересылает)=0.26 — признаков роли нет",truncated_small,4,False,1,0,50000.0,0.0,1,0,0.0,0,0,8,0.26343703580758704,0.0,1.0,0.0,0.0004436219671018509,-0.0,-4.914944276636843e-19,0.0,True,0.038,0.0,0.428,0.742,0.367,0.2148945715567519,False,,False,0.0
100000008141170100,peripheral,0.85,2,0.2828,"мелкий получатель: разовое поступление 11 тыс ₸ от 1 плательщика, исходящих в выборке не наблюдается — признаков роли нет",small_receiver,2,False,1,0,11000.0,0.0,1,0,0.0,0,1,7,0.0,0.0,1.0,0.0,0.0006219001408928689,-0.0,-3.0918706963981796e-19,0.0,False,0.042,0.167,0.098,0.891,0.367,0.5331987438313145,False,,False,0.0
100000002208836100,peripheral,0.75,5,0.2828,"4 колено (исходящие не выгружены): разовое поступление 90 тыс ₸ от 1 плательщика, P(пересылает)=0.25 — признаков роли нет",truncated_small,4,False,1,0,90000.0,0.0,1,0,0.0,0,0,7,0.25079038402636833,0.0,1.0,0.0,0.000329818544919523,-0.0,-2.4315961933569107e-19,0.0,True,0.038,0.0,0.551,0.575,0.367,0.33288470165993717,False,,False,0.0
100000002592567100,peripheral,0.7,2,0.2825,"слабые связи: 1 вход / 2 выход, 5 тыс ₸ → 49 тыс ₸, без устойчивого паттерна",,1,False,1,2,5297.0,48600.0,1,2,9.175004719652634,1,1,7,1.0,0.0,1.0,0.0,0.00028613881734682083,1.4085735220145036e-06,0.00029524161332082757,0.0007202476857029619,False,0.035,0.167,0.453,0.023,0.979,0.8838043965903993,False,,False,1.0
100000007274584100,peripheral,0.85,6,0.2824,"мелкий получатель: разовое поступление 38 тыс ₸ от 1 плательщика, исходящих в выборке не наблюдается — признаков роли нет",small_receiver,1,False,1,0,38000.0,0.0,1,0,0.0,1,2,10,0.0,0.0,1.0,0.0,0.0002931782787002518,-0.0,0.0004611679650745722,0.0,False,0.042,0.333,0.361,0.261,0.367,0.14490803050695378,False,,False,0.0
100000004225615100,peripheral,0.85,1,0.282,"мелкий получатель: разовое поступление 90 тыс ₸ от 1 плательщика, исходящих в выборке не наблюдается — признаков роли нет",small_receiver,2,False,1,0,90000.0,0.0,2,0,0.0,0,1,1,0.0,0.0,1.0,0.0,0.0002940382625762377,-0.0,5.012796367303085e-07,0.0,False,0.042,0.167,0.551,0.282,0.367,0.26648721399730824,False,,False,0.0
100000002695812100,peripheral,0.75,8,0.282,"4 колено (исходящие не выгружены): разовое поступление 95 тыс ₸ от 1 плательщика, P(пересылает)=0.25 — признаков роли нет",truncated_small,4,False,1,0,95000.0,0.0,1,0,0.0,0,0,7,0.2501388818396737,0.0,1.0,0.0,0.0003211305504711181,-0.0,2.7582739710935802e-06,0.0,True,0.038,0.0,0.567,0.55,0.367,0.3443248093315388,False,,False,0.0
100000008308418100,peripheral,0.75,0,0.2817,"4 колено (исходящие не выгружены): разовое поступление 50 тыс ₸ от 1 плательщика, P(пересылает)=0.26 — признаков роли нет",truncated_small,4,False,1,0,50000.0,0.0,1,0,0.0,0,0,7,0.26402238990285554,0.0,1.0,0.0,0.000431599331466298,-0.0,-1.3687790628933656e-19,0.0,True,0.038,0.0,0.428,0.732,0.367,0.2148945715567519,False,,False,0.0
100000004674412100,peripheral,0.75,0,0.2814,"4 колено (исходящие не выгружены): разовое поступление 46 тыс ₸ от 1 плательщика, P(пересылает)=0.26 — признаков роли нет",truncated_small,4,False,1,0,46000.0,0.0,1,0,0.0,0,0,8,0.2642283308729266,0.0,1.0,0.0,0.0004893678200951688,-0.0,-5.550712965849135e-19,0.0,True,0.038,0.0,0.4,0.769,0.367,0.2104082548227905,False,,False,0.0
100000001276409100,peripheral,0.75,8,0.2813,"4 колено (исходящие не выгружены): разовое поступление 95 тыс ₸ от 1 плательщика, P(пересылает)=0.25 — признаков роли нет",truncated_small,4,False,1,0,94760.0,0.0,1,0,0.0,0,0,7,0.2506515549339132,0.0,1.0,0.0,0.0003210407115079505,-0.0,2.7582739710935802e-06,0.0,True,0.038,0.0,0.565,0.548,0.367,0.3443248093315388,False,,False,0.0
100000004549591100,peripheral,0.75,2,0.2809,"4 колено (исходящие не выгружены): разовое поступление 49 тыс ₸ от 1 плательщика, P(пересылает)=0.26 — признаков роли нет",truncated_small,4,False,1,0,49000.0,0.0,1,0,0.0,0,0,7,0.2635285602884589,0.0,1.0,0.0,0.0004443211683334039,-0.0,2.7421717967102124e-19,0.0,True,0.038,0.0,0.417,0.742,0.367,0.20098698968147152,False,,False,0.0
100000001641789100,peripheral,0.85,12,0.2805,"мелкий получатель: разовое поступление 18 тыс ₸ от 1 плательщика, исходящих в выборке не наблюдается — признаков роли нет",small_receiver,1,False,1,0,17826.0,0.0,1,0,0.0,1,1,11,0.0,0.0,1.0,0.0,0.0004895828148678119,-0.0,4.07574896762488e-07,0.0,False,0.042,0.167,0.18,0.769,0.367,0.4499775684163302,False,,False,0.0
100000006008169100,peripheral,0.85,11,0.2801,"мелкий получатель: разовое поступление 70 тыс ₸ от 1 плательщика, исходящих в выборке не наблюдается — признаков роли нет",small_receiver,1,False,1,0,70000.0,0.0,1,0,0.0,1,1,1,0.0,0.0,1.0,0.0,0.00029718614798284425,-0.0,1.0100033668708282e-05,0.0,False,0.042,0.167,0.5,0.339,0.367,0.16240466576940332,False,,False,0.0
100000005567828100,peripheral,0.75,8,0.28,"4 колено (исходящие не выгружены): разовое поступление 94 тыс ₸ от 1 плательщика, P(пересылает)=0.25 — признаков роли нет",truncated_small,4,False,1,0,94000.0,0.0,1,0,0.0,0,0,7,0.2499869772459778,0.0,1.0,0.0,0.00032075622145791993,-0.0,2.7582739710935802e-06,0.0,True,0.038,0.0,0.561,0.546,0.367,0.34679228353521757,False,,False,0.0
100000004007116100,peripheral,0.7,21,0.2794,seed: отправил 148 тыс ₸ 4 получателям; для консолидации/рассылки мало связей,,0,True,3,4,764704.0,148000.0,24,6,0.19353893794200108,0,0,0,1.0,0.9324324324324325,1.0,16.0,0.0006277769573248414,4.569229587507291e-18,3.0065291614750243e-18,3.962937027741748e-07,False,0.035,0.0,0.92,0.893,0.742,0.9327052489905787,False,,False,0.125
100000004596284100,peripheral,0.75,2,0.2792,"4 колено (исходящие не выгружены): разовое поступление 30 тыс ₸ от 1 плательщика, P(пересылает)=0.27 — признаков роли нет",truncated_small,4,False,1,0,30000.0,0.0,1,0,0.0,0,0,7,0.27411235261149336,0.0,1.0,0.0,0.0005914888430857128,-0.0,2.6368197688261463e-19,0.0,True,0.038,0.0,0.308,0.878,0.367,0.20838941229250785,False,,False,0.0
100000003066385100,terminal,0.843,0,0.2788,"получил 20 тыс ₸ от 2 плательщ.; исходящих ≥5 тыс ₸ в выборке не наблюдается (колено 1, исходящие выгружены)",observed_sink,1,False,2,0,20000.0,0.0,2,0,0.0,1,1,7,0.0,0.0,1.0,0.0,0.00029153974169365615,-0.0,0.00279449731151759,0.0,False,0.295,0.167,0.205,0.221,0.367,0.6747420367877972,False,,False,0.0
100000004687099100,peripheral,0.85,13,0.2788,"мелкий получатель: разовое поступление 30 тыс ₸ от 1 плательщика, исходящих в выборке не наблюдается — признаков роли нет",small_receiver,2,False,1,0,30000.0,0.0,1,0,0.0,0,1,1,0.0,0.0,1.0,0.0,0.00033422473963996775,-0.0,4.205995741545794e-20,0.0,False,0.042,0.167,0.308,0.588,0.367,0.23396141767608794,False,,False,0.0
100000003567087100,peripheral,0.85,4,0.2786,"мелкий получатель: разовое поступление 62 тыс ₸ от 1 плательщика, исходящих в выборке не наблюдается — признаков роли нет",small_receiver,1,False,1,0,62115.0,0.0,1,0,0.0,1,1,1,0.0,0.0,1.0,0.0,0.0002986065051344278,-0.0,-1.6434871352799926e-17,0.0,False,0.042,0.167,0.482,0.355,0.367,0.15477792732166892,False,,False,0.0
100000006756956100,peripheral,0.575,0,0.2786,"4 колено, обход оборван: исходящие не видны, P(пересылает)=0.75 — роль не определить, получил 121 тыс ₸",truncated_unknown,4,False,1,0,121200.0,0.0,9,0,0.0,0,0,7,0.7484992919000192,0.0,1.0,0.0,0.00031094703412755777,-0.0,9.170991618779452e-05,0.0,True,0.029,0.0,0.618,0.48,0.367,0.4127411395244504,False,,False,0.6666666666666666
100000002511825100,peripheral,0.85,0,0.2784,"мелкий получатель: разовое поступление 65 тыс ₸ от 1 плательщика, исходящих в выборке не наблюдается — признаков роли нет",small_receiver,1,False,1,0,65000.0,0.0,1,0,0.0,1,1,7,0.0,0.0,1.0,0.0,0.0002977667017240053,-0.0,0.002151681626890832,0.0,False,0.042,0.167,0.488,0.347,0.367,0.1556751906684612,False,,False,0.0
100000008680731100,distributor,0.763,11,0.2777,"веерная рассылка: 27 получателям, 28 переводов на 1.5 млн ₸ (seed: входящие извне выборки не видны)",,0,True,0,27,0.0,1464354.0,0,28,,0,0,0,1.0,0.0,0.0,0.0,0.0002855692942172902,0.0005419654118780498,-0.0,0.0,False,0.572,0.0,0.952,0.01,0.367,0.8855989232839838,False,,False,0.0
100000008638859100,peripheral,0.75,0,0.2777,"4 колено (исходящие не выгружены): разовое поступление 34 тыс ₸ от 1 плательщика, P(пересылает)=0.27 — признаков роли нет",truncated_small,4,False,1,0,34000.0,0.0,1,0,0.0,0,0,9,0.27199988840868017,0.0,1.0,0.0,0.000539648613146656,-0.0,3.553646270048931e-05,0.0,True,0.038,0.0,0.337,0.831,0.367,0.1832660385823239,False,,False,0.0
100000007793871100,peripheral,0.85,9,0.2777,"мелкий получатель: разовое поступление 26 тыс ₸ от 1 плательщика, исходящих в выборке не наблюдается — признаков роли нет",small_receiver,3,False,1,0,26000.0,0.0,3,0,0.0,0,0,8,0.0,0.0,1.0,0.0,0.0006872267875117596,-0.0,9.84580304620191e-19,0.0,False,0.042,0.0,0.271,0.909,0.367,0.3306415432929565,False,,False,0.3333333333333333
100000002489253100,peripheral,0.85,2,0.2774,"мелкий получатель: разовое поступление 51 тыс ₸ от 1 плательщика, исходящих в выборке не наблюдается — признаков роли нет",small_receiver,2,False,1,0,51000.0,0.0,1,0,0.0,0,1,7,0.0,0.0,1.0,0.0,0.0003018444912491921,-0.0,1.8799731546374494e-07,0.0,False,0.042,0.167,0.439,0.406,0.367,0.21287572902646926,False,,False,0.0
100000003977183100,peripheral,0.7,12,0.2773,seed: отправил 766 тыс ₸ 4 получателям; для консолидации/рассылки мало связей,,0,True,2,4,123800.0,766000.0,2,6,6.187399030694669,1,1,1,1.0,0.21148825065274152,1.0,1.0,0.0003314603816994432,4.9519259002559686e-05,4.200664191209505e-05,1.5851748110966993e-06,False,0.035,0.167,0.918,0.58,0.768,0.6985195154777928,False,,False,0.0
100000008486520100,peripheral,0.7,2,0.2771,"слабые связи: 1 вход / 1 выход, 36 тыс ₸ → 14 тыс ₸, без устойчивого паттерна",,1,False,1,1,35720.0,14000.0,2,1,0.3919372900335946,1,1,7,1.0,0.0,1.0,0.0,0.00028940983908926223,-1.1484370996272283e-19,0.00029524161332082757,1.922024458454748e-05,False,0.035,0.167,0.421,0.148,0.81,0.5109914759982055,False,,False,0.5
100000004797167100,peripheral,0.75,10,0.2767,"4 колено (исходящие не выгружены): разовое поступление 31 тыс ₸ от 1 плательщика, P(пересылает)=0.27 — признаков роли нет",truncated_small,4,False,1,0,31000.0,0.0,1,0,0.0,0,0,1,0.27359292751949604,0.0,1.0,0.0,0.000551624702702953,-0.0,-1.244989854469457e-19,0.0,True,0.038,0.0,0.319,0.849,0.367,0.19986541049798115,False,,False,0.0
100000008502995100,peripheral,0.85,10,0.2766,"мелкий получатель: разовое поступление 25 тыс ₸ от 1 плательщика, исходящих в выборке не наблюдается — признаков роли нет",small_receiver,3,False,1,0,25000.0,0.0,2,0,0.0,0,0,7,0.0,0.0,1.0,0.0,0.0007270949451502066,-0.0,1.7483020894493687e-05,0.0,False,0.042,0.0,0.26,0.917,0.367,0.1401973979362943,False,,False,0.0
100000008436257100,terminal,0.851,14,0.2763,"получил 35 тыс ₸ от 2 плательщ.; исходящих ≥5 тыс ₸ в выборке не наблюдается (колено 3, исходящие выгружены)",observed_sink,3,False,2,0,35000.0,0.0,2,0,0.0,0,0,7,0.0,0.0,2.0,0.0,0.0002945798149854974,-0.0,0.00025203681383135335,0.0,False,0.298,0.0,0.344,0.294,0.367,0.8555406011664424,False,,False,0.5
100000008772058100,peripheral,0.85,4,0.2762,"мелкий получатель: разовое поступление 50 тыс ₸ от 1 плательщика, исходящих в выборке не наблюдается — признаков роли нет",small_receiver,2,False,1,0,50000.0,0.0,1,0,0.0,0,1,1,0.0,0.0,1.0,0.0,0.00030255115974728324,-0.0,6.140263830218555e-20,0.0,False,0.042,0.167,0.428,0.413,0.367,0.21825930910722297,False,,False,0.0
100000002983426100,peripheral,0.85,8,0.2762,"мелкий получатель: разовое поступление 89 тыс ₸ от 1 плательщика, исходящих в выборке не наблюдается — признаков роли нет",small_receiver,3,False,1,0,88945.0,0.0,1,0,0.0,0,0,7,0.0,0.0,1.0,0.0,0.00031870862226784333,-0.0,6.407022407315355e-07,0.0,False,0.042,0.0,0.547,0.533,0.367,0.07178106774338268,False,,False,0.0
100000004613582100,peripheral,0.7,13,0.2761,"слабые связи: 1 вход / 1 выход, 5 тыс ₸ → 10 тыс ₸, без устойчивого паттерна",,3,False,1,1,5000.0,9500.0,1,1,1.9,0,0,1,1.0,0.0,1.0,0.0,0.0005534434661680602,8.738347963609248e-20,1.0581960552010035e-19,3.962937027741748e-07,False,0.035,0.0,0.129,0.854,0.742,0.7445042620008973,False,,False,1.0
100000003832231100,peripheral,0.85,6,0.276,"мелкий получатель: разовое поступление 35 тыс ₸ от 1 плательщика, исходящих в выборке не наблюдается — признаков роли нет",small_receiver,1,False,1,0,35000.0,0.0,1,0,0.0,1,2,10,0.0,0.0,1.0,0.0,0.00029257756939896534,-0.0,0.0004611679650745722,0.0,False,0.042,0.333,0.344,0.247,0.367,0.145580978017048,False,,False,0.0
100000001279875100,peripheral,0.85,9,0.2758,"мелкий получатель: разовое поступление 49 тыс ₸ от 1 плательщика, исходящих в выборке не наблюдается — признаков роли нет",small_receiver,2,False,1,0,49235.0,0.0,1,0,0.0,0,1,1,0.0,0.0,1.0,0.0,0.00030327274282640596,-0.0,4.0882453974806574e-08,0.0,False,0.042,0.167,0.419,0.423,0.367,0.20457604306864063,False,,False,0.0
100000005041905100,peripheral,0.7,7,0.2757,"слабые связи: 1 вход / 1 выход, 5 тыс ₸ → 1.1 млн ₸, без устойчивого паттерна",,3,False,1,1,5000.0,1080351.0,1,5,216.0702,0,0,1,1.0,0.0,1.0,1.0,0.00028634968311320444,-3.5537578090162487e-19,-1.528429321286511e-17,0.0,False,0.035,0.0,0.934,0.029,0.367,0.9044414535666218,False,,False,1.0
100000001530740100,peripheral,0.85,2,0.2755,"мелкий получатель: разовое поступление 15 тыс ₸ от 1 плательщика, исходящих в выборке не наблюдается — признаков роли нет",small_receiver,2,False,1,0,15000.0,0.0,1,0,0.0,0,1,7,0.0,0.0,1.0,0.0,0.000529819702440915,-0.0,1.6898575928800533e-19,0.0,False,0.042,0.167,0.139,0.795,0.367,0.48138178555406014,False,,False,0.0
100000008738526100,peripheral,0.7,1,0.2749,"слабые связи: 1 вход / 1 выход, 15 тыс ₸ → 140 тыс ₸, без устойчивого паттерна",,3,False,1,1,15000.0,140000.0,1,1,9.333333333333334,0,0,8,1.0,0.0,1.0,0.0,0.0002874522211122586,1.145001273623937e-19,1.2902818407805275e-06,2.139985994980544e-05,False,0.035,0.0,0.662,0.062,0.854,0.5491251682368775,False,,False,0.0
100000002229615100,peripheral,0.75,10,0.2747,"4 колено (исходящие не выгружены): разовое поступление 25 тыс ₸ от 1 плательщика, P(пересылает)=0.28 — признаков роли нет",truncated_small,4,False,1,0,25000.0,0.0,1,0,0.0,0,0,7,0.27809316851146365,0.0,1.0,0.0,0.0007184983881728341,-0.0,-5.586309620612028e-21,0.0,True,0.038,0.0,0.26,0.916,0.367,0.1971736204576043,False,,False,0.0
100000006161893100,peripheral,0.85,2,0.2743,"мелкий получатель: разовое поступление 14 тыс ₸ от 1 плательщика, исходящих в выборке не наблюдается — признаков роли нет",small_receiver,2,False,1,0,14000.0,0.0,1,0,0.0,0,1,7,0.0,0.0,1.0,0.0,0.0005318535188146666,-0.0,-2.6982336439160337e-19,0.0,False,0.042,0.167,0.124,0.807,0.367,0.4939434724091521,False,,False,0.0
100000003086040100,peripheral,0.85,3,0.2737,"мелкий получатель: разовое поступление 10 тыс ₸ от 1 плательщика, исходящих в выборке не наблюдается — признаков роли нет",small_receiver,2,False,1,0,10500.0,0.0,1,0,0.0,0,1,7,0.0,0.0,1.0,0.0,0.0005480623170204768,-0.0,5.180959487020292e-06,0.0,False,0.042,0.167,0.095,0.843,0.367,0.5657245401525348,False,,False,0.0
100000005049404100,peripheral,0.75,5,0.2736,"4 колено (исходящие не выгружены): разовое поступление 98 тыс ₸ от 1 плательщика, P(пересылает)=0.39 — признаков роли нет",truncated_small,4,False,1,0,98000.0,0.0,2,0,0.0,0,0,7,0.3896141507732728,0.0,1.0,0.0,0.00031263691642751117,-0.0,1.9139625631765823e-19,0.0,True,0.038,0.0,0.573,0.493,0.367,0.26693584567070433,False,,False,0.5
100000008557672100,peripheral,0.85,4,0.2735,"мелкий получатель: разовое поступление 49 тыс ₸ от 1 плательщика, исходящих в выборке не наблюдается — признаков роли нет",small_receiver,2,False,1,0,49125.0,0.0,1,0,0.0,0,1,1,0.0,0.0,1.0,0.0,0.0003022539771005084,-0.0,6.140263830218555e-20,0.0,False,0.042,0.167,0.419,0.41,0.367,0.20457604306864063,False,,False,0.0
100000008765627100,peripheral,0.85,12,0.2734,"мелкий получатель: разовое поступление 60 тыс ₸ от 1 плательщика, исходящих в выборке не наблюдается — признаков роли нет",small_receiver,2,False,1,0,60000.0,0.0,1,0,0.0,0,1,1,0.0,0.0,1.0,0.0,0.0002969411403489074,-0.0,2.8721412970847028e-05,0.0,False,0.042,0.167,0.475,0.335,0.367,0.2691790040376851,False,,False,0.0
100000006789108100,peripheral,0.85,6,0.2733,"мелкий получатель: разовое поступление 38 тыс ₸ от 1 плательщика, исходящих в выборке не наблюдается — признаков роли нет",small_receiver,1,False,1,0,37500.0,0.0,1,0,0.0,1,2,8,0.0,0.0,1.0,0.0,0.000291256925802661,-0.0,0.00012279960625588972,0.0,False,0.042,0.333,0.358,0.213,0.367,0.14692687303723642,False,,False,0.0
100000000557536100,peripheral,0.588,5,0.273,"4 колено, обход оборван: исходящие не видны, P(пересылает)=0.79 — роль не определить, получил 153 тыс ₸",truncated_unknown,4,False,1,0,153000.0,0.0,7,0,0.0,0,0,7,0.7929525323256559,0.0,1.0,0.0,0.00030077248827335565,-0.0,2.6435798381140134e-19,0.0,True,0.029,0.0,0.658,0.392,0.367,0.3983849259757739,False,,False,0.5714285714285714
100000007867364100,peripheral,0.75,19,0.2727,"4 колено (исходящие не выгружены): разовое поступление 42 тыс ₸ от 1 плательщика, P(пересылает)=0.27 — признаков роли нет",truncated_small,4,False,1,0,41852.0,0.0,1,0,0.0,0,0,7,0.26749734038024764,0.0,1.0,0.0,0.0004487382371459393,-0.0,7.884808158810223e-19,0.0,True,0.038,0.0,0.38,0.745,0.367,0.21220278151637506,False,,False,0.0
100000008028628100,peripheral,0.85,4,0.2727,"мелкий получатель: разовое поступление 57 тыс ₸ от 1 плательщика, исходящих в выборке не наблюдается — признаков роли нет",small_receiver,1,False,1,0,57224.0,0.0,1,0,0.0,1,1,1,0.0,0.0,1.0,0.0,0.0002975799415250626,-0.0,-1.6434871352799926e-17,0.0,False,0.042,0.167,0.465,0.344,0.367,0.14917003140421714,False,,False,0.0
100000008745676100,peripheral,0.75,7,0.2727,"4 колено (исходящие не выгружены): разовое поступление 35 тыс ₸ от 1 плательщика, P(пересылает)=0.27 — признаков роли нет",truncated_small,4,False,1,0,34547.0,0.0,1,0,0.0,0,0,1,0.2705858764008368,0.0,1.0,0.0,0.0005303236661827117,-0.0,-1.4306376311672757e-18,0.0,True,0.038,0.0,0.34,0.798,0.367,0.17810677433826827,False,,False,0.0
100000001046057100,peripheral,0.85,27,0.2726,"мелкий получатель: разовое поступление 83 тыс ₸ от 1 плательщика, исходящих в выборке не наблюдается — признаков роли нет",small_receiver,3,False,1,0,83420.0,0.0,1,0,0.0,0,0,7,0.0,0.0,1.0,0.0,0.00031851488108134053,-0.0,4.867829532676994e-08,0.0,False,0.042,0.0,0.532,0.532,0.367,0.06639748766262898,False,,False,0.0
100000002926970100,peripheral,0.85,8,0.2725,"мелкий получатель: разовое поступление 85 тыс ₸ от 1 плательщика, исходящих в выборке не наблюдается — признаков роли нет",small_receiver,3,False,1,0,85000.0,0.0,1,0,0.0,0,0,7,0.0,0.0,1.0,0.0,0.0003172387852993861,-0.0,6.407022407315355e-07,0.0,False,0.042,0.0,0.538,0.524,0.367,0.06751906684611933,False,,False,0.0
100000002791494100,peripheral,0.75,8,0.2723,"4 колено (исходящие не выгружены): разовое поступление 86 тыс ₸ от 1 плательщика, P(пересылает)=0.25 — признаков роли нет",truncated_small,4,False,1,0,85860.0,0.0,1,0,0.0,0,0,7,0.2519247852872328,0.0,1.0,0.0,0.00031770918329048663,-0.0,2.7582739710935802e-06,0.0,True,0.038,0.0,0.541,0.528,0.367,0.32301480484522205,False,,False,0.0
100000001696818100,peripheral,0.85,16,0.2722,"мелкий получатель: разовое поступление 54 тыс ₸ от 1 плательщика, исходящих в выборке не наблюдается — признаков роли нет",small_receiver,1,False,1,0,53550.0,0.0,1,0,0.0,1,1,1,0.0,0.0,1.0,0.0,0.0002988369268863407,-0.0,6.780076054127126e-05,0.0,False,0.042,0.167,0.452,0.359,0.367,0.1278600269179004,False,,False,0.0
100000002481735100,peripheral,0.85,2,0.272,"мелкий получатель: разовое поступление 22 тыс ₸ от 1 плательщика, исходящих в выборке не наблюдается — признаков роли нет",small_receiver,2,False,1,0,22436.0,0.0,2,0,0.0,0,1,7,0.0,0.0,1.0,0.0,0.00036270354277617787,-0.0,1.2596487311569499e-05,0.0,False,0.042,0.167,0.231,0.652,0.367,0.462090623598026,False,,False,0.5
100000002628146100,peripheral,0.85,16,0.2718,"мелкий получатель: разовое поступление 30 тыс ₸ от 1 плательщика, исходящих в выборке не наблюдается — признаков роли нет",small_receiver,2,False,1,0,30500.0,0.0,2,0,0.0,0,1,8,0.0,0.0,1.0,0.0,0.0003192156684704553,-0.0,-2.410514333998708e-19,0.0,False,0.042,0.167,0.317,0.536,0.367,0.3436518618214446,False,,False,0.0
100000003133045100,peripheral,0.75,27,0.2717,"4 колено (исходящие не выгружены): разовое поступление 68 тыс ₸ от 1 плательщика, P(пересылает)=0.26 — признаков роли нет",truncated_small,4,False,1,0,68000.0,0.0,1,0,0.0,0,0,7,0.2575502117632021,0.0,1.0,0.0,0.0003330495598950611,-0.0,1.4075359187348614e-08,0.0,True,0.038,0.0,0.496,0.585,0.367,0.2696276357110812,False,,False,0.0
100000008745489100,peripheral,0.85,4,0.2714,"мелкий получатель: разовое поступление 56 тыс ₸ от 1 плательщика, исходящих в выборке не наблюдается — признаков роли нет",small_receiver,1,False,1,0,55539.0,0.0,1,0,0.0,1,1,1,0.0,0.0,1.0,0.0,0.0002972262797622778,-0.0,-1.6434871352799926e-17,0.0,False,0.042,0.167,0.462,0.341,0.367,0.14759982054733065,False,,False,0.0
100000004959752100,peripheral,0.85,6,0.2711,"мелкий получатель: разовое поступление 22 тыс ₸ от 1 плательщика, исходящих в выборке не наблюдается — признаков роли нет",small_receiver,3,False,1,0,22200.0,0.0,1,0,0.0,0,0,11,0.0,0.0,1.0,0.0,0.0007848703238285015,-0.0,-8.775925316584278e-19,0.0,False,0.042,0.0,0.23,0.926,0.367,0.08389412292507852,False,,False,0.0
100000004747154100,peripheral,0.75,27,0.2711,"4 колено (исходящие не выгружены): разовое поступление 67 тыс ₸ от 1 плательщика, P(пересылает)=0.26 — признаков роли нет",truncated_small,4,False,1,0,67000.0,0.0,1,0,0.0,0,0,7,0.2580568566956481,0.0,1.0,0.0,0.00033235132069391743,-0.0,1.4075359187348614e-08,0.0,True,0.038,0.0,0.494,0.584,0.367,0.27860026917900405,False,,False,0.0
100000008050986100,peripheral,0.75,5,0.2709,"4 колено (исходящие не выгружены): разовое поступление 95 тыс ₸ от 1 плательщика, P(пересылает)=0.39 — признаков роли нет",truncated_small,4,False,1,0,95000.0,0.0,2,0,0.0,0,0,7,0.3905844523011055,0.0,1.0,0.0,0.00031180831574760645,-0.0,1.9139625631765823e-19,0.0,True,0.038,0.0,0.567,0.486,0.367,0.2673844773441005,False,,False,0.0
100000003221510100,peripheral,0.7,0,0.2704,"слабые связи: 1 вход / 2 выход, 24 тыс ₸ → 120 тыс ₸, без устойчивого паттерна",,3,False,1,2,24000.0,120000.0,1,3,5.0,0,0,7,1.0,0.0,1.0,0.0,0.0002869209734265628,1.5084425288623927e-19,0.0029057816552165005,3.844048916909496e-05,False,0.035,0.0,0.641,0.048,0.879,0.5482279048900852,False,,False,0.0
100000000608031100,peripheral,0.75,14,0.2703,"4 колено (исходящие не выгружены): разовое поступление 30 тыс ₸ от 1 плательщика, P(пересылает)=0.27 — признаков роли нет",truncated_small,4,False,1,0,30000.0,0.0,1,0,0.0,0,0,7,0.27340404595771395,0.0,1.0,0.0,0.0005386366709608561,-0.0,-6.607585543836508e-19,0.0,True,0.038,0.0,0.308,0.827,0.367,0.20838941229250785,False,,False,0.0
100000008736760100,peripheral,0.85,4,0.2701,"мелкий получатель: разовое поступление 55 тыс ₸ от 1 плательщика, исходящих в выборке не наблюдается — признаков роли нет",small_receiver,1,False,1,0,54757.0,0.0,1,0,0.0,1,1,1,0.0,0.0,1.0,0.0,0.0002970621471222198,-0.0,-1.6434871352799926e-17,0.0,False,0.042,0.167,0.458,0.339,0.367,0.13369223867205024,False,,False,0.0
100000005498992100,distributor,0.692,13,0.27,"веерная рассылка: 16 получателям, 19 переводов на 2.3 млн ₸ (seed: входящие извне выборки не видны)",,0,True,0,16,0.0,2262868.0,0,19,,0,0,0,1.0,0.0,0.0,0.0,0.0002855692942172902,0.0012206418473347893,-0.0,0.0,False,0.519,0.0,0.976,0.01,0.367,0.8393898609241812,False,,False,0.0
100000002845605100,peripheral,0.85,0,0.27,"мелкий получатель: разовое поступление 58 тыс ₸ от 1 плательщика, исходящих в выборке не наблюдается — признаков роли нет",small_receiver,1,False,1,0,57567.0,0.0,1,0,0.0,1,1,7,0.0,0.0,1.0,0.0,0.0002963718812625067,-0.0,0.002151681626890832,0.0,False,0.042,0.167,0.467,0.327,0.367,0.13728129205921938,False,,False,0.0
100000005754335100,peripheral,0.85,5,0.27,"мелкий получатель: разовое поступление 44 тыс ₸ от 1 плательщика, исходящих в выборке не наблюдается — признаков роли нет",small_receiver,3,False,1,0,44037.0,0.0,1,0,0.0,0,0,7,0.0,0.0,1.0,0.0,0.00040462407841393785,-0.0,2.4284366617555375e-05,0.0,False,0.042,0.0,0.387,0.71,0.367,0.008524001794526694,False,,False,0.0
100000007333038100,peripheral,0.7,9,0.2695,"слабые связи: 1 вход / 2 выход, 18 тыс ₸ → 35 тыс ₸, без устойчивого паттерна",,3,False,1,2,17500.0,34994.0,1,2,1.9996571428571428,0,0,1,1.0,0.0,1.0,0.0,0.00029968918055683826,-2.039579746850111e-19,4.1121873746559995e-07,1.5851748110966993e-06,False,0.035,0.0,0.447,0.376,0.768,0.5513683266038583,False,,False,0.0
100000002580377100,peripheral,0.7,2,0.2695,"слабые связи: 1 вход / 1 выход, 38 тыс ₸ → 5 тыс ₸, без устойчивого паттерна",,1,False,1,1,37750.0,5000.0,2,1,0.13245033112582782,1,1,7,1.0,0.0,1.0,0.0,0.00028962810073792137,1.2493372678012274e-19,0.00029524161332082757,1.922024458454748e-05,False,0.035,0.167,0.383,0.155,0.81,0.49439210408254824,False,,False,0.0
100000008471634100,peripheral,0.75,22,0.2691,"4 колено (исходящие не выгружены): разовое поступление 20 тыс ₸ от 1 плательщика, P(пересылает)=0.28 — признаков роли нет",truncated_small,4,False,1,0,20000.0,0.0,1,0,0.0,0,0,7,0.2826980273402833,0.0,1.0,0.0,0.0011246149928916304,-0.0,6.254763093751643e-19,0.0,True,0.038,0.0,0.205,0.958,0.367,0.24136384028712426,False,,False,0.0
100000006232815100,peripheral,0.7,24,0.2681,seed: отправил 296 тыс ₸ 5 получателям; для консолидации/рассылки мало связей,,0,True,1,5,160000.0,296500.0,2,5,1.853125,0,0,0,1.0,0.0,1.0,1.0,0.0005566536352336254,-1.0679661526060603e-18,-6.055156016930428e-20,2.774055919419224e-06,False,0.035,0.0,0.847,0.857,0.776,0.7016599371915657,False,,False,0.0
100000002459163100,peripheral,0.85,41,0.268,"мелкий получатель: разовое поступление 20 тыс ₸ от 1 плательщика, исходящих в выборке не наблюдается — признаков роли нет",small_receiver,2,False,1,0,20180.0,0.0,1,0,0.0,0,1,1,0.0,0.0,1.0,0.0,0.0003611154442225131,-0.0,-4.259644226411519e-21,0.0,False,0.042,0.167,0.216,0.649,0.367,0.35307312696276355,False,,False,0.0
100000006952718100,peripheral,0.85,2,0.268,"мелкий получатель: разовое поступление 71 тыс ₸ от 1 плательщика, исходящих в выборке не наблюдается — признаков роли нет",small_receiver,1,False,1,0,71489.0,0.0,1,0,0.0,1,1,7,0.0,0.0,1.0,0.0,0.0002932556523458571,-0.0,0.00029524161332082757,0.0,False,0.042,0.167,0.505,0.263,0.367,0.17945266935845672,False,,False,0.0
100000002721825100,peripheral,0.85,0,0.268,"мелкий получатель: разовое поступление 11 тыс ₸ от 1 плательщика, исходящих в выборке не наблюдается — признаков роли нет",small_receiver,2,False,1,0,11000.0,0.0,1,0,0.0,0,1,7,0.0,0.0,1.0,0.0,0.0005314143750831572,-0.0,1.3649942875316143e-19,0.0,False,0.042,0.167,0.098,0.806,0.367,0.5331987438313145,False,,False,0.0
100000003232675100,peripheral,0.75,0,0.2677,"4 колено (исходящие не выгружены): разовое поступление 44 тыс ₸ от 1 плательщика, P(пересылает)=0.33 — признаков роли нет",truncated_small,4,False,1,0,44000.0,0.0,2,0,0.0,0,0,7,0.32846511331977124,0.0,1.0,0.0,0.000401044536604877,-0.0,-1.9960770059358262e-19,0.0,True,0.038,0.0,0.387,0.707,0.367,0.20233288470165994,False,,False,0.0
100000008746673100,peripheral,0.85,4,0.2673,"мелкий получатель: разовое поступление 53 тыс ₸ от 1 плательщика, исходящих в выборке не наблюдается — признаков роли нет",small_receiver,1,False,1,0,53048.0,0.0,1,0,0.0,1,1,1,0.0,0.0,1.0,0.0,0.0002967034480405586,-0.0,-1.6434871352799926e-17,0.0,False,0.042,0.167,0.45,0.333,0.367,0.13436518618214446,False,,False,0.0
100000007347733100,peripheral,0.85,40,0.2673,"мелкий получатель: разовое поступление 23 тыс ₸ от 1 плательщика, исходящих в выборке не наблюдается — признаков роли нет",small_receiver,1,False,1,0,23007.0,0.0,1,0,0.0,1,1,1,0.0,0.0,1.0,0.0,0.0003456840263989,-0.0,1.335384892571789e-19,0.0,False,0.042,0.167,0.236,0.618,0.367,0.33557649170031406,False,,False,0.0
100000003888271100,peripheral,0.7,33,0.2672,"слабые связи: 1 вход / 2 выход, 12 тыс ₸ → 26 тыс ₸, без устойчивого паттерна",,1,False,1,2,12177.0,25590.0,2,3,2.10150283321015,1,1,1,1.0,0.27002735443532627,1.0,1.0,0.0002913863210858292,-8.985253728195877e-19,6.637560651088579e-20,3.962937027741748e-07,False,0.035,0.167,0.359,0.218,0.742,0.8824585015702109,False,,False,1.0
100000002752565100,peripheral,0.75,3,0.2669,"4 колено (исходящие не выгружены): разовое поступление 57 тыс ₸ от 1 плательщика, P(пересылает)=0.26 — признаков роли нет",truncated_small,4,False,1,0,57000.0,0.0,1,0,0.0,0,0,7,0.2601493980565739,0.0,1.0,0.0,0.00033823599365261504,-0.0,-7.156013834864173e-19,0.0,True,0.038,0.0,0.464,0.599,0.367,0.253028263795424,False,,False,0.0
100000001130176100,peripheral,0.85,0,0.2668,"мелкий получатель: разовое поступление 25 тыс ₸ от 1 плательщика, исходящих в выборке не наблюдается — признаков роли нет",small_receiver,3,False,1,0,25000.0,0.0,2,0,0.0,0,0,7,0.0,0.0,1.0,0.0,0.0005580456003895453,-0.0,3.443674837134167e-19,0.0,False,0.042,0.0,0.26,0.86,0.367,0.1401973979362943,False,,False,0.5
100000004350094100,peripheral,0.75,3,0.2668,"4 колено (исходящие не выгружены): разовое поступление 20 тыс ₸ от 1 плательщика, P(пересылает)=0.28 — признаков роли нет",truncated_small,4,False,1,0,20000.0,0.0,1,0,0.0,0,0,7,0.28292036754026145,0.0,1.0,0.0,0.0008939457051040829,-0.0,1.6561701280241487e-06,0.0,True,0.038,0.0,0.205,0.945,0.367,0.24136384028712426,False,,False,0.0
100000002952756100,peripheral,0.85,9,0.2662,"мелкий получатель: разовое поступление 47 тыс ₸ от 1 плательщика, исходящих в выборке не наблюдается — признаков роли нет",small_receiver,3,False,1,0,47000.0,0.0,1,0,0.0,0,0,1,0.0,0.0,1.0,0.0,0.0003677090010006233,-0.0,2.4631368116499185e-07,0.0,False,0.042,0.0,0.406,0.662,0.367,0.0015702108568864963,False,,False,0.0
100000008008463100,peripheral,0.85,12,0.266,"мелкий получатель: разовое поступление 54 тыс ₸ от 1 плательщика, исходящих в выборке не наблюдается — признаков роли нет",small_receiver,2,False,1,0,54180.0,0.0,1,0,0.0,0,1,1,0.0,0.0,1.0,0.0,0.0002958380712741406,-0.0,2.8721412970847028e-05,0.0,False,0.042,0.167,0.456,0.318,0.367,0.22543741588156124,False,,False,0.0
100000001110358100,terminal,0.85,3,0.266,"получил 32 тыс ₸ от 2 плательщ.; исходящих ≥5 тыс ₸ в выборке не наблюдается (колено 3, исходящие выгружены)",observed_sink,3,False,2,0,32000.0,0.0,2,0,0.0,0,0,7,0.0,0.0,2.0,0.0,0.00029298593062142774,-0.0,0.0013712520588685334,0.0,False,0.298,0.0,0.328,0.256,0.367,0.8591296545536115,False,,False,0.5
100000002487222100,peripheral,0.75,5,0.2656,"4 колено (исходящие не выгружены): разовое поступление 90 тыс ₸ от 1 плательщика, P(пересылает)=0.39 — признаков роли нет",truncated_small,4,False,1,0,90000.0,0.0,2,0,0.0,0,0,7,0.39206372490545144,0.0,1.0,0.0,0.0003104273146144319,-0.0,1.9139625631765823e-19,0.0,True,0.038,0.0,0.551,0.476,0.367,0.2709735307312696,False,,False,0.0
100000005561741100,peripheral,0.85,8,0.2655,"мелкий получатель: разовое поступление 25 тыс ₸ от 1 плательщика, исходящих в выборке не наблюдается — признаков роли нет",small_receiver,2,False,1,0,25000.0,0.0,1,0,0.0,0,1,9,0.0,0.0,1.0,0.0,0.0003298457193194186,-0.0,2.862330894308425e-20,0.0,False,0.042,0.167,0.26,0.575,0.367,0.316509645580978,False,,False,0.0
100000004841728100,peripheral,0.85,4,0.2654,"мелкий получатель: разовое поступление 52 тыс ₸ от 1 плательщика, исходящих в выборке не наблюдается — признаков роли нет",small_receiver,1,False,1,0,52208.0,0.0,1,0,0.0,1,1,1,0.0,0.0,1.0,0.0,0.00029652714187988245,-0.0,-1.6434871352799926e-17,0.0,False,0.042,0.167,0.444,0.329,0.367,0.13571108120233288,False,,False,0.0
100000000560751100,peripheral,0.85,0,0.2654,"мелкий получатель: разовое поступление 25 тыс ₸ от 1 плательщика, исходящих в выборке не наблюдается — признаков роли нет",small_receiver,3,False,1,0,25000.0,0.0,1,0,0.0,0,0,7,0.0,0.0,1.0,0.0,0.0005524500973404954,-0.0,7.294097516168504e-19,0.0,False,0.042,0.0,0.26,0.852,0.367,0.05024674742036788,False,,False,0.0
100000002404112100,peripheral,0.75,23,0.2653,"4 колено (исходящие не выгружены): разовое поступление 60 тыс ₸ от 1 плательщика, P(пересылает)=0.26 — признаков роли нет",truncated_small,4,False,1,0,60000.0,0.0,1,0,0.0,0,0,7,0.2589063432114083,0.0,1.0,0.0,0.00033008347857565497,-0.0,4.0337774957420744e-08,0.0,True,0.038,0.0,0.475,0.576,0.367,0.27545984746523106,False,,False,0.0
100000004491749100,peripheral,0.85,12,0.2652,"мелкий получатель: разовое поступление 50 тыс ₸ от 1 плательщика, исходящих в выборке не наблюдается — признаков роли нет",small_receiver,3,False,1,0,50000.0,0.0,1,0,0.0,0,0,1,0.0,0.0,1.0,0.0,0.0003507948592583558,-0.0,6.610959453534579e-19,0.0,False,0.042,0.0,0.428,0.627,0.367,0.026244952893674293,False,,False,0.0
100000003091142100,peripheral,0.75,3,0.2652,"4 колено (исходящие не выгружены): разовое поступление 40 тыс ₸ от 1 плательщика, P(пересылает)=0.27 — признаков роли нет",truncated_small,4,False,1,0,40000.0,0.0,1,0,0.0,0,0,7,0.26729855470285274,0.0,1.0,0.0,0.00040986444107495674,-0.0,-1.4016931333467686e-20,0.0,True,0.038,0.0,0.371,0.714,0.367,0.17519066846119336,False,,False,0.0
100000000790311100,peripheral,0.85,2,0.2651,"мелкий получатель: разовое поступление 46 тыс ₸ от 1 плательщика, исходящих в выборке не наблюдается — признаков роли нет",small_receiver,2,False,1,0,46300.0,0.0,1,0,0.0,0,1,7,0.0,0.0,1.0,0.0,0.00030029921906631226,-0.0,3.567634960949523e-05,0.0,False,0.042,0.167,0.402,0.385,0.367,0.18842530282637954,False,,False,0.0
100000000404740100,peripheral,0.75,22,0.265,"4 колено (исходящие не выгружены): разовое поступление 25 тыс ₸ от 1 плательщика, P(пересылает)=0.28 — признаков роли нет",truncated_small,4,False,1,0,25000.0,0.0,1,0,0.0,0,0,7,0.27737850610922454,0.0,1.0,0.0,0.0005579900727464822,-0.0,-6.669361866644958e-19,0.0,True,0.038,0.0,0.26,0.86,0.367,0.1971736204576043,False,,False,0.0
100000007020162100,peripheral,0.85,8,0.2649,"мелкий получатель: разовое поступление 86 тыс ₸ от 1 плательщика, исходящих в выборке не наблюдается — признаков роли нет",small_receiver,3,False,1,0,86395.0,0.0,1,0,0.0,0,0,7,0.0,0.0,1.0,0.0,0.00030998898275319905,-0.0,2.441379038303138e-05,0.0,False,0.042,0.0,0.542,0.474,0.367,0.06684611933602512,False,,False,0.0
100000002968096100,peripheral,0.75,15,0.2648,"4 колено (исходящие не выгружены): разовое поступление 70 тыс ₸ от 1 плательщика, P(пересылает)=0.26 — признаков роли нет",truncated_small,4,False,1,0,70000.0,0.0,1,0,0.0,0,0,7,0.25592496796031594,0.0,1.0,0.0,0.00031948241143492313,-0.0,6.997219130396941e-21,0.0,True,0.038,0.0,0.5,0.539,0.367,0.2839838492597577,False,,False,0.0
100000007648946100,peripheral,0.7,0,0.2647,"слабые связи: 1 вход / 1 выход, 20 тыс ₸ → 25 тыс ₸, без устойчивого паттерна",,1,False,1,1,19550.0,25000.0,1,1,1.278772378516624,1,1,7,1.0,0.0,1.0,0.0,0.0002892378990904637,6.056208518751333e-05,0.002151681626890832,2.9130943747974165e-06,False,0.035,0.167,0.391,0.138,0.778,0.5545087483176312,False,,False,0.0
100000004979264100,peripheral,0.75,1,0.2646,"4 колено (исходящие не выгружены): разовое поступление 40 тыс ₸ от 1 плательщика, P(пересылает)=0.27 — признаков роли нет",truncated_small,4,False,1,0,39800.0,0.0,1,0,0.0,0,0,8,0.2677236238392822,0.0,1.0,0.0,0.0004113792218334005,-0.0,-4.914944276636843e-19,0.0,True,0.038,0.0,0.367,0.715,0.367,0.16913414087034545,False,,False,0.0
100000006490615100,peripheral,0.75,0,0.2646,"4 колено (исходящие не выгружены): разовое поступление 42 тыс ₸ от 1 плательщика, P(пересылает)=0.75 — признаков роли нет",truncated_small,4,False,1,0,41600.0,0.0,6,0,0.0,0,0,7,0.745792670354297,0.0,1.0,0.0,0.0003947458870200995,-0.0,-1.9960770059358262e-19,0.0,True,0.038,0.0,0.379,0.699,0.367,0.522207267833109,False,,True,0.8333333333333334
100000002864680100,peripheral,0.85,11,0.2645,"мелкий получатель: разовое поступление 56 тыс ₸ от 1 плательщика, исходящих в выборке не наблюдается — признаков роли нет",small_receiver,1,False,1,0,55932.0,0.0,1,0,0.0,1,1,1,0.0,0.0,1.0,0.0,0.0002948514922860755,-0.0,1.0100033668708282e-05,0.0,False,0.042,0.167,0.463,0.299,0.367,0.14625392552714223,False,,False,0.0
100000006787636100,peripheral,0.85,2,0.2642,"мелкий получатель: разовое поступление 20 тыс ₸ от 1 плательщика, исходящих в выборке не наблюдается — признаков роли нет",small_receiver,2,False,1,0,20000.0,0.0,1,0,0.0,0,1,7,0.0,0.0,1.0,0.0,0.00035810339492313935,-0.0,-3.152486965445657e-19,0.0,False,0.042,0.167,0.205,0.642,0.367,0.36473755047106327,False,,False,0.0
100000002214301100,peripheral,0.7,0,0.264,"слабые связи: 1 вход / 1 выход, 21 тыс ₸ → 8 тыс ₸, без устойчивого паттерна",,1,False,1,1,21438.0,8000.0,1,1,0.373169138912212,1,1,7,1.0,0.0,1.0,0.0,0.000289592186865428,-6.071219449811141e-20,0.002151681626890832,9.610122292273739e-05,False,0.035,0.167,0.3,0.153,0.93,0.5240017945266936,False,,False,0.0
100000005979037100,peripheral,0.75,3,0.2635,"4 колено (исходящие не выгружены): разовое поступление 60 тыс ₸ от 1 плательщика, P(пересылает)=0.26 — признаков роли нет",truncated_small,4,False,1,0,60300.0,0.0,1,0,0.0,0,0,7,0.2590690620515646,0.0,1.0,0.0,0.0003248463424153586,-0.0,2.991289503019262e-20,0.0,True,0.038,0.0,0.478,0.561,0.367,0.27770300583221175,False,,False,0.0
100000001380986100,peripheral,0.85,1,0.2632,"мелкий получатель: разовое поступление 70 тыс ₸ от 1 плательщика, исходящих в выборке не наблюдается — признаков роли нет",small_receiver,2,False,1,0,70170.0,0.0,1,0,0.0,0,1,1,0.0,0.0,1.0,0.0,0.00029217226654781626,-0.0,5.012796367303085e-07,0.0,False,0.042,0.167,0.504,0.238,0.367,0.3028263795423957,False,,False,0.0
100000008727982100,peripheral,0.75,12,0.2629,"4 колено (исходящие не выгружены): разовое поступление 30 тыс ₸ от 1 плательщика, P(пересылает)=0.34 — признаков роли нет",truncated_small,4,False,1,0,30000.0,0.0,2,0,0.0,0,0,1,0.33584154110169795,0.0,1.0,0.0,0.0005138489258762199,-0.0,2.5664597666590043e-19,0.0,True,0.038,0.0,0.308,0.784,0.367,0.2790489008524002,False,,False,0.0
100000002778085100,peripheral,0.85,2,0.2628,"мелкий получатель: разовое поступление 66 тыс ₸ от 1 плательщика, исходящих в выборке не наблюдается — признаков роли нет",small_receiver,1,False,1,0,66208.0,0.0,1,0,0.0,1,1,7,0.0,0.0,1.0,0.0,0.0002926878495051828,-0.0,0.00029524161332082757,0.0,False,0.042,0.167,0.492,0.251,0.367,0.16644235082996858,False,,False,0.0
100000002970466100,peripheral,0.7,0,0.2628,"слабые связи: 1 вход / 2 выход, 23 тыс ₸ → 93 тыс ₸, без устойчивого паттерна",,3,False,1,2,23317.0,93000.0,1,3,3.9885062400823434,0,0,7,1.0,0.43010752688172044,1.0,0.0,0.0002868825068890655,3.133156576454453e-19,0.0029057816552165005,3.844048916909496e-05,False,0.035,0.0,0.61,0.045,0.879,0.6922386720502467,False,,False,0.0
100000005608515100,peripheral,0.85,13,0.2626,"мелкий получатель: разовое поступление 64 тыс ₸ от 1 плательщика, исходящих в выборке не наблюдается — признаков роли нет",small_receiver,2,False,1,0,64000.0,0.0,4,0,0.0,0,1,1,0.0,0.0,1.0,0.0,0.0002931596353300159,-0.0,1.6703346171980856e-19,0.0,False,0.042,0.167,0.484,0.26,0.367,0.38716913414087034,False,,False,0.5
100000008688881100,peripheral,0.85,4,0.2625,"мелкий получатель: разовое поступление 44 тыс ₸ от 1 плательщика, исходящих в выборке не наблюдается — признаков роли нет",small_receiver,2,False,1,0,44211.0,0.0,1,0,0.0,0,1,1,0.0,0.0,1.0,0.0,0.00030058499935622067,-0.0,6.140263830218555e-20,0.0,False,0.042,0.167,0.387,0.388,0.367,0.22207267833109018,False,,False,0.0
100000000979567100,peripheral,0.85,4,0.2625,"мелкий получатель: разовое поступление 10 тыс ₸ от 1 плательщика, исходящих в выборке не наблюдается — признаков роли нет",small_receiver,2,False,1,0,10000.0,0.0,1,0,0.0,0,1,1,0.0,0.0,1.0,0.0,0.0005307306769296829,-0.0,-7.116932024312741e-19,0.0,False,0.042,0.167,0.079,0.8,0.367,0.5803050695379094,False,,False,0.0
100000002729875100,peripheral,0.75,8,0.2622,"4 колено (исходящие не выгружены): разовое поступление 76 тыс ₸ от 1 плательщика, P(пересылает)=0.25 — признаков роли нет",truncated_small,4,False,1,0,76000.0,0.0,1,0,0.0,0,0,7,0.2546521577144472,0.0,1.0,0.0,0.0003140182992203525,-0.0,2.7582739710935802e-06,0.0,True,0.038,0.0,0.515,0.505,0.367,0.30372364288918796,False,,False,0.0
100000008254576100,peripheral,0.7,14,0.2622,"слабые связи: 1 вход / 1 выход, 8 тыс ₸ → 60 тыс ₸, без устойчивого паттерна",,3,False,1,1,8000.0,60000.0,1,1,7.5,0,0,7,1.0,0.0,1.0,0.0,0.00029167108817849073,2.076060356255978e-19,-2.492872205970298e-19,1.9616538287321655e-05,False,0.035,0.0,0.496,0.222,0.836,0.639300134589502,False,,False,1.0
100000003971049100,peripheral,0.85,14,0.2621,"мелкий получатель: разовое поступление 56 тыс ₸ от 1 плательщика, исходящих в выборке не наблюдается — признаков роли нет",small_receiver,2,False,1,0,55900.0,0.0,7,0,0.0,0,1,7,0.0,0.0,1.0,0.0,0.00029426514402485806,-0.0,5.1721343332135395e-05,0.0,False,0.042,0.167,0.463,0.286,0.367,0.5706594885598923,False,,False,0.5714285714285714
100000002836052100,peripheral,0.85,6,0.262,"мелкий получатель: разовое поступление 15 тыс ₸ от 1 плательщика, исходящих в выборке не наблюдается — признаков роли нет",small_receiver,2,False,1,0,15000.0,0.0,1,0,0.0,0,2,11,0.0,0.0,1.0,0.0,0.0003056660501463517,-0.0,-9.539536945373386e-19,0.0,False,0.042,0.333,0.139,0.44,0.367,0.48138178555406014,False,,False,0.0
100000004655046100,peripheral,0.75,8,0.2619,"4 колено (исходящие не выгружены): разовое поступление 24 тыс ₸ от 1 плательщика, P(пересылает)=0.28 — признаков роли нет",truncated_small,4,False,1,0,24000.0,0.0,1,0,0.0,0,0,9,0.27779621624517636,0.0,1.0,0.0,0.0005575082914139765,-0.0,8.402420276509587e-19,0.0,True,0.038,0.0,0.248,0.859,0.367,0.2243158366980709,False,,False,0.0
100000000634341100,peripheral,0.75,3,0.2612,"4 колено (исходящие не выгружены): разовое поступление 24 тыс ₸ от 1 плательщика, P(пересылает)=0.42 — признаков роли нет",truncated_small,4,False,1,0,24000.0,0.0,2,0,0.0,0,0,7,0.42436218656488106,0.0,1.0,0.0,0.0005549382719388587,-0.0,-5.160056296346106e-19,0.0,True,0.038,0.0,0.248,0.855,0.367,0.3088829071332436,False,,False,0.5
100000003486846100,peripheral,0.75,2,0.2611,"4 колено (исходящие не выгружены): разовое поступление 27 тыс ₸ от 1 плательщика, P(пересылает)=0.42 — признаков роли нет",truncated_small,4,False,1,0,27000.0,0.0,2,0,0.0,0,0,7,0.42188705448815583,0.0,1.0,0.0,0.0005311359663531769,-0.0,9.868048777213455e-19,0.0,True,0.038,0.0,0.285,0.805,0.367,0.2960969044414536,False,,False,0.5
100000001639766100,peripheral,0.85,12,0.2606,"мелкий получатель: разовое поступление 20 тыс ₸ от 1 плательщика, исходящих в выборке не наблюдается — признаков роли нет",small_receiver,3,False,1,0,20000.0,0.0,1,0,0.0,0,0,1,0.0,0.0,1.0,0.0,0.0006506628579150633,-0.0,-2.736207628287056e-19,0.0,False,0.042,0.0,0.205,0.899,0.367,0.0955585464333782,False,,False,0.0
100000004241142100,peripheral,0.75,0,0.2604,"4 колено (исходящие не выгружены): разовое поступление 27 тыс ₸ от 1 плательщика, P(пересылает)=0.28 — признаков роли нет",truncated_small,4,False,1,0,27102.0,0.0,1,0,0.0,0,0,7,0.276234495816882,0.0,1.0,0.0,0.0005301329725055725,-0.0,-4.2666683732796837e-19,0.0,True,0.038,0.0,0.288,0.797,0.367,0.23126962763571107,False,,False,0.0
100000004931931100,peripheral,0.7,3,0.26,"слабые связи: 1 вход / 1 выход, 24 тыс ₸ → 45 тыс ₸, без устойчивого паттерна",,3,False,1,1,23938.0,45000.0,1,1,1.8798562954298605,0,0,7,1.0,0.0,1.0,0.0,0.0002918140366848613,-3.5593338951840347e-19,0.0011379074330901441,1.922024458454748e-05,False,0.035,0.0,0.497,0.226,0.81,0.3898609241812472,False,,False,0.0
100000002870937100,peripheral,0.85,13,0.2599,"мелкий получатель: разовое поступление 84 тыс ₸ от 1 плательщика, исходящих в выборке не наблюдается — признаков роли нет",small_receiver,1,False,1,0,83700.0,0.0,1,0,0.0,1,1,1,0.0,0.0,1.0,0.0,0.0002903688396007318,-0.0,4.3414150090401995e-06,0.0,False,0.042,0.167,0.532,0.18,0.367,0.2718707940780619,False,,False,0.0
100000005685783100,peripheral,0.75,7,0.2596,"4 колено (исходящие не выгружены): разовое поступление 26 тыс ₸ от 1 плательщика, P(пересылает)=0.28 — признаков роли нет",truncated_small,4,False,1,0,26150.0,0.0,1,0,0.0,0,0,1,0.27599708023043673,0.0,1.0,0.0,0.0005320610913052164,-0.0,1.3957374708142502e-18,0.0,True,0.038,0.0,0.275,0.81,0.367,0.1987438313144908,False,,False,0.0
100000004261340100,peripheral,0.75,0,0.2595,"4 колено (исходящие не выгружены): разовое поступление 48 тыс ₸ от 1 плательщика, P(пересылает)=0.64 — признаков роли нет",truncated_small,4,False,1,0,48500.0,0.0,4,0,0.0,0,0,7,0.6412975410139328,0.0,1.0,0.0,0.0003473850492015357,-0.0,2.0701759866171738e-05,0.0,True,0.038,0.0,0.415,0.622,0.367,0.3584567070435173,False,,False,0.0
100000003370425100,peripheral,0.75,0,0.2586,"4 колено (исходящие не выгружены): разовое поступление 20 тыс ₸ от 1 плательщика, P(пересылает)=0.28 — признаков роли нет",truncated_small,4,False,1,0,20000.0,0.0,1,0,0.0,0,0,7,0.28208713801341806,0.0,1.0,0.0,0.0006479504805603634,-0.0,3.3980533978684197e-19,0.0,True,0.038,0.0,0.205,0.898,0.367,0.24136384028712426,False,,False,0.0
100000005756189100,peripheral,0.7,5,0.2586,"слабые связи: 1 вход / 1 выход, 65 тыс ₸ → 49 тыс ₸, без устойчивого паттерна",,3,False,1,1,65000.0,49050.0,1,1,0.7546153846153846,0,0,7,1.0,1.0,1.0,0.0,0.00028767589053210556,-7.186666654409856e-20,0.002940174080170154,1.922024458454748e-05,False,0.035,0.0,0.607,0.07,0.81,0.7680574248541947,False,,False,0.0
100000008782421100,peripheral,0.85,4,0.2581,"мелкий получатель: разовое поступление 50 тыс ₸ от 1 плательщика, исходящих в выборке не наблюдается — признаков роли нет",small_receiver,1,False,1,0,49680.0,0.0,1,0,0.0,1,1,1,0.0,0.0,1.0,0.0,0.00029599654429156205,-0.0,-1.6434871352799926e-17,0.0,False,0.042,0.167,0.42,0.32,0.367,0.12606550022431584,False,,False,0.0
100000002757791100,peripheral,0.85,12,0.258,"мелкий получатель: разовое поступление 73 тыс ₸ от 1 плательщика, исходящих в выборке не наблюдается — признаков роли нет",small_receiver,3,False,1,0,73050.0,0.0,1,0,0.0,0,0,1,0.0,0.0,1.0,0.0,0.00031103855807725284,-0.0,4.7270722414759125e-07,0.0,False,0.042,0.0,0.507,0.48,0.367,0.07065948855989233,False,,False,0.0
100000001578517100,peripheral,0.85,10,0.2576,"мелкий получатель: разовое поступление 30 тыс ₸ от 1 плательщика, исходящих в выборке не наблюдается — признаков роли нет",small_receiver,2,False,1,0,30000.0,0.0,1,0,0.0,0,2,7,0.0,0.0,1.0,0.0,0.0002905382981663947,-0.0,4.040756032115181e-06,0.0,False,0.042,0.333,0.308,0.188,0.367,0.23396141767608794,False,,False,0.0
100000002173070100,peripheral,0.85,10,0.2576,"мелкий получатель: разовое поступление 30 тыс ₸ от 1 плательщика, исходящих в выборке не наблюдается — признаков роли нет",small_receiver,2,False,1,0,30000.0,0.0,1,0,0.0,0,2,7,0.0,0.0,1.0,0.0,0.0002905382981663947,-0.0,4.040756032115181e-06,0.0,False,0.042,0.333,0.308,0.188,0.367,0.23396141767608794,False,,False,0.0
100000007731977100,peripheral,0.75,0,0.2576,"4 колено (исходящие не выгружены): разовое поступление 50 тыс ₸ от 1 плательщика, P(пересылает)=0.26 — признаков роли нет",truncated_small,4,False,1,0,50000.0,0.0,1,0,0.0,0,0,7,0.2640756452501368,0.0,1.0,0.0,0.00033677217551547297,-0.0,3.148498033155054e-05,0.0,True,0.038,0.0,0.428,0.593,0.367,0.2148945715567519,False,,False,0.0
100000002609774100,peripheral,0.7,8,0.2575,"слабые связи: 1 вход / 1 выход, 8 тыс ₸ → 28 тыс ₸, без устойчивого паттерна",,1,False,1,1,7700.0,27500.0,1,1,3.5714285714285716,1,1,7,1.0,0.0,1.0,0.0,0.0002863971832294454,1.2056205087957731e-05,0.00029524161332082757,0.0002797007929704895,False,0.035,0.167,0.347,0.031,0.964,0.8183041722745625,False,,False,1.0
100000004991593100,peripheral,0.75,0,0.257,"4 колено (исходящие не выгружены): разовое поступление 45 тыс ₸ от 1 плательщика, P(пересылает)=0.41 — признаков роли нет",truncated_small,4,False,1,0,45000.0,0.0,2,0,0.0,0,0,7,0.4096268991260512,0.0,1.0,0.0,0.00035489105110696575,-0.0,2.9952965938862442e-05,0.0,True,0.038,0.0,0.395,0.634,0.367,0.1857335127860027,False,,False,0.0
100000001250022100,peripheral,0.85,12,0.257,"мелкий получатель: разовое поступление 50 тыс ₸ от 1 плательщика, исходящих в выборке не наблюдается — признаков роли нет",small_receiver,2,False,1,0,50000.0,0.0,1,0,0.0,0,1,1,0.0,0.0,1.0,0.0,0.00029504583266030455,-0.0,2.8721412970847028e-05,0.0,False,0.042,0.167,0.428,0.302,0.367,0.21825930910722297,False,,False,0.0
100000006687202100,peripheral,0.85,0,0.2569,"мелкий получатель: разовое поступление 50 тыс ₸ от 1 плательщика, исходящих в выборке не наблюдается — признаков роли нет",small_receiver,1,False,1,0,50000.0,0.0,1,0,0.0,1,1,7,0.0,0.0,1.0,0.0,0.00029495191537630183,-0.0,0.002151681626890832,0.0,False,0.042,0.167,0.428,0.302,0.367,0.1316733961417676,False,,False,0.0
100000002974256100,peripheral,0.85,11,0.2569,"мелкий получатель: разовое поступление 7 тыс ₸ от 1 плательщика, исходящих в выборке не наблюдается — признаков роли нет",small_receiver,2,False,1,0,7200.0,0.0,1,0,0.0,0,1,1,0.0,0.0,1.0,0.0,0.0005319059485796723,-0.0,-1.9871535178473003e-19,0.0,False,0.042,0.167,0.048,0.808,0.367,0.6760879318079857,False,,False,1.0
100000001550388100,peripheral,0.85,0,0.2569,"мелкий получатель: разовое поступление 50 тыс ₸ от 1 плательщика, исходящих в выборке не наблюдается — признаков роли нет",small_receiver,1,False,1,0,50000.0,0.0,1,0,0.0,1,1,7,0.0,0.0,1.0,0.0,0.00029495191537630183,-0.0,0.002151681626890832,0.0,False,0.042,0.167,0.428,0.302,0.367,0.1316733961417676,False,,False,0.0
100000003060187100,peripheral,0.85,19,0.2565,"мелкий получатель: разовое поступление 93 тыс ₸ от 1 плательщика, исходящих в выборке не наблюдается — признаков роли нет",small_receiver,3,False,1,0,93046.0,0.0,1,0,0.0,0,0,7,0.0,0.0,1.0,0.0,0.0003014815867240037,-0.0,8.448073393743623e-05,0.0,False,0.042,0.0,0.56,0.402,0.367,0.07222969941677883,False,,False,0.0
100000004285800100,peripheral,0.7,3,0.2565,"слабые связи: 1 вход / 1 выход, 5 тыс ₸ → 15 тыс ₸, без устойчивого паттерна",,2,False,1,1,5000.0,15000.0,1,1,3.0,0,1,10,1.0,0.0,1.0,0.0,0.0003442181347832994,-4.699305806270958e-19,-5.2659928253183246e-20,0.0,False,0.035,0.167,0.205,0.613,0.367,0.8021534320323015,False,,False,1.0
100000006706519100,peripheral,0.75,0,0.2563,"4 колено (исходящие не выгружены): разовое поступление 36 тыс ₸ от 1 плательщика, P(пересылает)=0.54 — признаков роли нет",truncated_small,4,False,1,0,36000.0,0.0,3,0,0.0,0,0,7,0.5387858089466321,0.0,1.0,0.0,0.0003907109210365758,-0.0,-1.3687790628933656e-19,0.0,True,0.038,0.0,0.35,0.69,0.367,0.3535217586361597,False,,False,0.3333333333333333
100000004358004100,distributor,0.649,16,0.2562,"веерная рассылка: 11 получателям, 17 переводов на 981 тыс ₸ (seed: входящие извне выборки не видны)",,0,True,0,11,0.0,980850.0,0,17,,0,0,0,1.0,0.0,0.0,0.0,0.0002855692942172902,0.003638172734635424,-0.0,0.0,False,0.487,0.0,0.924,0.01,0.367,0.816509645580978,False,,False,0.0
100000008304115100,peripheral,0.85,11,0.2559,"мелкий получатель: разовое поступление 51 тыс ₸ от 1 плательщика, исходящих в выборке не наблюдается — признаков роли нет",small_receiver,1,False,1,0,51000.0,0.0,1,0,0.0,1,1,1,0.0,0.0,1.0,0.0,0.0002940330019607653,-0.0,1.0100033668708282e-05,0.0,False,0.042,0.167,0.439,0.282,0.367,0.1256168685509197,False,,False,0.0
100000003622955100,peripheral,0.75,6,0.2557,"4 колено (исходящие не выгружены): разовое поступление 15 тыс ₸ от 1 плательщика, P(пересылает)=0.29 — признаков роли нет",truncated_small,4,False,1,0,15000.0,0.0,1,0,0.0,0,0,11,0.2893543358342456,0.0,1.0,0.0,0.0013342637758280147,-0.0,1.3181038676217312e-19,0.0,True,0.038,0.0,0.139,0.969,0.367,0.32009869896814713,False,,False,0.0
100000001845505100,peripheral,0.75,3,0.2554,"4 колено (исходящие не выгружены): разовое поступление 20 тыс ₸ от 1 плательщика, P(пересылает)=0.28 — признаков роли нет",truncated_small,4,False,1,0,20000.0,0.0,1,0,0.0,0,0,7,0.2818097261221561,0.0,1.0,0.0,0.0005923838494805264,-0.0,1.455960285699479e-19,0.0,True,0.038,0.0,0.205,0.879,0.367,0.24136384028712426,False,,False,0.0
100000001418900100,peripheral,0.85,4,0.2553,"мелкий получатель: разовое поступление 40 тыс ₸ от 1 плательщика, исходящих в выборке не наблюдается — признаков роли нет",small_receiver,2,False,1,0,40140.0,0.0,2,0,0.0,0,1,1,0.0,0.0,1.0,0.0,0.0002992023358647686,-0.0,6.140263830218555e-20,0.0,False,0.042,0.167,0.374,0.365,0.367,0.2830865859129655,False,,False,0.0
100000006882208100,peripheral,0.85,2,0.2552,"мелкий получатель: разовое поступление 18 тыс ₸ от 1 плательщика, исходящих в выборке не наблюдается — признаков роли нет",small_receiver,3,False,1,0,18000.0,0.0,1,0,0.0,0,0,7,0.0,0.0,1.0,0.0,0.0006403184460375327,-0.0,2.667129319448473e-06,0.0,False,0.042,0.0,0.183,0.896,0.367,0.10924181247196052,False,,False,0.0
100000006416061100,peripheral,0.75,3,0.2546,"4 колено (исходящие не выгружены): разовое поступление 30 тыс ₸ от 1 плательщика, P(пересылает)=0.27 — признаков роли нет",truncated_small,4,False,1,0,30000.0,0.0,1,0,0.0,0,0,7,0.2731863352577308,0.0,1.0,0.0,0.0004348563786213122,-0.0,-3.0129825876723083e-19,0.0,True,0.038,0.0,0.308,0.736,0.367,0.20838941229250785,False,,False,0.0
100000002713974100,peripheral,0.75,15,0.2545,"4 колено (исходящие не выгружены): разовое поступление 50 тыс ₸ от 1 плательщика, P(пересылает)=0.26 — признаков роли нет",truncated_small,4,False,1,0,50000.0,0.0,1,0,0.0,0,0,7,0.26359659513255557,0.0,1.0,0.0,0.0003299501883700866,-0.0,3.1126225434925486e-19,0.0,True,0.038,0.0,0.428,0.576,0.367,0.2148945715567519,False,,False,0.0
100000005961971100,peripheral,0.85,4,0.2544,"мелкий получатель: разовое поступление 47 тыс ₸ от 1 плательщика, исходящих в выборке не наблюдается — признаков роли нет",small_receiver,1,False,1,0,47353.0,0.0,1,0,0.0,1,1,1,0.0,0.0,1.0,0.0,0.000295508134248832,-0.0,-1.6434871352799926e-17,0.0,False,0.042,0.167,0.411,0.31,0.367,0.12090623598026021,False,,False,0.0
100000008749618100,peripheral,0.85,4,0.2541,"мелкий получатель: разовое поступление 47 тыс ₸ от 1 плательщика, исходящих в выборке не наблюдается — признаков роли нет",small_receiver,1,False,1,0,47280.0,0.0,1,0,0.0,1,1,1,0.0,0.0,1.0,0.0,0.000295492812403916,-0.0,-1.6434871352799926e-17,0.0,False,0.042,0.167,0.411,0.31,0.367,0.12225213100044863,False,,False,0.0
100000004687282100,peripheral,0.85,2,0.254,"мелкий получатель: разовое поступление 20 тыс ₸ от 1 плательщика, исходящих в выборке не наблюдается — признаков роли нет",small_receiver,2,False,1,0,20000.0,0.0,1,0,0.0,0,1,7,0.0,0.0,1.0,0.0,0.000332271768914904,-0.0,-7.941593857695002e-19,0.0,False,0.042,0.167,0.205,0.583,0.367,0.36473755047106327,False,,False,0.0
100000002904919100,peripheral,0.7,3,0.2539,"слабые связи: 1 вход / 1 выход, 60 тыс ₸ → 6 тыс ₸, без устойчивого паттерна",,3,False,1,1,60325.0,5500.0,1,1,0.09117281392457521,0,0,7,1.0,0.0,1.0,0.0,0.00029091905114297234,-1.752828935234299e-19,0.0011319384436486036,1.922024458454748e-05,False,0.035,0.0,0.49,0.199,0.81,0.30955585464333785,False,,False,0.0
100000008768896100,peripheral,0.85,4,0.2537,"мелкий получатель: разовое поступление 47 тыс ₸ от 1 плательщика, исходящих в выборке не наблюдается — признаков роли нет",small_receiver,1,False,1,0,47060.0,0.0,1,0,0.0,1,1,1,0.0,0.0,1.0,0.0,0.0002954466369808818,-0.0,-1.6434871352799926e-17,0.0,False,0.042,0.167,0.409,0.309,0.367,0.12225213100044863,False,,False,0.0
100000001805543100,peripheral,0.85,2,0.2537,"мелкий получатель: разовое поступление 59 тыс ₸ от 1 плательщика, исходящих в выборке не наблюдается — признаков роли нет",small_receiver,1,False,1,0,59000.0,0.0,1,0,0.0,1,1,7,0.0,0.0,1.0,0.0,0.0002919128593753627,-0.0,0.00029524161332082757,0.0,False,0.042,0.167,0.47,0.227,0.367,0.14445939883355766,False,,False,0.0
100000008745725100,peripheral,0.85,4,0.2537,"мелкий получатель: разовое поступление 47 тыс ₸ от 1 плательщика, исходящих в выборке не наблюдается — признаков роли нет",small_receiver,1,False,1,0,47060.0,0.0,1,0,0.0,1,1,1,0.0,0.0,1.0,0.0,0.0002954466369808818,-0.0,-1.6434871352799926e-17,0.0,False,0.042,0.167,0.409,0.309,0.367,0.12225213100044863,False,,False,0.0
100000006844004100,peripheral,0.85,0,0.2534,"мелкий получатель: разовое поступление 21 тыс ₸ от 1 плательщика, исходящих в выборке не наблюдается — признаков роли нет",small_receiver,3,False,1,0,20600.0,0.0,1,0,0.0,0,0,7,0.0,0.0,1.0,0.0,0.000545441716485238,-0.0,-3.084500106988039e-19,0.0,False,0.042,0.0,0.219,0.839,0.367,0.09869896814715119,False,,False,0.0
100000002748511100,peripheral,0.75,2,0.2531,"4 колено (исходящие не выгружены): разовое поступление 20 тыс ₸ от 1 плательщика, P(пересылает)=0.28 — признаков роли нет",truncated_small,4,False,1,0,20000.0,0.0,1,0,0.0,0,0,7,0.2818097261221561,0.0,1.0,0.0,0.0005674892808776459,-0.0,2.1155339110275913e-08,0.0,True,0.038,0.0,0.205,0.866,0.367,0.24136384028712426,False,,False,0.0
100000003097947100,peripheral,0.75,3,0.253,"4 колено (исходящие не выгружены): разовое поступление 53 тыс ₸ от 1 плательщика, P(пересылает)=0.26 — признаков роли нет",truncated_small,4,False,1,0,52980.0,0.0,1,0,0.0,0,0,7,0.2617323317505312,0.0,1.0,0.0,0.00032007838233559304,-0.0,2.991289503019262e-20,0.0,True,0.038,0.0,0.448,0.542,0.367,0.25953342305966803,False,,False,0.0
100000006523053100,peripheral,0.85,6,0.2528,"мелкий получатель: разовое поступление 5 тыс ₸ от 1 плательщика, исходящих в выборке не наблюдается — признаков роли нет",small_receiver,2,False,1,0,5000.0,0.0,1,0,0.0,0,1,10,0.0,0.0,1.0,0.0,0.0005386541417252811,-0.0,1.7489598535757485e-19,0.0,False,0.042,0.167,0.016,0.828,0.367,0.800583221175415,False,,False,1.0
100000002478829100,peripheral,0.75,10,0.2526,"4 колено (исходящие не выгружены): разовое поступление 34 тыс ₸ от 1 плательщика, P(пересылает)=0.27 — признаков роли нет",truncated_small,4,False,1,0,34000.0,0.0,1,0,0.0,0,0,7,0.2717286418573761,0.0,1.0,0.0,0.0003873344502832999,-0.0,6.431049768247204e-19,0.0,True,0.038,0.0,0.337,0.686,0.367,0.1832660385823239,False,,False,0.0
100000008583971100,peripheral,0.508,3,0.2525,"4 колено, обход оборван: исходящие не видны, P(пересылает)=0.47 — роль не определить, получил 51 тыс ₸",truncated_unknown,4,False,2,0,51000.0,0.0,2,0,0.0,0,0,7,0.47181190484690666,0.0,1.0,0.0,0.00032971602313587844,-0.0,3.832291950971469e-05,0.0,True,0.025,0.0,0.439,0.574,0.367,0.9035441902198296,False,,False,0.0
100000005082652100,peripheral,0.85,13,0.2524,"мелкий получатель: разовое поступление 30 тыс ₸ от 1 плательщика, исходящих в выборке не наблюдается — признаков роли нет",small_receiver,3,False,1,0,30000.0,0.0,1,0,0.0,0,0,1,0.0,0.0,1.0,0.0,0.00040800365167801807,-0.0,3.4990893682059465e-08,0.0,False,0.042,0.0,0.308,0.714,0.367,0.04329295648272768,False,,False,0.0
100000004765639100,peripheral,0.7,10,0.2522,"слабые связи: 1 вход / 2 выход, 5 тыс ₸ → 11 тыс ₸, без устойчивого паттерна",,2,False,1,2,5000.0,11000.0,1,2,2.2,0,1,7,1.0,0.5454545454545454,1.0,2.0,0.00036185625061451924,0.0009381957052138364,1.4206363640228022e-07,0.0,False,0.035,0.167,0.158,0.65,0.367,0.908030506953791,False,,False,1.0
100000008579978100,peripheral,0.7,5,0.2518,"слабые связи: 1 вход / 1 выход, 34 тыс ₸ → 77 тыс ₸, без устойчивого паттерна",,3,False,1,1,34000.0,77000.0,1,6,2.264705882352941,0,0,7,1.0,0.35064935064935066,1.0,0.0,0.00028667120613580906,-9.631080003582154e-20,0.002940174080170154,1.922024458454748e-05,False,0.035,0.0,0.602,0.039,0.81,0.5711081202332885,False,,False,0.0
100000003934614100,peripheral,0.7,17,0.2518,"слабые связи: 2 вход / 1 выход, 17 тыс ₸ → 12 тыс ₸, без устойчивого паттерна",,3,False,2,1,17000.0,11500.0,2,2,0.6764705882352942,0,0,7,1.0,1.0,1.0,4.0,0.0003134906893691786,6.456347803132098e-08,1.7773134812795195e-05,6.604895046236247e-08,False,0.035,0.0,0.294,0.5,0.734,0.9650067294751009,False,,False,0.5
100000003216073100,peripheral,0.7,10,0.2517,"слабые связи: 1 вход / 1 выход, 37 тыс ₸ → 70 тыс ₸, без устойчивого паттерна",,3,False,1,1,37001.0,70000.0,1,1,1.891840761060512,0,0,1,1.0,0.0,1.0,0.0,0.0002882046043550009,1.1247464983798278e-19,7.936044353374742e-05,7.925874055483496e-07,False,0.035,0.0,0.594,0.087,0.752,0.35711081202332884,False,,False,0.0
100000008729597100,peripheral,0.85,3,0.2516,"мелкий получатель: разовое поступление 83 тыс ₸ от 1 плательщика, исходящих в выборке не наблюдается — признаков роли нет",small_receiver,3,False,1,0,83090.0,0.0,1,0,0.0,0,0,7,0.0,0.0,1.0,0.0,0.0003024747023657878,-0.0,0.0016044117981357526,0.0,False,0.042,0.0,0.531,0.412,0.367,0.06886496186630776,False,,False,0.0
100000005022964100,peripheral,0.85,6,0.2514,"мелкий получатель: разовое поступление 20 тыс ₸ от 1 плательщика, исходящих в выборке не наблюдается — признаков роли нет",small_receiver,2,False,1,0,20000.0,0.0,1,0,0.0,0,1,10,0.0,0.0,1.0,0.0,0.00032736478588998896,-0.0,9.93460192638834e-19,0.0,False,0.042,0.167,0.205,0.569,0.367,0.36473755047106327,False,,False,0.0
100000001339466100,peripheral,0.85,0,0.2512,"мелкий получатель: разовое поступление 30 тыс ₸ от 1 плательщика, исходящих в выборке не наблюдается — признаков роли нет",small_receiver,2,False,1,0,30000.0,0.0,1,0,0.0,0,1,9,0.0,0.0,1.0,0.0,0.00030390187452179355,-0.0,0.00014276729694478647,0.0,False,0.042,0.167,0.308,0.429,0.367,0.23396141767608794,False,,False,0.0
100000002750956100,peripheral,0.85,0,0.2511,"мелкий получатель: разовое поступление 47 тыс ₸ от 1 плательщика, исходящих в выборке не наблюдается — признаков роли нет",small_receiver,1,False,1,0,47416.0,0.0,1,0,0.0,1,1,7,0.0,0.0,1.0,0.0,0.0002944670215148041,-0.0,0.002151681626890832,0.0,False,0.042,0.167,0.412,0.29,0.367,0.12090623598026021,False,,False,0.0
100000002736033100,peripheral,0.7,14,0.2511,"слабые связи: 1 вход / 1 выход, 35 тыс ₸ → 11 тыс ₸, без устойчивого паттерна",,3,False,1,1,34530.0,11000.0,1,1,0.3185635679119606,0,0,7,1.0,0.0,1.0,0.0,0.0002951801714040782,-1.2622048567720975e-19,1.869218805296409e-05,1.922024458454748e-05,False,0.035,0.0,0.399,0.305,0.81,0.3266038582323912,False,,False,0.0
100000001164648100,terminal,0.838,9,0.2507,"получил 14 тыс ₸ от 2 плательщ.; исходящих ≥5 тыс ₸ в выборке не наблюдается (колено 1, исходящие выгружены)",observed_sink,1,False,2,0,13660.0,0.0,2,0,0.0,1,1,7,0.0,0.0,1.0,0.0,0.00029014259597535106,-0.0,0.0002989289952673545,0.0,False,0.293,0.167,0.121,0.175,0.367,0.7667115298340063,False,,False,1.0
100000002459164100,peripheral,0.85,14,0.2497,"мелкий получатель: разовое поступление 20 тыс ₸ от 1 плательщика, исходящих в выборке не наблюдается — признаков роли нет",small_receiver,3,False,1,0,20000.0,0.0,1,0,0.0,0,0,7,0.0,0.0,1.0,0.0,0.0005418286835835163,-0.0,6.5207940478025215e-19,0.0,False,0.042,0.0,0.205,0.836,0.367,0.0955585464333782,False,,False,0.0
100000001270470100,peripheral,0.75,3,0.2497,"4 колено (исходящие не выгружены): разовое поступление 28 тыс ₸ от 1 плательщика, P(пересылает)=0.42 — признаков роли нет",truncated_small,4,False,1,0,28300.0,0.0,2,0,0.0,0,0,7,0.42115416980507914,0.0,1.0,0.0,0.00042974130560740703,-0.0,-5.929926135607202e-19,0.0,True,0.038,0.0,0.292,0.73,0.367,0.30148048452220727,False,,False,0.0
100000005756535100,peripheral,0.85,4,0.2496,"мелкий получатель: разовое поступление 20 тыс ₸ от 1 плательщика, исходящих в выборке не наблюдается — признаков роли нет",small_receiver,3,False,1,0,20000.0,0.0,1,0,0.0,0,0,1,0.0,0.0,1.0,0.0,0.0005415991635083541,-0.0,-4.2355053883106884e-19,0.0,False,0.042,0.0,0.205,0.836,0.367,0.0955585464333782,False,,False,0.0
100000002621915100,peripheral,0.85,2,0.2495,"мелкий получатель: разовое поступление 5 тыс ₸ от 1 плательщика, исходящих в выборке не наблюдается — признаков роли нет",small_receiver,2,False,1,0,5000.0,0.0,1,0,0.0,0,1,7,0.0,0.0,1.0,0.0,0.0005320392011730527,-0.0,2.9352968914654566e-19,0.0,False,0.042,0.167,0.016,0.809,0.367,0.800583221175415,False,,False,1.0
100000002236528100,peripheral,0.85,0,0.2493,"мелкий получатель: разовое поступление 66 тыс ₸ от 1 плательщика, исходящих в выборке не наблюдается — признаков роли нет",small_receiver,3,False,1,0,66000.0,0.0,1,0,0.0,0,0,7,0.0,0.0,1.0,0.0,0.0003072417833612635,-0.0,0.00010831189958102266,0.0,False,0.042,0.0,0.491,0.453,0.367,0.05271422162404666,False,,False,0.0
100000008071620100,peripheral,0.85,0,0.2492,"мелкий получатель: разовое поступление 47 тыс ₸ от 1 плательщика, исходящих в выборке не наблюдается — признаков роли нет",small_receiver,1,False,1,0,46968.0,0.0,1,0,0.0,1,1,7,0.0,0.0,1.0,0.0,0.00029438295322921934,-0.0,0.002151681626890832,0.0,False,0.042,0.167,0.405,0.289,0.367,0.12225213100044863,False,,False,0.0
100000005367284100,peripheral,0.7,3,0.2481,"слабые связи: 1 вход / 2 выход, 14 тыс ₸ → 48 тыс ₸, без устойчивого паттерна",,3,False,1,2,13700.0,48300.0,1,5,3.5255474452554743,0,0,7,1.0,0.2836438923395445,1.0,0.0,0.00028914323405377295,-5.047855798207783e-19,0.0011379074330901441,3.844048916909496e-05,False,0.035,0.0,0.481,0.133,0.879,0.6904441453566622,False,,False,0.0
100000004791226100,peripheral,0.75,0,0.2477,"4 колено (исходящие не выгружены): разовое поступление 20 тыс ₸ от 1 плательщика, P(пересылает)=0.28 — признаков роли нет",truncated_small,4,False,1,0,20000.0,0.0,1,0,0.0,0,0,7,0.28286477256526366,0.0,1.0,0.0,0.000541483660737929,-0.0,-1.9088634275985065e-19,0.0,True,0.038,0.0,0.205,0.835,0.367,0.24136384028712426,False,,False,0.0
100000000978041100,peripheral,0.85,4,0.2475,"мелкий получатель: разовое поступление 44 тыс ₸ от 1 плательщика, исходящих в выборке не наблюдается — признаков роли нет",small_receiver,1,False,1,0,44445.0,0.0,1,0,0.0,1,1,1,0.0,0.0,1.0,0.0,0.0002948977791116342,-0.0,-1.6434871352799926e-17,0.0,False,0.042,0.167,0.389,0.3,0.367,0.11776581426648722,False,,False,0.0
100000008744849100,peripheral,0.85,4,0.2475,"мелкий получатель: разовое поступление 44 тыс ₸ от 1 плательщика, исходящих в выборке не наблюдается — признаков роли нет",small_receiver,1,False,1,0,44445.0,0.0,1,0,0.0,1,1,1,0.0,0.0,1.0,0.0,0.0002948977791116342,-0.0,-1.6434871352799926e-17,0.0,False,0.042,0.167,0.389,0.3,0.367,0.11776581426648722,False,,False,0.0
100000004254434100,peripheral,0.85,4,0.2475,"мелкий получатель: разовое поступление 44 тыс ₸ от 1 плательщика, исходящих в выборке не наблюдается — признаков роли нет",small_receiver,1,False,1,0,44445.0,0.0,2,0,0.0,1,1,1,0.0,0.0,1.0,0.0,0.0002948977791116342,-0.0,-1.6434871352799926e-17,0.0,False,0.042,0.167,0.389,0.3,0.367,0.2202781516375056,False,,False,0.0
100000001816678100,peripheral,0.75,0,0.247,"4 колено (исходящие не выгружены): разовое поступление 60 тыс ₸ от 1 плательщика, P(пересылает)=0.26 — признаков роли нет",truncated_small,4,False,1,0,60000.0,0.0,1,0,0.0,0,0,7,0.25916934517844303,0.0,1.0,0.0,0.00030965522203982006,-0.0,2.308582546005902e-05,0.0,True,0.038,0.0,0.475,0.471,0.367,0.27545984746523106,False,,False,0.0
100000008664469100,peripheral,0.85,6,0.2469,"мелкий получатель: разовое поступление 25 тыс ₸ от 1 плательщика, исходящих в выборке не наблюдается — признаков роли нет",small_receiver,1,False,1,0,25000.0,0.0,1,0,0.0,1,2,10,0.0,0.0,1.0,0.0,0.00029057520506134383,-0.0,0.0004611679650745722,0.0,False,0.042,0.333,0.26,0.19,0.367,0.2821893225661732,False,,False,0.0
100000007289427100,peripheral,0.85,16,0.2467,"мелкий получатель: разовое поступление 12 тыс ₸ от 1 плательщика, исходящих в выборке не наблюдается — признаков роли нет",small_receiver,2,False,1,0,12300.0,0.0,1,0,0.0,0,1,1,0.0,0.0,1.0,0.0,0.0003736269529532959,-0.0,3.8269630828450125e-19,0.0,False,0.042,0.167,0.109,0.669,0.367,0.5177209510991476,False,,False,0.0
100000008738325100,peripheral,0.7,18,0.2467,seed: отправил 54 тыс ₸ 1 получателям; для консолидации/рассылки мало связей,,0,True,1,1,36550.0,54000.0,1,1,1.4774281805745555,1,1,1,1.0,0.0,1.0,0.0,0.0005285862410602071,1.2465382826268224e-06,-1.7860283740699182e-19,1.981468513870874e-07,False,0.035,0.167,0.555,0.791,0.736,0.6653207716464783,False,,False,0.0
100000008417359100,peripheral,0.7,14,0.2466,"слабые связи: 1 вход / 2 выход, 41 тыс ₸ → 111 тыс ₸, без устойчивого паттерна",,3,False,1,2,40810.0,110760.0,2,3,2.714040676304827,0,0,7,1.0,0.8125677139761647,1.0,1.0,0.0002919927493261812,0.0002451269828733596,0.00023334462577838898,0.0,False,0.035,0.0,0.657,0.231,0.367,0.8331090174966352,False,,False,0.0
100000006967370100,peripheral,0.7,14,0.2465,"слабые связи: 1 вход / 1 выход, 33 тыс ₸ → 14 тыс ₸, без устойчивого паттерна",,3,False,1,1,33225.0,13526.27,1,1,0.40711121143717083,0,0,7,1.0,1.0,1.0,0.0,0.00029359429537827847,8.207068835103524e-20,0.0004659018150489403,1.922024458454748e-05,False,0.035,0.0,0.404,0.272,0.81,0.7801704800358905,False,,False,0.0
100000002613776100,peripheral,0.85,0,0.2465,"мелкий получатель: разовое поступление 30 тыс ₸ от 1 плательщика, исходящих в выборке не наблюдается — признаков роли нет",small_receiver,2,False,1,0,30000.0,0.0,2,0,0.0,0,1,7,0.0,0.0,1.0,0.0,0.0003014863033266457,-0.0,0.00015948068360919774,0.0,False,0.042,0.167,0.308,0.402,0.367,0.3566621803499327,False,,False,0.0
100000005100475100,peripheral,0.85,12,0.2465,"мелкий получатель: разовое поступление 40 тыс ₸ от 1 плательщика, исходящих в выборке не наблюдается — признаков роли нет",small_receiver,3,False,1,0,40000.0,0.0,1,0,0.0,0,0,1,0.0,0.0,1.0,0.0,0.0003377497462501427,-0.0,6.610959453534579e-19,0.0,False,0.042,0.0,0.371,0.597,0.367,0.029385374607447286,False,,False,0.0
100000005497148100,peripheral,0.75,5,0.2465,"4 колено (исходящие не выгружены): разовое поступление 24 тыс ₸ от 1 плательщика, P(пересылает)=0.42 — признаков роли нет",truncated_small,4,False,1,0,24000.0,0.0,2,0,0.0,0,0,7,0.4249648003852877,0.0,1.0,0.0,0.0004900139425044343,-0.0,6.396318973397582e-19,0.0,True,0.038,0.0,0.248,0.77,0.367,0.3088829071332436,False,,False,0.0
100000004691350100,peripheral,0.75,38,0.2463,"4 колено (исходящие не выгружены): разовое поступление 13 тыс ₸ от 1 плательщика, P(пересылает)=0.29 — признаков роли нет",truncated_small,4,False,1,0,13300.0,0.0,1,0,0.0,0,0,7,0.29172505427101836,0.0,1.0,0.0,0.0008870591048616315,-0.0,-4.997135773807468e-19,0.0,True,0.038,0.0,0.119,0.942,0.367,0.36989681471511887,False,,False,0.0
100000008634520100,peripheral,0.85,1,0.2461,"мелкий получатель: разовое поступление 90 тыс ₸ от 1 плательщика, исходящих в выборке не наблюдается — признаков роли нет",small_receiver,3,False,1,0,90000.0,0.0,1,0,0.0,0,0,8,0.0,0.0,1.0,0.0,0.0002984829159965065,-0.0,2.6125683863490796e-07,0.0,False,0.042,0.0,0.551,0.353,0.367,0.07312696276357111,False,,False,0.0
100000008782800100,peripheral,0.85,4,0.2459,"мелкий получатель: разовое поступление 43 тыс ₸ от 1 плательщика, исходящих в выборке не наблюдается — признаков роли нет",small_receiver,1,False,1,0,43381.0,0.0,1,0,0.0,1,1,1,0.0,0.0,1.0,0.0,0.0002946744579747778,-0.0,-1.6434871352799926e-17,0.0,False,0.042,0.167,0.385,0.296,0.367,0.11843876177658143,False,,False,0.0
100000002723439100,peripheral,0.75,29,0.2459,"4 колено (исходящие не выгружены): разовое поступление 18 тыс ₸ от 1 плательщика, P(пересылает)=0.43 — признаков роли нет",truncated_small,4,False,1,0,18000.0,0.0,2,0,0.0,0,0,8,0.4314000135695454,0.0,1.0,0.0,0.0005526233540248626,-0.0,4.114063625080316e-20,0.0,True,0.038,0.0,0.183,0.853,0.367,0.39636608344549124,False,,False,0.5
100000002380341100,peripheral,0.85,0,0.2457,"мелкий получатель: разовое поступление 58 тыс ₸ от 1 плательщика, исходящих в выборке не наблюдается — признаков роли нет",small_receiver,3,False,1,0,57566.4,0.0,1,0,0.0,0,0,7,0.0,0.0,1.0,0.0,0.00030913653652387497,-0.0,0.0006428156846267583,0.0,False,0.042,0.0,0.466,0.465,0.367,0.03050695379093764,False,,False,0.0
100000008661585100,peripheral,0.85,4,0.2454,"мелкий получатель: разовое поступление 43 тыс ₸ от 1 плательщика, исходящих в выборке не наблюдается — признаков роли нет",small_receiver,1,False,1,0,43141.0,0.0,1,0,0.0,1,1,1,0.0,0.0,1.0,0.0,0.0002946240847860133,-0.0,-1.6434871352799926e-17,0.0,False,0.042,0.167,0.384,0.294,0.367,0.11484970838941229,False,,False,0.0
100000003500764100,peripheral,0.75,14,0.2453,"4 колено (исходящие не выгружены): разовое поступление 21 тыс ₸ от 1 плательщика, P(пересылает)=0.28 — признаков роли нет",truncated_small,4,False,1,0,21000.0,0.0,1,0,0.0,0,0,7,0.28188484180300816,0.0,1.0,0.0,0.0005301918184248231,-0.0,7.579944436317211e-19,0.0,True,0.038,0.0,0.222,0.798,0.367,0.24697173620457605,False,,False,0.0
100000008717375100,peripheral,0.85,16,0.2453,"мелкий получатель: разовое поступление 30 тыс ₸ от 1 плательщика, исходящих в выборке не наблюдается — признаков роли нет",small_receiver,2,False,1,0,29506.0,0.0,1,0,0.0,0,1,8,0.0,0.0,1.0,0.0,0.00030177496912352865,-0.0,2.2343493947030172e-18,0.0,False,0.042,0.167,0.301,0.405,0.367,0.22992373261552265,False,,False,0.0
100000005409680100,terminal,0.858,0,0.2452,"получил 55 тыс ₸ от 2 плательщ.; исходящих ≥5 тыс ₸ в выборке не наблюдается (колено 0, исходящие выгружены)",observed_sink,0,True,2,0,55060.0,0.0,2,0,0.0,0,0,9,0.0,0.0,1.0,0.0,0.0006335288187931603,-0.0,3.582520634368287e-05,0.0,False,0.3,0.0,0.461,0.895,0.367,0.7694033198743832,False,,False,0.0
100000008229700100,peripheral,0.7,11,0.245,"слабые связи: 1 вход / 1 выход, 24 тыс ₸ → 7 тыс ₸, без устойчивого паттерна",,1,False,1,1,23500.0,7200.0,1,1,0.30638297872340425,1,1,1,1.0,0.0,1.0,0.0,0.00028946923798144053,-8.457832507189709e-20,1.0100033668708282e-05,1.981468513870874e-07,False,0.035,0.167,0.318,0.15,0.736,0.4997756841633019,False,,False,0.0
100000008776298100,peripheral,0.85,4,0.2449,"мелкий получатель: разовое поступление 43 тыс ₸ от 1 плательщика, исходящих в выборке не наблюдается — признаков роли нет",small_receiver,1,False,1,0,42800.0,0.0,1,0,0.0,1,1,1,0.0,0.0,1.0,0.0,0.0002945525128803102,-0.0,-1.6434871352799926e-17,0.0,False,0.042,0.167,0.383,0.293,0.367,0.11978465679676985,False,,False,0.0
100000005189258100,peripheral,0.75,0,0.2446,"4 колено (исходящие не выгружены): разовое поступление 50 тыс ₸ от 1 плательщика, P(пересылает)=0.26 — признаков роли нет",truncated_small,4,False,1,0,50000.0,0.0,1,0,0.0,0,0,7,0.2633306973972858,0.0,1.0,0.0,0.0003159764329458025,-0.0,4.837478490190456e-05,0.0,True,0.038,0.0,0.428,0.519,0.367,0.2148945715567519,False,,False,0.0
100000001632325100,peripheral,0.85,7,0.2445,"мелкий получатель: разовое поступление 86 тыс ₸ от 1 плательщика, исходящих в выборке не наблюдается — признаков роли нет",small_receiver,3,False,1,0,85600.0,0.0,3,0,0.0,0,0,1,0.0,0.0,1.0,0.0,0.0002989295521153426,-0.0,-1.528429321286511e-17,0.0,False,0.042,0.0,0.54,0.36,0.367,0.09152086137281291,False,,False,0.0
100000005237935150,peripheral,0.85,9,0.2445,"мелкий получатель: разовое поступление 35 тыс ₸ от 1 плательщика, исходящих в выборке не наблюдается — признаков роли нет",small_receiver,2,False,1,0,34508.0,0.0,1,0,0.0,0,1,1,0.0,0.0,1.0,0.0,0.0002979773495560404,-0.0,4.0882453974806574e-08,0.0,False,0.042,0.167,0.339,0.349,0.367,0.2512337371018394,False,,False,0.0
100000003039473100,peripheral,0.85,2,0.2445,"мелкий получатель: разовое поступление 23 тыс ₸ от 1 плательщика, исходящих в выборке не наблюдается — признаков роли нет",small_receiver,2,False,1,0,23000.0,0.0,1,0,0.0,0,1,7,0.0,0.0,1.0,0.0,0.000312213895660518,-0.0,-1.3808868377523872e-20,0.0,False,0.042,0.167,0.235,0.489,0.367,0.3615971287572903,False,,False,0.0
100000002597003100,peripheral,0.7,0,0.2442,"слабые связи: 1 вход / 1 выход, 18 тыс ₸ → 11 тыс ₸, без устойчивого паттерна",,1,False,1,1,17700.0,11000.0,1,1,0.6214689265536724,1,1,7,1.0,0.0,1.0,0.0,0.00028889074210758034,5.809764043655682e-20,0.002151681626890832,1.922024458454748e-05,False,0.035,0.167,0.295,0.126,0.81,0.566621803499327,False,,False,0.0
100000004456564100,peripheral,0.85,8,0.2442,"мелкий получатель: разовое поступление 10 тыс ₸ от 1 плательщика, исходящих в выборке не наблюдается — признаков роли нет",small_receiver,2,False,1,0,10000.0,0.0,2,0,0.0,0,1,8,0.0,0.0,1.0,0.0,0.0003923872798230175,-0.0,2.4459940061490063e-20,0.0,False,0.042,0.167,0.079,0.695,0.367,0.6956034096007178,False,,False,1.0
100000005032294100,peripheral,0.85,8,0.2442,"мелкий получатель: разовое поступление 10 тыс ₸ от 1 плательщика, исходящих в выборке не наблюдается — признаков роли нет",small_receiver,2,False,1,0,10000.0,0.0,1,0,0.0,0,1,8,0.0,0.0,1.0,0.0,0.0003923872798230175,-0.0,2.4459940061490063e-20,0.0,False,0.042,0.167,0.079,0.695,0.367,0.5803050695379094,False,,False,0.0
100000005669845100,peripheral,0.85,24,0.2439,"мелкий получатель: разовое поступление 20 тыс ₸ от 1 плательщика, исходящих в выборке не наблюдается — признаков роли нет",small_receiver,1,False,1,0,20000.0,0.0,1,0,0.0,1,1,1,0.0,0.0,1.0,0.0,0.00031753584489255785,-0.0,-5.660202029520676e-19,0.0,False,0.042,0.167,0.205,0.525,0.367,0.4028712427097353,False,,False,0.0
100000008461217100,peripheral,0.75,6,0.2436,"4 колено (исходящие не выгружены): разовое поступление 18 тыс ₸ от 1 плательщика, P(пересылает)=0.28 — признаков роли нет",truncated_small,4,False,1,0,18000.0,0.0,1,0,0.0,0,0,10,0.2841598916708806,0.0,1.0,0.0,0.000545589789549071,-0.0,1.171563409819498e-18,0.0,True,0.038,0.0,0.183,0.839,0.367,0.2851054284432481,False,,False,0.0
100000003888527100,peripheral,0.85,5,0.2432,"мелкий получатель: разовое поступление 30 тыс ₸ от 1 плательщика, исходящих в выборке не наблюдается — признаков роли нет",small_receiver,3,False,1,0,30000.0,0.0,1,0,0.0,0,0,7,0.0,0.0,1.0,0.0,0.0003666748083508467,-0.0,2.4284366617555375e-05,0.0,False,0.042,0.0,0.308,0.661,0.367,0.04329295648272768,False,,False,0.0
100000001130553100,peripheral,0.75,14,0.2431,"4 колено (исходящие не выгружены): разовое поступление 18 тыс ₸ от 1 плательщика, P(пересылает)=0.35 — признаков роли нет",truncated_small,4,False,1,0,18000.0,0.0,2,0,0.0,0,0,7,0.34918100674913877,0.0,1.0,0.0,0.0005436529519802205,-0.0,1.755526989694657e-19,0.0,True,0.038,0.0,0.183,0.837,0.367,0.39636608344549124,False,,False,0.5
100000007653094100,peripheral,0.75,0,0.243,"4 колено (исходящие не выгружены): разовое поступление 16 тыс ₸ от 1 плательщика, P(пересылает)=0.29 — признаков роли нет",truncated_small,4,False,1,0,16000.0,0.0,1,0,0.0,0,0,7,0.2876294129097923,0.0,1.0,0.0,0.0005754742432917488,-0.0,3.3980533978684197e-19,0.0,True,0.038,0.0,0.158,0.871,0.367,0.3073126962763571,False,,False,0.0
100000001232297100,peripheral,0.7,28,0.243,"слабые связи: 1 вход / 2 выход, 5 тыс ₸ → 45 тыс ₸, без устойчивого паттерна",,2,False,1,2,5000.0,45000.0,1,2,9.0,0,1,10,1.0,0.0,1.0,2.0,0.000292151832806559,0.00031419503306721224,4.876477815530408e-08,0.0,False,0.035,0.167,0.428,0.237,0.367,0.873485868102288,False,,False,1.0
100000001223977100,peripheral,0.7,6,0.2428,"слабые связи: 1 вход / 1 выход, 5 тыс ₸ → 18 тыс ₸, без устойчивого паттерна",,3,False,1,1,5000.0,18000.0,1,1,3.6,0,0,10,1.0,0.0,1.0,0.0,0.0003055412798976374,4.986472863223847e-19,-9.556699845439188e-19,2.4173915869224665e-05,False,0.035,0.0,0.235,0.438,0.867,0.7397936294302377,False,,False,1.0
100000008717340100,peripheral,0.85,4,0.2427,"мелкий получатель: разовое поступление 42 тыс ₸ от 1 плательщика, исходящих в выборке не наблюдается — признаков роли нет",small_receiver,1,False,1,0,41500.0,0.0,1,0,0.0,1,1,1,0.0,0.0,1.0,0.0,0.0002942796581078353,-0.0,-1.6434871352799926e-17,0.0,False,0.042,0.167,0.378,0.286,0.367,0.12337371018393899,False,,False,0.0
100000008757369100,peripheral,0.7,3,0.2426,"слабые связи: 1 вход / 1 выход, 26 тыс ₸ → 58 тыс ₸, без устойчивого паттерна",,3,False,1,1,25961.0,58398.0,1,3,2.249451099726513,0,0,7,1.0,0.8989691427788623,1.0,0.0,0.0002878715741932145,2.629296611904604e-19,0.0011319384436486036,1.922024458454748e-05,False,0.035,0.0,0.534,0.076,0.81,0.759533423059668,False,,False,0.0
100000008383405100,peripheral,0.85,11,0.2425,"мелкий получатель: разовое поступление 25 тыс ₸ от 1 плательщика, исходящих в выборке не наблюдается — признаков роли нет",small_receiver,1,False,1,0,25000.0,0.0,2,0,0.0,1,1,1,0.0,0.0,1.0,0.0,0.0003060252661737647,-0.0,-3.331631686555029e-20,0.0,False,0.042,0.167,0.26,0.443,0.367,0.49663526244952894,False,,False,0.5
100000002703376100,peripheral,0.85,14,0.2424,"мелкий получатель: разовое поступление 47 тыс ₸ от 1 плательщика, исходящих в выборке не наблюдается — признаков роли нет",small_receiver,2,False,1,0,46501.0,0.0,1,0,0.0,0,1,7,0.0,0.0,1.0,0.0,0.0002928030278827949,-0.0,5.1721343332135395e-05,0.0,False,0.042,0.167,0.403,0.252,0.367,0.19201435621354868,False,,False,0.0
100000002369454100,peripheral,0.75,3,0.2423,"4 колено (исходящие не выгружены): разовое поступление 25 тыс ₸ от 1 плательщика, P(пересылает)=0.28 — признаков роли нет",truncated_small,4,False,1,0,25000.0,0.0,1,0,0.0,0,0,7,0.27759828167253936,0.0,1.0,0.0,0.0004288818435522467,-0.0,-1.3403592204924944e-18,0.0,True,0.038,0.0,0.26,0.729,0.367,0.1971736204576043,False,,False,0.0
100000001598625100,peripheral,0.75,3,0.2423,"4 колено (исходящие не выгружены): разовое поступление 25 тыс ₸ от 1 плательщика, P(пересылает)=0.28 — признаков роли нет",truncated_small,4,False,1,0,25000.0,0.0,1,0,0.0,0,0,7,0.27809316851146365,0.0,1.0,0.0,0.0004288818435522467,-0.0,-1.3403592204924944e-18,0.0,True,0.038,0.0,0.26,0.729,0.367,0.1971736204576043,False,,False,0.0
100000001379511100,peripheral,0.85,27,0.2422,"мелкий получатель: разовое поступление 55 тыс ₸ от 1 плательщика, исходящих в выборке не наблюдается — признаков роли нет",small_receiver,3,False,1,0,55000.0,0.0,1,0,0.0,0,0,7,0.0,0.0,1.0,0.0,0.00030729079119071103,-0.0,4.867829532676994e-08,0.0,False,0.042,0.0,0.46,0.453,0.367,0.02288021534320323,False,,False,0.0
100000002028158100,peripheral,0.85,2,0.2419,"мелкий получатель: разовое поступление 35 тыс ₸ от 1 плательщика, исходящих в выборке не наблюдается — признаков роли нет",small_receiver,2,False,1,0,34800.0,0.0,1,0,0.0,0,1,7,0.0,0.0,1.0,0.0,0.00029664059842346663,-0.0,3.567634960949523e-05,0.0,False,0.042,0.167,0.341,0.331,0.367,0.23710183938986093,False,,False,0.0
100000007930878100,peripheral,0.85,33,0.2418,"мелкий получатель: разовое поступление 5 тыс ₸ от 1 плательщика, исходящих в выборке не наблюдается — признаков роли нет",small_receiver,2,False,1,0,5000.0,0.0,1,0,0.0,0,1,1,0.0,0.0,1.0,0.0,0.00048363772579278794,-0.0,-3.3436547076575366e-19,0.0,False,0.042,0.167,0.016,0.765,0.367,0.800583221175415,False,,False,1.0
100000008745474100,peripheral,0.85,4,0.2416,"мелкий получатель: разовое поступление 41 тыс ₸ от 1 плательщика, исходящих в выборке не наблюдается — признаков роли нет",small_receiver,1,False,1,0,40559.0,0.0,1,0,0.0,1,1,1,0.0,0.0,1.0,0.0,0.00029408215323022076,-0.0,-1.6434871352799926e-17,0.0,False,0.042,0.167,0.376,0.283,0.367,0.13503813369223866,False,,False,0.0
100000000737152100,peripheral,0.75,5,0.2416,"4 колено (исходящие не выгружены): разовое поступление 35 тыс ₸ от 1 плательщика, P(пересылает)=0.27 — признаков роли нет",truncated_small,4,False,1,0,35000.0,0.0,1,0,0.0,0,0,7,0.2711824215888631,0.0,1.0,0.0,0.0003445071691804108,-0.0,-6.529540781339084e-19,0.0,True,0.038,0.0,0.344,0.614,0.367,0.18192014356213548,False,,False,0.0
100000005852946100,peripheral,0.85,6,0.2416,"мелкий получатель: разовое поступление 24 тыс ₸ от 1 плательщика, исходящих в выборке не наблюдается — признаков роли нет",small_receiver,1,False,1,0,23746.0,0.0,1,0,0.0,1,2,10,0.0,0.0,1.0,0.0,0.00029032410857340613,-0.0,0.0004611679650745722,0.0,False,0.042,0.333,0.246,0.18,0.367,0.30776132794975325,False,,False,0.0
100000005723580100,peripheral,0.75,1,0.2414,"4 колено (исходящие не выгружены): разовое поступление 35 тыс ₸ от 1 плательщика, P(пересылает)=0.27 — признаков роли нет",truncated_small,4,False,1,0,35000.0,0.0,1,0,0.0,0,0,8,0.2707493276059222,0.0,1.0,0.0,0.00034433622437463323,-0.0,-9.119344982315122e-19,0.0,True,0.038,0.0,0.344,0.613,0.367,0.18192014356213548,False,,False,0.0
100000002373144100,peripheral,0.7,3,0.2414,"слабые связи: 1 вход / 1 выход, 46 тыс ₸ → 11 тыс ₸, без устойчивого паттерна",,3,False,1,1,46468.0,10764.0,1,1,0.2316432813979513,0,0,7,1.0,0.0,1.0,0.0,0.00028969018116006015,2.0637868284013445e-19,0.0011319384436486036,1.922024458454748e-05,False,0.035,0.0,0.465,0.161,0.81,0.3373710183938986,False,,False,0.0
100000002832753100,peripheral,0.75,31,0.2412,"4 колено (исходящие не выгружены): разовое поступление 12 тыс ₸ от 1 плательщика, P(пересылает)=0.29 — признаков роли нет",truncated_small,4,False,1,0,12500.0,0.0,1,0,0.0,0,0,7,0.2928989650910275,0.0,1.0,0.0,0.0007555331214190848,-0.0,4.348269111456245e-19,0.0,True,0.038,0.0,0.111,0.922,0.367,0.3764019739793629,False,,False,0.0
100000006512787100,peripheral,0.75,0,0.2411,"4 колено (исходящие не выгружены): разовое поступление 20 тыс ₸ от 1 плательщика, P(пересылает)=0.43 — признаков роли нет",truncated_small,4,False,1,0,20000.0,0.0,2,0,0.0,0,0,7,0.42896478489804996,0.0,1.0,0.0,0.0005300461906110868,-0.0,-1.1916906642321952e-18,0.0,True,0.038,0.0,0.205,0.797,0.367,0.35576491700314045,False,,False,0.0
100000004988240100,peripheral,0.75,0,0.2409,"4 колено (исходящие не выгружены): разовое поступление 20 тыс ₸ от 1 плательщика, P(пересылает)=0.28 — признаков роли нет",truncated_small,4,False,1,0,20000.0,0.0,1,0,0.0,0,0,7,0.28208713801341806,0.0,1.0,0.0,0.0005299271891403055,-0.0,-1.860565055174929e-19,0.0,True,0.038,0.0,0.205,0.796,0.367,0.24136384028712426,False,,False,0.0
100000002182176100,peripheral,0.85,0,0.2407,"мелкий получатель: разовое поступление 42 тыс ₸ от 1 плательщика, исходящих в выборке не наблюдается — признаков роли нет",small_receiver,1,False,1,0,42465.0,0.0,1,0,0.0,1,1,7,0.0,0.0,1.0,0.0,0.00029353795436763876,-0.0,0.002151681626890832,0.0,False,0.042,0.167,0.382,0.27,0.367,0.11933602512337371,False,,False,0.0
100000004400480100,peripheral,0.75,9,0.2406,"4 колено (исходящие не выгружены): разовое поступление 22 тыс ₸ от 1 плательщика, P(пересылает)=0.28 — признаков роли нет",truncated_small,4,False,1,0,21700.0,0.0,1,0,0.0,0,0,2,0.28085797214097924,0.0,1.0,0.0,0.00048457285607853413,-0.0,-4.893674137258097e-19,0.0,True,0.038,0.0,0.226,0.765,0.367,0.22162404665769403,False,,False,0.0
100000004921657100,peripheral,0.7,6,0.2405,"слабые связи: 1 вход / 1 выход, 8 тыс ₸ → 22 тыс ₸, без устойчивого паттерна",,3,False,1,1,8300.0,22190.0,1,1,2.6734939759036145,0,0,10,1.0,1.0,1.0,0.0,0.00036129622421142584,-2.4108949976643976e-19,-3.08832092413243e-19,0.0,False,0.035,0.0,0.316,0.649,0.367,0.8721399730820996,False,,False,1.0
100000006369769100,peripheral,0.85,4,0.2399,"мелкий получатель: разовое поступление 40 тыс ₸ от 1 плательщика, исходящих в выборке не наблюдается — признаков роли нет",small_receiver,1,False,1,0,40000.0,0.0,1,0,0.0,1,1,1,0.0,0.0,1.0,0.0,0.0002939648256780566,-0.0,-1.6434871352799926e-17,0.0,False,0.042,0.167,0.371,0.281,0.367,0.13840287124270972,False,,False,0.0
100000003975102100,peripheral,0.7,2,0.2393,seed: отправил 88 тыс ₸ 2 получателям; для консолидации/рассылки мало связей,,0,True,1,2,25650.0,88500.0,1,2,3.4502923976608186,0,1,7,1.0,0.3615819209039548,1.0,0.0,0.00034546521801697994,4.642704712326512e-07,-7.941593857695002e-19,5.914683513904559e-06,False,0.035,0.167,0.608,0.617,0.786,0.7200538358008075,False,,False,0.0
100000002844652100,peripheral,0.85,13,0.2392,"мелкий получатель: разовое поступление 61 тыс ₸ от 1 плательщика, исходящих в выборке не наблюдается — признаков роли нет",small_receiver,1,False,1,0,61360.0,0.0,1,0,0.0,1,1,1,0.0,0.0,1.0,0.0,0.000289087813987039,-0.0,4.3414150090401995e-06,0.0,False,0.042,0.167,0.48,0.132,0.367,0.1579183490354419,False,,False,0.0
100000008547295100,peripheral,0.85,12,0.2392,"мелкий получатель: разовое поступление 15 тыс ₸ от 1 плательщика, исходящих в выборке не наблюдается — признаков роли нет",small_receiver,3,False,1,0,15000.0,0.0,1,0,0.0,0,0,1,0.0,0.0,1.0,0.0,0.0005629711569533353,-0.0,-8.688111604504674e-21,0.0,False,0.042,0.0,0.139,0.864,0.367,0.17160161507402422,False,,False,0.0
100000004340038100,peripheral,0.7,0,0.2392,"слабые связи: 1 вход / 1 выход, 10 тыс ₸ → 49 тыс ₸, без устойчивого паттерна",,3,False,1,1,9978.0,49000.0,1,1,4.910803768290238,0,0,7,1.0,0.0,1.0,0.0,0.0002892629212543261,-3.0768756759512154e-19,0.000259460087793076,1.922024458454748e-05,False,0.035,0.0,0.47,0.142,0.81,0.5702108568864962,False,,False,1.0
100000007938486100,peripheral,0.85,4,0.2387,"мелкий получатель: разовое поступление 40 тыс ₸ от 1 плательщика, исходящих в выборке не наблюдается — признаков роли нет",small_receiver,1,False,1,0,39500.0,0.0,1,0,0.0,1,1,1,0.0,0.0,1.0,0.0,0.000293859881534797,-0.0,-1.6434871352799926e-17,0.0,False,0.042,0.167,0.367,0.279,0.367,0.14378645132346343,False,,False,0.0
100000008130868100,peripheral,0.75,9,0.2386,"4 колено (исходящие не выгружены): разовое поступление 23 тыс ₸ от 1 плательщика, P(пересылает)=0.28 — признаков роли нет",truncated_small,4,False,1,0,22782.0,0.0,1,0,0.0,0,0,1,0.28043773497613905,0.0,1.0,0.0,0.0004516044976627316,-0.0,-2.3959791503544353e-19,0.0,True,0.038,0.0,0.232,0.746,0.367,0.2234185733512786,False,,False,0.0
100000001853812100,peripheral,0.85,3,0.2385,"мелкий получатель: разовое поступление 70 тыс ₸ от 1 плательщика, исходящих в выборке не наблюдается — признаков роли нет",small_receiver,3,False,1,0,70000.0,0.0,1,0,0.0,0,0,7,0.0,0.0,1.0,0.0,0.0002998114240812309,-0.0,0.0016044117981357526,0.0,False,0.042,0.0,0.5,0.378,0.367,0.062135486765365636,False,,False,0.0
100000008735384100,peripheral,0.85,4,0.2381,"мелкий получатель: разовое поступление 39 тыс ₸ от 1 плательщика, исходящих в выборке не наблюдается — признаков роли нет",small_receiver,1,False,1,0,39220.0,0.0,1,0,0.0,1,1,1,0.0,0.0,1.0,0.0,0.00029380111281457165,-0.0,-1.6434871352799926e-17,0.0,False,0.042,0.167,0.365,0.278,0.367,0.14378645132346343,False,,False,0.0
100000005079473100,peripheral,0.75,15,0.2377,"4 колено (исходящие не выгружены): разовое поступление 39 тыс ₸ от 1 плательщика, P(пересылает)=0.27 — признаков роли нет",truncated_small,4,False,1,0,39312.0,0.0,1,0,0.0,0,0,7,0.2681383249327814,0.0,1.0,0.0,0.0003260059008859764,-0.0,1.7212114691465226e-06,0.0,True,0.038,0.0,0.365,0.563,0.367,0.16733961417676088,False,,False,0.0
100000008771819100,peripheral,0.85,4,0.2376,"мелкий получатель: разовое поступление 39 тыс ₸ от 1 плательщика, исходящих в выборке не наблюдается — признаков роли нет",small_receiver,1,False,1,0,38900.0,0.0,1,0,0.0,1,1,1,0.0,0.0,1.0,0.0,0.0002937339485628855,-0.0,-1.6434871352799926e-17,0.0,False,0.042,0.167,0.363,0.278,0.367,0.13683266038582323,False,,False,0.0
100000007140834100,peripheral,0.85,12,0.2373,"мелкий получатель: разовое поступление 10 тыс ₸ от 1 плательщика, исходящих в выборке не наблюдается — признаков роли нет",small_receiver,3,False,1,0,10200.0,0.0,2,0,0.0,0,0,7,0.0,0.0,1.0,0.0,0.0007122600056993933,-0.0,9.692337090570005e-19,0.0,False,0.042,0.0,0.093,0.913,0.367,0.6348138178555406,False,,False,1.0
100000004788983100,peripheral,0.75,3,0.2368,"4 колено (исходящие не выгружены): разовое поступление 27 тыс ₸ от 1 плательщика, P(пересылает)=0.28 — признаков роли нет",truncated_small,4,False,1,0,27000.0,0.0,1,0,0.0,0,0,7,0.2759847770852142,0.0,1.0,0.0,0.00036946851834621515,-0.0,-1.4016931333467686e-20,0.0,True,0.038,0.0,0.285,0.664,0.367,0.23126962763571107,False,,False,0.0
100000002514975100,peripheral,0.75,23,0.2367,"4 колено (исходящие не выгружены): разовое поступление 18 тыс ₸ от 1 плательщика, P(пересылает)=0.28 — признаков роли нет",truncated_small,4,False,1,0,17920.0,0.0,1,0,0.0,0,0,7,0.28419904214638225,0.0,1.0,0.0,0.0005310425183631411,-0.0,2.306959160872816e-19,0.0,True,0.038,0.0,0.18,0.804,0.367,0.28667563930013457,False,,False,0.0
100000001307612100,peripheral,0.85,4,0.2367,"мелкий получатель: разовое поступление 38 тыс ₸ от 1 плательщика, исходящих в выборке не наблюдается — признаков роли нет",small_receiver,1,False,1,0,38483.0,0.0,1,0,0.0,1,1,1,0.0,0.0,1.0,0.0,0.00029364642514740697,-0.0,-1.6434871352799926e-17,0.0,False,0.042,0.167,0.362,0.274,0.367,0.14221624046657694,False,,False,0.0
100000008712827100,peripheral,0.85,7,0.2359,"мелкий получатель: разовое поступление 76 тыс ₸ от 1 плательщика, исходящих в выборке не наблюдается — признаков роли нет",small_receiver,3,False,1,0,76000.0,0.0,1,0,0.0,0,0,1,0.0,0.0,1.0,0.0,0.0002974312054351872,-0.0,-1.528429321286511e-17,0.0,False,0.042,0.0,0.515,0.343,0.367,0.08030506953790938,False,,False,0.0
100000004260869100,peripheral,0.75,2,0.2359,"4 колено (исходящие не выгружены): разовое поступление 10 тыс ₸ от 1 плательщика, P(пересылает)=0.30 — признаков роли нет",truncated_small,4,False,1,0,10000.0,0.0,1,0,0.0,0,0,7,0.29741857266010063,0.0,1.0,0.0,0.0008422084803364126,-0.0,-9.277425992535664e-20,0.0,True,0.038,0.0,0.079,0.935,0.367,0.4235082996859578,False,,False,0.0
100000008762728100,peripheral,0.85,2,0.2358,"мелкий получатель: разовое поступление 17 тыс ₸ от 1 плательщика, исходящих в выборке не наблюдается — признаков роли нет",small_receiver,2,False,1,0,17026.0,0.0,1,0,0.0,0,1,7,0.0,0.0,1.0,0.0,0.00031770106594377587,-0.0,1.7907847734606663e-06,0.0,False,0.042,0.167,0.168,0.528,0.367,0.43741588156123823,False,,False,0.0
100000007982908100,peripheral,0.85,4,0.2355,"мелкий получатель: разовое поступление 31 тыс ₸ от 1 плательщика, исходящих в выборке не наблюдается — признаков роли нет",small_receiver,2,False,1,0,31080.0,0.0,1,0,0.0,0,1,1,0.0,0.0,1.0,0.0,0.0002961252218307339,-0.0,6.140263830218555e-20,0.0,False,0.042,0.167,0.321,0.322,0.367,0.2539255271422162,False,,False,0.0
100000004970752100,peripheral,0.85,0,0.2351,"мелкий получатель: разовое поступление 10 тыс ₸ от 1 плательщика, исходящих в выборке не наблюдается — признаков роли нет",small_receiver,3,False,1,0,10000.0,0.0,1,0,0.0,0,0,7,0.0,0.0,1.0,0.0,0.0007428614561261686,-0.0,-5.4249384571808525e-19,0.0,False,0.042,0.0,0.079,0.92,0.367,0.4329295648272768,False,,False,0.0
100000004222274100,peripheral,0.75,0,0.2351,"4 колено (исходящие не выгружены): разовое поступление 16 тыс ₸ от 1 плательщика, P(пересылает)=0.29 — признаков роли нет",truncated_small,4,False,1,0,15500.0,0.0,1,0,0.0,0,0,7,0.28707567614673823,0.0,1.0,0.0,0.0005454170226679202,-0.0,6.636247754961905e-20,0.0,True,0.038,0.0,0.147,0.839,0.367,0.3382682817406909,False,,False,0.0
100000008686234100,peripheral,0.85,0,0.2349,"мелкий получатель: разовое поступление 40 тыс ₸ от 1 плательщика, исходящих в выборке не наблюдается — признаков роли нет",small_receiver,1,False,1,0,39778.0,0.0,1,0,0.0,1,1,7,0.0,0.0,1.0,0.0,0.0002930337323065535,-0.0,0.002151681626890832,0.0,False,0.042,0.167,0.367,0.257,0.367,0.1426648721399731,False,,False,0.0
100000005495211100,peripheral,0.75,3,0.2349,"4 колено (исходящие не выгружены): разовое поступление 14 тыс ₸ от 1 плательщика, P(пересылает)=0.29 — признаков роли нет",truncated_small,4,False,1,0,14500.0,0.0,1,0,0.0,0,0,7,0.28985927252149274,0.0,1.0,0.0,0.0005599644833584294,-0.0,3.1833298967424e-19,0.0,True,0.038,0.0,0.129,0.862,0.367,0.33243606998654107,False,,False,0.0
100000001262647100,peripheral,0.85,2,0.2349,"мелкий получатель: разовое поступление 24 тыс ₸ от 1 плательщика, исходящих в выборке не наблюдается — признаков роли нет",small_receiver,2,False,1,0,23650.0,0.0,1,0,0.0,0,1,7,0.0,0.0,1.0,0.0,0.000303391972492015,-0.0,-8.347479925877553e-21,0.0,False,0.042,0.167,0.242,0.424,0.367,0.35778375953342306,False,,False,0.0
100000002952631100,peripheral,0.85,2,0.2348,"мелкий получатель: разовое поступление 48 тыс ₸ от 1 плательщика, исходящих в выборке не наблюдается — признаков роли нет",small_receiver,1,False,1,0,48050.0,0.0,1,0,0.0,1,1,7,0.0,0.0,1.0,0.0,0.00029073553668924586,-0.0,0.00029524161332082757,0.0,False,0.042,0.167,0.414,0.194,0.367,0.11888739344997756,False,,False,0.0
100000008687671100,peripheral,0.85,4,0.2346,"мелкий получатель: разовое поступление 38 тыс ₸ от 1 плательщика, исходящих в выборке не наблюдается — признаков роли нет",small_receiver,1,False,1,0,37500.0,0.0,1,0,0.0,1,1,1,0.0,0.0,1.0,0.0,0.00029344010496175864,-0.0,-1.6434871352799926e-17,0.0,False,0.042,0.167,0.358,0.268,0.367,0.14692687303723642,False,,False,0.0
100000008331280100,peripheral,0.75,23,0.2345,"4 колено (исходящие не выгружены): разовое поступление 41 тыс ₸ от 1 плательщика, P(пересылает)=0.41 — признаков роли нет",truncated_small,4,False,1,0,41000.0,0.0,2,0,0.0,0,0,7,0.4103940034397351,0.0,1.0,0.0,0.0003180664824253921,-0.0,-5.3684785607249976e-20,0.0,True,0.038,0.0,0.377,0.53,0.367,0.22835352175863616,False,,False,0.0
100000008060273100,peripheral,0.85,6,0.2344,"мелкий получатель: разовое поступление 10 тыс ₸ от 1 плательщика, исходящих в выборке не наблюдается — признаков роли нет",small_receiver,2,False,1,0,10000.0,0.0,2,0,0.0,0,2,11,0.0,0.0,1.0,0.0,0.0002989671315033312,-0.0,-9.539536945373386e-19,0.0,False,0.042,0.333,0.079,0.361,0.367,0.6956034096007178,False,,False,1.0
100000002896506100,peripheral,0.75,10,0.2342,"4 колено (исходящие не выгружены): разовое поступление 45 тыс ₸ от 1 плательщика, P(пересылает)=0.27 — признаков роли нет",truncated_small,4,False,1,0,45000.0,0.0,1,0,0.0,0,0,7,0.2653166322437364,0.0,1.0,0.0,0.00031362964480833634,-0.0,1.046792427992412e-18,0.0,True,0.038,0.0,0.395,0.503,0.367,0.19066846119336026,False,,False,0.0
100000001052789100,peripheral,0.85,19,0.2341,"мелкий получатель: разовое поступление 71 тыс ₸ от 1 плательщика, исходящих в выборке не наблюдается — признаков роли нет",small_receiver,3,False,1,0,70975.0,0.0,1,0,0.0,0,0,7,0.0,0.0,1.0,0.0,0.0002977071073491174,-0.0,8.448073393743623e-05,0.0,False,0.042,0.0,0.505,0.346,0.367,0.06415432929564828,False,,False,0.0
100000004386286100,peripheral,0.75,11,0.234,"4 колено (исходящие не выгружены): разовое поступление 12 тыс ₸ от 1 плательщика, P(пересылает)=0.29 — признаков роли нет",truncated_small,4,False,1,0,12500.0,0.0,1,0,0.0,0,0,9,0.2917084638097656,0.0,1.0,0.0,0.0005972866869113208,-0.0,-6.241748764520995e-19,0.0,True,0.038,0.0,0.111,0.881,0.367,0.3764019739793629,False,,False,0.0
100000006679055100,peripheral,0.85,0,0.2339,"мелкий получатель: разовое поступление 25 тыс ₸ от 1 плательщика, исходящих в выборке не наблюдается — признаков роли нет",small_receiver,2,False,1,0,25000.0,0.0,1,0,0.0,0,1,9,0.0,0.0,1.0,0.0,0.000300846444471043,-0.0,0.00014276729694478647,0.0,False,0.042,0.167,0.26,0.393,0.367,0.316509645580978,False,,False,0.0
100000005326681100,peripheral,0.85,2,0.2338,"мелкий получатель: разовое поступление 31 тыс ₸ от 1 плательщика, исходящих в выборке не наблюдается — признаков роли нет",small_receiver,2,False,1,0,31228.0,0.0,1,0,0.0,0,1,7,0.0,0.0,1.0,0.0,0.0002955041990377062,-0.0,3.567634960949523e-05,0.0,False,0.042,0.167,0.323,0.31,0.367,0.2480933153880664,False,,False,0.0
100000007484343100,terminal,0.848,0,0.2338,"получил 27 тыс ₸ от 2 плательщ.; исходящих ≥5 тыс ₸ в выборке не наблюдается (колено 3, исходящие выгружены)",observed_sink,3,False,2,0,26757.0,0.0,2,0,0.0,0,0,7,0.0,0.0,2.0,0.0,0.00028913342255287915,-0.0,0.004043689088306645,0.0,False,0.297,0.0,0.282,0.133,0.367,0.8685509196949305,False,,False,0.0
100000001954903100,peripheral,0.85,9,0.2335,"мелкий получатель: разовое поступление 27 тыс ₸ от 1 плательщика, исходящих в выборке не наблюдается — признаков роли нет",small_receiver,2,False,1,0,27118.0,0.0,1,0,0.0,0,1,1,0.0,0.0,1.0,0.0,0.00029848987132038724,-0.0,2.3228134124635814e-05,0.0,False,0.042,0.167,0.288,0.354,0.367,0.29161058770749215,False,,False,0.0
100000007510567100,peripheral,0.75,8,0.2335,"4 колено (исходящие не выгружены): разовое поступление 52 тыс ₸ от 1 плательщика, P(пересылает)=0.26 — признаков роли нет",truncated_small,4,False,1,0,52000.0,0.0,1,0,0.0,0,0,7,0.2626938208118296,0.0,1.0,0.0,0.000305034402903596,-0.0,2.7582739710935802e-06,0.0,True,0.038,0.0,0.443,0.435,0.367,0.24629878869448182,False,,False,0.0
100000002211413100,peripheral,0.85,4,0.2334,"мелкий получатель: разовое поступление 37 тыс ₸ от 1 плательщика, исходящих в выборке не наблюдается — признаков роли нет",small_receiver,1,False,1,0,37000.0,0.0,1,0,0.0,1,1,1,0.0,0.0,1.0,0.0,0.00029333516081849907,-0.0,-1.6434871352799926e-17,0.0,False,0.042,0.167,0.354,0.266,0.367,0.14087034544638852,False,,False,0.0
100000002891765100,peripheral,0.85,8,0.2334,"мелкий получатель: разовое поступление 56 тыс ₸ от 1 плательщика, исходящих в выборке не наблюдается — признаков роли нет",small_receiver,3,False,1,0,55576.0,0.0,1,0,0.0,0,0,7,0.0,0.0,1.0,0.0,0.0003012779418250415,-0.0,2.441379038303138e-05,0.0,False,0.042,0.0,0.462,0.399,0.367,0.02826379542395693,False,,False,0.0
100000005941908100,peripheral,0.85,8,0.2334,"мелкий получатель: разовое поступление 10 тыс ₸ от 1 плательщика, исходящих в выборке не наблюдается — признаков роли нет",small_receiver,3,False,1,0,10000.0,0.0,1,0,0.0,0,0,8,0.0,0.0,1.0,0.0,0.0006923487710335436,-0.0,-1.703140214203441e-18,0.0,False,0.042,0.0,0.079,0.91,0.367,0.4329295648272768,False,,False,0.0
100000008718811100,peripheral,0.85,7,0.2332,"мелкий получатель: разовое поступление 73 тыс ₸ от 1 плательщика, исходящих в выборке не наблюдается — признаков роли нет",small_receiver,3,False,1,0,73300.0,0.0,1,0,0.0,0,0,1,0.0,0.0,1.0,0.0,0.0002970097954313935,-0.0,-1.528429321286511e-17,0.0,False,0.042,0.0,0.508,0.336,0.367,0.07065948855989233,False,,False,0.0
100000000942301100,peripheral,0.85,3,0.2328,"мелкий получатель: разовое поступление 58 тыс ₸ от 1 плательщика, исходящих в выборке не наблюдается — признаков роли нет",small_receiver,3,False,1,0,57580.0,0.0,2,0,0.0,0,0,7,0.0,0.0,1.0,0.0,0.00030059027639135424,-0.0,0.0011379074330901441,0.0,False,0.042,0.0,0.467,0.389,0.367,0.06280843427545985,False,,False,0.0
100000005087923100,peripheral,0.75,12,0.2327,"4 колено (исходящие не выгружены): разовое поступление 20 тыс ₸ от 1 плательщика, P(пересылает)=0.28 — признаков роли нет",truncated_small,4,False,1,0,20000.0,0.0,1,0,0.0,0,0,1,0.28208713801341806,0.0,1.0,0.0,0.0004605791647030624,-0.0,3.852978203208e-20,0.0,True,0.038,0.0,0.205,0.749,0.367,0.24136384028712426,False,,False,0.0
100000005328215100,peripheral,0.85,9,0.2326,"мелкий получатель: разовое поступление 27 тыс ₸ от 1 плательщика, исходящих в выборке не наблюдается — признаков роли нет",small_receiver,2,False,1,0,27000.0,0.0,1,0,0.0,0,1,1,0.0,0.0,1.0,0.0,0.000298433649323995,-0.0,2.3228134124635814e-05,0.0,False,0.042,0.167,0.285,0.352,0.367,0.28869448183041724,False,,False,0.0
100000008259451100,peripheral,0.85,8,0.2324,"мелкий получатель: разовое поступление 55 тыс ₸ от 1 плательщика, исходящих в выборке не наблюдается — признаков роли нет",small_receiver,3,False,1,0,55000.0,0.0,1,0,0.0,0,0,7,0.0,0.0,1.0,0.0,0.0003011151344797474,-0.0,2.441379038303138e-05,0.0,False,0.042,0.0,0.46,0.397,0.367,0.02288021534320323,False,,False,0.0
100000002214664100,peripheral,0.7,7,0.2319,"слабые связи: 1 вход / 1 выход, 8 тыс ₸ → 77 тыс ₸, без устойчивого паттерна",,3,False,1,1,7950.0,76950.0,1,2,9.679245283018869,0,0,1,1.0,1.0,1.0,0.0,0.0002868101125617939,2.682461556669648e-19,-1.528429321286511e-17,1.387027959709612e-06,False,0.035,0.0,0.536,0.042,0.764,0.8811126065500224,False,,False,1.0
100000004664515100,peripheral,0.85,0,0.2317,"мелкий получатель: разовое поступление 38 тыс ₸ от 1 плательщика, исходящих в выборке не наблюдается — признаков роли нет",small_receiver,1,False,1,0,37691.0,0.0,1,0,0.0,1,1,7,0.0,0.0,1.0,0.0,0.0002926421016993763,-0.0,0.002151681626890832,0.0,False,0.042,0.167,0.359,0.249,0.367,0.14311350381336924,False,,False,0.0
100000004825069100,peripheral,0.85,4,0.2316,"мелкий получатель: разовое поступление 30 тыс ₸ от 1 плательщика, исходящих в выборке не наблюдается — признаков роли нет",small_receiver,2,False,1,0,30000.0,0.0,4,0,0.0,0,1,1,0.0,0.0,1.0,0.0,0.000295758413535286,-0.0,6.140263830218555e-20,0.0,False,0.042,0.167,0.308,0.316,0.367,0.5464333781965006,False,,False,0.75
100000006557763100,peripheral,0.85,6,0.2315,"мелкий получатель: разовое поступление 10 тыс ₸ от 1 плательщика, исходящих в выборке не наблюдается — признаков роли нет",small_receiver,2,False,1,0,10000.0,0.0,1,0,0.0,0,1,10,0.0,0.0,1.0,0.0,0.00034717518817528457,-0.0,-1.9593369045327606e-19,0.0,False,0.042,0.167,0.079,0.621,0.367,0.5803050695379094,False,,False,0.0
100000008741372100,peripheral,0.85,4,0.2311,"мелкий получатель: разовое поступление 36 тыс ₸ от 1 плательщика, исходящих в выборке не наблюдается — признаков роли нет",small_receiver,1,False,1,0,35975.0,0.0,1,0,0.0,1,1,1,0.0,0.0,1.0,0.0,0.00029312002532481696,-0.0,-1.6434871352799926e-17,0.0,False,0.042,0.167,0.349,0.259,0.367,0.1363840287124271,False,,False,0.0
100000004193835100,peripheral,0.7,2,0.231,seed: отправил 5 тыс ₸ 1 получателям; для консолидации/рассылки мало связей,,0,True,1,1,47000.0,5000.0,1,1,0.10638297872340426,0,1,7,1.0,1.0,1.0,0.0,0.000469930139695584,4.605582293584408e-07,6.973423501779101e-11,6.6775488917448465e-06,False,0.035,0.167,0.443,0.756,0.786,0.8492597577388964,False,,False,0.0
100000000981693100,peripheral,0.75,0,0.2309,"4 колено (исходящие не выгружены): разовое поступление 16 тыс ₸ от 1 плательщика, P(пересылает)=0.29 — признаков роли нет",truncated_small,4,False,1,0,16500.0,0.0,1,0,0.0,0,0,7,0.2859612319376693,0.0,1.0,0.0,0.0005290815211541508,-0.0,3.748380994917366e-19,0.0,True,0.038,0.0,0.163,0.793,0.367,0.2929564827276806,False,,False,0.0
100000005901606100,peripheral,0.85,4,0.2308,"мелкий получатель: разовое поступление 36 тыс ₸ от 1 плательщика, исходящих в выборке не наблюдается — признаков роли нет",small_receiver,1,False,1,0,35660.0,0.0,1,0,0.0,1,1,1,0.0,0.0,1.0,0.0,0.0002930539105145634,-0.0,-1.6434871352799926e-17,0.0,False,0.042,0.167,0.348,0.258,0.367,0.14849708389412292,False,,False,0.0
100000008753193100,peripheral,0.85,4,0.2301,"мелкий получатель: разовое поступление 35 тыс ₸ от 1 плательщика, исходящих в выборке не наблюдается — признаков роли нет",small_receiver,1,False,1,0,35225.0,0.0,1,0,0.0,1,1,1,0.0,0.0,1.0,0.0,0.00029296260910992755,-0.0,-1.6434871352799926e-17,0.0,False,0.042,0.167,0.347,0.255,0.367,0.1395244504262001,False,,False,0.0
100000005730108100,peripheral,0.85,0,0.2294,"мелкий получатель: разовое поступление 8 тыс ₸ от 1 плательщика, исходящих в выборке не наблюдается — признаков роли нет",small_receiver,2,False,1,0,8000.0,0.0,1,0,0.0,0,1,7,0.0,0.0,1.0,0.0,0.000358664263033602,-0.0,-6.38587328139942e-19,0.0,False,0.042,0.167,0.053,0.644,0.367,0.65814266487214,False,,False,1.0
100000004192107100,peripheral,0.85,16,0.2293,"мелкий получатель: разовое поступление 25 тыс ₸ от 1 плательщика, исходящих в выборке не наблюдается — признаков роли нет",small_receiver,2,False,1,0,25000.0,0.0,1,0,0.0,0,1,8,0.0,0.0,1.0,0.0,0.0002993001243079823,-0.0,2.2343493947030172e-18,0.0,False,0.042,0.167,0.26,0.367,0.367,0.316509645580978,False,,False,0.0
100000008776420100,peripheral,0.85,7,0.2292,"мелкий получатель: разовое поступление 70 тыс ₸ от 1 плательщика, исходящих в выборке не наблюдается — признаков роли нет",small_receiver,3,False,1,0,69500.0,0.0,1,0,0.0,0,0,1,0.0,0.0,1.0,0.0,0.0002964166998704986,-0.0,-1.528429321286511e-17,0.0,False,0.042,0.0,0.497,0.328,0.367,0.06101390758187528,False,,False,0.0
100000004494983100,peripheral,0.85,4,0.229,"мелкий получатель: разовое поступление 35 тыс ₸ от 1 плательщика, исходящих в выборке не наблюдается — признаков роли нет",small_receiver,1,False,1,0,35000.0,0.0,1,0,0.0,1,1,1,0.0,0.0,1.0,0.0,0.00029291538424546074,-0.0,-1.6434871352799926e-17,0.0,False,0.042,0.167,0.344,0.254,0.367,0.145580978017048,False,,False,0.0
100000005940652100,peripheral,0.85,35,0.229,"мелкий получатель: разовое поступление 8 тыс ₸ от 1 плательщика, исходящих в выборке не наблюдается — признаков роли нет",small_receiver,1,False,1,0,8395.0,0.0,1,0,0.0,1,3,10,0.0,0.0,1.0,0.0,0.00028808836221548334,-0.0,1.4226681777364522e-08,0.0,False,0.042,0.5,0.055,0.083,0.367,0.7458501570210857,False,,False,1.0
100000005849862100,peripheral,0.75,0,0.2288,"4 колено (исходящие не выгружены): разовое поступление 13 тыс ₸ от 1 плательщика, P(пересылает)=0.44 — признаков роли нет",truncated_small,4,False,1,0,13000.0,0.0,2,0,0.0,0,0,7,0.4401128798764802,0.0,1.0,0.0,0.000548435563920348,-0.0,1.6358542262330494e-19,0.0,True,0.038,0.0,0.115,0.845,0.367,0.5289367429340511,False,,False,1.0
100000002706810100,peripheral,0.75,9,0.2286,"4 колено (исходящие не выгружены): разовое поступление 45 тыс ₸ от 1 плательщика, P(пересылает)=0.26 — признаков роли нет",truncated_small,4,False,1,0,45000.0,0.0,1,0,0.0,0,0,1,0.26478278751012546,0.0,1.0,0.0,0.00030965102695793245,-0.0,3.687381946526989e-06,0.0,True,0.038,0.0,0.395,0.471,0.367,0.19066846119336026,False,,False,0.0
100000008219168100,peripheral,0.85,13,0.2286,"мелкий получатель: разовое поступление 53 тыс ₸ от 1 плательщика, исходящих в выборке не наблюдается — признаков роли нет",small_receiver,1,False,1,0,53200.0,0.0,2,0,0.0,1,1,1,0.0,0.0,1.0,0.0,0.00028861990131883255,-0.0,4.3414150090401995e-06,0.0,False,0.042,0.167,0.451,0.109,0.367,0.15118887393449978,False,,False,0.0
100000000425407100,peripheral,0.85,0,0.2283,"мелкий получатель: разовое поступление 20 тыс ₸ от 1 плательщика, исходящих в выборке не наблюдается — признаков роли нет",small_receiver,2,False,1,0,20000.0,0.0,1,0,0.0,0,1,7,0.0,0.0,1.0,0.0,0.00030509459327138065,-0.0,7.073756559110487e-05,0.0,False,0.042,0.167,0.205,0.435,0.367,0.36473755047106327,False,,False,0.0
100000008474391100,peripheral,0.85,20,0.2281,"мелкий получатель: разовое поступление 20 тыс ₸ от 1 плательщика, исходящих в выборке не наблюдается — признаков роли нет",small_receiver,3,False,1,0,20000.0,0.0,1,0,0.0,0,0,7,0.0,0.0,1.0,0.0,0.00040715072122175946,-0.0,5.92598065747887e-21,0.0,False,0.042,0.0,0.205,0.712,0.367,0.0955585464333782,False,,False,0.0
100000004379306100,peripheral,0.75,3,0.228,"4 колено (исходящие не выгружены): разовое поступление 15 тыс ₸ от 1 плательщика, P(пересылает)=0.29 — признаков роли нет",truncated_small,4,False,1,0,15000.0,0.0,1,0,0.0,0,0,7,0.28873485261275067,0.0,1.0,0.0,0.0005320511103436054,-0.0,-4.505679711004509e-19,0.0,True,0.038,0.0,0.139,0.809,0.367,0.32009869896814713,False,,False,0.0
100000008703533100,peripheral,0.75,1,0.2279,"4 колено (исходящие не выгружены): разовое поступление 75 тыс ₸ от 1 плательщика, P(пересылает)=0.26 — признаков роли нет",truncated_small,4,False,1,0,75000.0,0.0,1,0,0.0,0,0,8,0.2551758971539263,0.0,1.0,0.0,0.0002955267779905951,-0.0,4.916414485471511e-07,0.0,True,0.038,0.0,0.512,0.311,0.367,0.3041722745625841,False,,False,0.0
100000005367180100,peripheral,0.75,3,0.2276,"4 колено (исходящие не выгружены): разовое поступление 8 тыс ₸ от 1 плательщика, P(пересылает)=0.30 — признаков роли нет",truncated_small,4,False,1,0,7700.0,0.0,1,0,0.0,0,0,7,0.30264886161497473,0.0,1.0,0.0,0.0007828047220453414,-0.0,6.110871458884644e-19,0.0,True,0.038,0.0,0.05,0.925,0.367,0.5244504262000897,False,,False,1.0
100000008283183100,peripheral,0.85,4,0.2276,"мелкий получатель: разовое поступление 29 тыс ₸ от 1 плательщика, исходящих в выборке не наблюдается — признаков роли нет",small_receiver,2,False,1,0,29000.0,0.0,1,0,0.0,0,1,1,0.0,0.0,1.0,0.0,0.0002954187762246862,-0.0,6.140263830218555e-20,0.0,False,0.042,0.167,0.297,0.308,0.367,0.25056078959174516,False,,False,0.0
100000005264990100,peripheral,0.7,18,0.2275,seed: отправил 122 тыс ₸ 2 получателям; для консолидации/рассылки мало связей,,0,True,1,2,17070.0,122000.0,1,2,7.147041593438781,0,0,7,1.0,0.0,1.0,0.0,0.0003639962150845005,4.6424055325506727e-07,2.887436431936258e-07,7.765375105859955e-05,False,0.035,0.0,0.633,0.655,0.922,0.6375056078959175,False,,False,0.0
100000001160401100,peripheral,0.85,0,0.2274,"мелкий получатель: разовое поступление 47 тыс ₸ от 1 плательщика, исходящих в выборке не наблюдается — признаков роли нет",small_receiver,3,False,1,0,47190.0,0.0,2,0,0.0,0,0,7,0.0,0.0,1.0,0.0,0.000304888518008386,-0.0,0.0006428156846267583,0.0,False,0.042,0.0,0.41,0.434,0.367,0.05383580080753701,False,,False,0.0
100000002744581100,peripheral,0.85,13,0.227,"мелкий получатель: разовое поступление 12 тыс ₸ от 1 плательщика, исходящих в выборке не наблюдается — признаков роли нет",small_receiver,2,False,1,0,12000.0,0.0,1,0,0.0,0,1,1,0.0,0.0,1.0,0.0,0.000324957711378837,-0.0,3.5011340612071364e-19,0.0,False,0.042,0.167,0.105,0.561,0.367,0.5197397936294302,False,,False,0.0
100000003087877100,peripheral,0.85,10,0.2268,"мелкий получатель: разовое поступление 91 тыс ₸ от 1 плательщика, исходящих в выборке не наблюдается — признаков роли нет",small_receiver,3,False,1,0,91486.0,0.0,1,0,0.0,0,0,1,0.0,0.0,1.0,0.0,0.0002920851717140769,-0.0,7.936044353374742e-05,0.0,False,0.042,0.0,0.557,0.234,0.367,0.06819201435621355,False,,False,0.0
100000008459449100,peripheral,0.85,3,0.2267,"мелкий получатель: разовое поступление 54 тыс ₸ от 1 плательщика, исходящих в выборке не наблюдается — признаков роли нет",small_receiver,3,False,1,0,53700.0,0.0,1,0,0.0,0,0,7,0.0,0.0,1.0,0.0,0.000299578094890219,-0.0,0.0011379074330901441,0.0,False,0.042,0.0,0.453,0.373,0.367,0.00762673844773441,False,,False,0.0
100000002540033100,peripheral,0.75,1,0.2264,"4 колено (исходящие не выгружены): разовое поступление 10 тыс ₸ от 1 плательщика, P(пересылает)=0.30 — признаков роли нет",truncated_small,4,False,1,0,10000.0,0.0,1,0,0.0,0,0,9,0.29656030319500765,0.0,1.0,0.0,0.0005960851621180794,-0.0,6.624737659821662e-21,0.0,True,0.038,0.0,0.079,0.88,0.367,0.4235082996859578,False,,False,0.0
100000003230328100,peripheral,0.553,0,0.2264,"4 колено, обход оборван: исходящие не видны, P(пересылает)=0.68 — роль не определить, получил 27 тыс ₸",truncated_unknown,4,False,3,0,26572.0,0.0,3,0,0.0,0,0,7,0.6753993725869868,0.0,1.0,0.0,0.0003516801374186606,-0.0,6.358533423649953e-05,0.0,True,0.028,0.0,0.282,0.629,0.367,0.9519964109466128,False,,False,0.3333333333333333
100000004975919100,peripheral,0.7,3,0.2264,"слабые связи: 1 вход / 2 выход, 22 тыс ₸ → 15 тыс ₸, без устойчивого паттерна",,3,False,1,2,22351.0,15000.0,1,2,0.6711109122634334,0,0,7,1.0,0.0,1.0,0.0,0.00029011680628284646,-8.27841030896466e-19,0.0016044117981357526,3.844048916909496e-05,False,0.035,0.0,0.356,0.174,0.879,0.54419021982952,False,,False,0.0
100000002810870100,peripheral,0.85,4,0.2261,"мелкий получатель: разовое поступление 34 тыс ₸ от 1 плательщика, исходящих в выборке не наблюдается — признаков роли нет",small_receiver,1,False,1,0,33677.0,0.0,1,0,0.0,1,1,1,0.0,0.0,1.0,0.0,0.00029263770204239595,-0.0,-1.6434871352799926e-17,0.0,False,0.042,0.167,0.335,0.249,0.367,0.15612382234185734,False,,False,0.0
100000008712991100,peripheral,0.85,7,0.226,"мелкий получатель: разовое поступление 66 тыс ₸ от 1 плательщика, исходящих в выборке не наблюдается — признаков роли нет",small_receiver,3,False,1,0,66100.0,0.0,1,0,0.0,0,0,1,0.0,0.0,1.0,0.0,0.0002958860354212769,-0.0,-1.528429321286511e-17,0.0,False,0.042,0.0,0.491,0.318,0.367,0.05271422162404666,False,,False,0.0
100000008680061100,peripheral,0.75,0,0.2259,"4 колено (исходящие не выгружены): разовое поступление 41 тыс ₸ от 1 плательщика, P(пересылает)=0.41 — признаков роли нет",truncated_small,4,False,1,0,41300.0,0.0,2,0,0.0,0,0,7,0.4114032660667862,0.0,1.0,0.0,0.00031068559080704136,-0.0,4.837478490190456e-05,0.0,True,0.038,0.0,0.378,0.479,0.367,0.22611036339165544,False,,False,0.0
100000002320495100,peripheral,0.75,14,0.2258,"4 колено (исходящие не выгружены): разовое поступление 14 тыс ₸ от 1 плательщика, P(пересылает)=0.29 — признаков роли нет",truncated_small,4,False,1,0,13526.27,0.0,1,0,0.0,0,0,7,0.2911904202238418,0.0,1.0,0.0,0.0005354179344206204,-0.0,1.928237014983147e-19,0.0,True,0.038,0.0,0.12,0.821,0.367,0.354419021982952,False,,False,0.0
100000008470470100,peripheral,0.85,4,0.2257,"мелкий получатель: разовое поступление 34 тыс ₸ от 1 плательщика, исходящих в выборке не наблюдается — признаков роли нет",small_receiver,1,False,1,0,33547.0,0.0,1,0,0.0,1,1,1,0.0,0.0,1.0,0.0,0.00029261041656514843,-0.0,-1.6434871352799926e-17,0.0,False,0.042,0.167,0.334,0.248,0.367,0.15522655899506504,False,,False,0.0
100000007175718100,peripheral,0.85,36,0.2257,"мелкий получатель: разовое поступление 20 тыс ₸ от 1 плательщика, исходящих в выборке не наблюдается — признаков роли нет",small_receiver,1,False,1,0,20000.0,0.0,1,0,0.0,1,1,1,0.0,0.0,1.0,0.0,0.0003031865584283141,-0.0,4.9009073544342925e-19,0.0,False,0.042,0.167,0.205,0.42,0.367,0.4028712427097353,False,,False,0.0
100000005056870100,peripheral,0.85,36,0.2257,"мелкий получатель: разовое поступление 20 тыс ₸ от 1 плательщика, исходящих в выборке не наблюдается — признаков роли нет",small_receiver,1,False,1,0,20000.0,0.0,1,0,0.0,1,1,1,0.0,0.0,1.0,0.0,0.0003031865584283141,-0.0,4.9009073544342925e-19,0.0,False,0.042,0.167,0.205,0.42,0.367,0.4028712427097353,False,,False,0.0
100000008588665100,peripheral,0.75,3,0.2253,"4 колено (исходящие не выгружены): разовое поступление 25 тыс ₸ от 1 плательщика, P(пересылает)=0.28 — признаков роли нет",truncated_small,4,False,1,0,25000.0,0.0,1,0,0.0,0,0,7,0.2782582512707419,0.0,1.0,0.0,0.00035249090665568923,-0.0,5.047307666243152e-07,0.0,True,0.038,0.0,0.26,0.631,0.367,0.1971736204576043,False,,False,0.0
100000008677368100,peripheral,0.75,0,0.2251,"4 колено (исходящие не выгружены): разовое поступление 14 тыс ₸ от 1 плательщика, P(пересылает)=0.29 — признаков роли нет",truncated_small,4,False,1,0,13500.0,0.0,1,0,0.0,0,0,7,0.2908931508201836,0.0,1.0,0.0,0.0005340288694748723,-0.0,-5.134537984217909e-19,0.0,True,0.038,0.0,0.12,0.818,0.367,0.35935397039030953,False,,False,0.0
100000000955444100,peripheral,0.85,33,0.2251,"мелкий получатель: разовое поступление 7 тыс ₸ от 1 плательщика, исходящих в выборке не наблюдается — признаков роли нет",small_receiver,2,False,1,0,6910.0,0.0,1,0,0.0,0,1,1,0.0,0.0,1.0,0.0,0.0003525283441776951,-0.0,-7.606425320008865e-19,0.0,False,0.042,0.167,0.044,0.632,0.367,0.6913414087034545,False,,False,1.0
100000002723674100,peripheral,0.75,10,0.2251,"4 колено (исходящие не выгружены): разовое поступление 30 тыс ₸ от 1 плательщика, P(пересылает)=0.27 — признаков роли нет",truncated_small,4,False,1,0,30000.0,0.0,1,0,0.0,0,0,7,0.27427597008490223,0.0,1.0,0.0,0.00032717446121334796,-0.0,-2.105398767074577e-18,0.0,True,0.038,0.0,0.308,0.567,0.367,0.20838941229250785,False,,False,0.0
100000001557930100,peripheral,0.85,12,0.2251,"мелкий получатель: разовое поступление 35 тыс ₸ от 1 плательщика, исходящих в выборке не наблюдается — признаков роли нет",small_receiver,2,False,1,0,34610.0,0.0,1,0,0.0,0,1,1,0.0,0.0,1.0,0.0,0.0002921289541275448,-0.0,2.8721412970847028e-05,0.0,False,0.042,0.167,0.34,0.236,0.367,0.23710183938986093,False,,False,0.0
100000001420847100,peripheral,0.85,19,0.2249,"мелкий получатель: разовое поступление 20 тыс ₸ от 1 плательщика, исходящих в выборке не наблюдается — признаков роли нет",small_receiver,2,False,1,0,20000.0,0.0,2,0,0.0,0,1,7,0.0,0.0,1.0,0.0,0.0003028257068772808,-0.0,2.841455004939276e-20,0.0,False,0.042,0.167,0.205,0.416,0.367,0.5017945266935846,False,,False,0.0
100000002689717100,peripheral,0.75,8,0.2244,"4 колено (исходящие не выгружены): разовое поступление 48 тыс ₸ от 1 плательщика, P(пересылает)=0.26 — признаков роли нет",truncated_small,4,False,1,0,47500.0,0.0,1,0,0.0,0,0,7,0.2637883078578331,0.0,1.0,0.0,0.00030334992234420417,-0.0,2.7582739710935802e-06,0.0,True,0.038,0.0,0.412,0.423,0.367,0.21130551816958276,False,,False,0.0
100000002227989100,peripheral,0.75,10,0.2241,"4 колено (исходящие не выгружены): разовое поступление 20 тыс ₸ от 1 плательщика, P(пересылает)=0.28 — признаков роли нет",truncated_small,4,False,1,0,20000.0,0.0,1,0,0.0,0,0,7,0.2819761533645874,0.0,1.0,0.0,0.0003944604204613206,-0.0,4.2623918235780843e-19,0.0,True,0.038,0.0,0.205,0.699,0.367,0.24136384028712426,False,,False,0.0
100000004584730100,peripheral,0.75,34,0.2238,"4 колено (исходящие не выгружены): разовое поступление 47 тыс ₸ от 1 плательщика, P(пересылает)=0.26 — признаков роли нет",truncated_small,4,False,1,0,47000.0,0.0,1,0,0.0,0,0,7,0.2639503576503061,0.0,1.0,0.0,0.00030383982641037267,-0.0,7.661109445084862e-07,0.0,True,0.038,0.0,0.406,0.428,0.367,0.21668909825033647,False,,False,0.0
100000004950490100,peripheral,0.85,13,0.2238,"мелкий получатель: разовое поступление 10 тыс ₸ от 1 плательщика, исходящих в выборке не наблюдается — признаков роли нет",small_receiver,2,False,1,0,10000.0,0.0,1,0,0.0,0,1,1,0.0,0.0,1.0,0.0,0.00033064166313549905,-0.0,-6.029398923879996e-20,0.0,False,0.042,0.167,0.079,0.577,0.367,0.5803050695379094,False,,False,0.0
100000006111442100,peripheral,0.85,1,0.2233,"мелкий получатель: разовое поступление 64 тыс ₸ от 1 плательщика, исходящих в выборке не наблюдается — признаков роли нет",small_receiver,3,False,1,0,64000.0,0.0,1,0,0.0,0,0,8,0.0,0.0,1.0,0.0,0.00029552622405626405,-0.0,1.8496738972270134e-06,0.0,False,0.042,0.0,0.484,0.311,0.367,0.03589053387169134,False,,False,0.0
100000007754369100,peripheral,0.85,3,0.2233,"мелкий получатель: разовое поступление 82 тыс ₸ от 1 плательщика, исходящих в выборке не наблюдается — признаков роли нет",small_receiver,3,False,1,0,82424.0,0.0,1,0,0.0,0,0,7,0.0,0.0,1.0,0.0,0.0002928788402569491,-0.0,0.0011319384436486036,0.0,False,0.042,0.0,0.528,0.254,0.367,0.06953790937640197,False,,False,0.0
100000003943483100,peripheral,0.85,11,0.223,"мелкий получатель: разовое поступление 10 тыс ₸ от 1 плательщика, исходящих в выборке не наблюдается — признаков роли нет",small_receiver,2,False,1,0,10000.0,0.0,1,0,0.0,0,1,8,0.0,0.0,1.0,0.0,0.00032896498623384866,-0.0,-7.597927716188104e-19,0.0,False,0.042,0.167,0.079,0.573,0.367,0.5803050695379094,False,,False,0.0
100000001308856100,peripheral,0.85,4,0.2229,"мелкий получатель: разовое поступление 27 тыс ₸ от 1 плательщика, исходящих в выборке не наблюдается — признаков роли нет",small_receiver,2,False,1,0,27000.0,0.0,1,0,0.0,0,1,1,0.0,0.0,1.0,0.0,0.0002947395016034864,-0.0,6.140263830218555e-20,0.0,False,0.042,0.167,0.285,0.297,0.367,0.28869448183041724,False,,False,0.0
100000008696919100,peripheral,0.85,4,0.2225,"мелкий получатель: разовое поступление 32 тыс ₸ от 1 плательщика, исходящих в выборке не наблюдается — признаков роли нет",small_receiver,1,False,1,0,31945.0,0.0,1,0,0.0,1,1,1,0.0,0.0,1.0,0.0,0.0002922741755301447,-0.0,-1.6434871352799926e-17,0.0,False,0.042,0.167,0.326,0.24,0.367,0.17900403768506057,False,,False,0.0
100000008633099100,peripheral,0.7,0,0.2223,"слабые связи: 1 вход / 1 выход, 19 тыс ₸ → 14 тыс ₸, без устойчивого паттерна",,3,False,1,1,19468.0,13500.0,1,1,0.6934456544072324,0,0,7,1.0,0.0,1.0,0.0,0.00029196202177266705,-2.185390403020469e-19,0.00010831189958102266,1.922024458454748e-05,False,0.035,0.0,0.332,0.229,0.81,0.4087034544638852,False,,False,0.0
100000002371892100,peripheral,0.75,2,0.2223,"4 колено (исходящие не выгружены): разовое поступление 44 тыс ₸ от 1 плательщика, P(пересылает)=0.27 — признаков роли нет",truncated_small,4,False,1,0,43830.0,0.0,1,0,0.0,0,0,7,0.26574783800849083,0.0,1.0,0.0,0.0003065326200437956,-0.0,4.05963060079541e-19,0.0,True,0.038,0.0,0.386,0.447,0.367,0.21085688649618664,False,,False,0.0
100000002158488100,peripheral,0.85,4,0.2222,"мелкий получатель: разовое поступление 32 тыс ₸ от 1 плательщика, исходящих в выборке не наблюдается — признаков роли нет",small_receiver,1,False,1,0,31723.0,0.0,1,0,0.0,1,1,1,0.0,0.0,1.0,0.0,0.00029222758033053747,-0.0,-1.6434871352799926e-17,0.0,False,0.042,0.167,0.326,0.239,0.367,0.18932256617317184,False,,False,0.0
100000007988344100,peripheral,0.75,3,0.2219,"4 колено (исходящие не выгружены): разовое поступление 20 тыс ₸ от 1 плательщика, P(пересылает)=0.55 — признаков роли нет",truncated_small,4,False,1,0,20000.0,0.0,3,0,0.0,0,0,7,0.5548471669055899,0.0,1.0,0.0,0.00038745764148945754,-0.0,-5.929926135607202e-19,0.0,True,0.038,0.0,0.205,0.686,0.367,0.5080753701211306,False,,False,1.0
100000004265639100,peripheral,0.75,3,0.2215,"4 колено (исходящие не выгружены): разовое поступление 10 тыс ₸ от 1 плательщика, P(пересылает)=0.30 — признаков роли нет",truncated_small,4,False,1,0,10000.0,0.0,1,0,0.0,0,0,7,0.29667465633136514,0.0,1.0,0.0,0.0005523205956514864,-0.0,-5.248720593957057e-19,0.0,True,0.038,0.0,0.079,0.852,0.367,0.4235082996859578,False,,False,0.0
100000002589019100,peripheral,0.85,11,0.2215,"мелкий получатель: разовое поступление 35 тыс ₸ от 1 плательщика, исходящих в выборке не наблюдается — признаков роли нет",small_receiver,1,False,1,0,34710.0,0.0,1,0,0.0,1,1,1,0.0,0.0,1.0,0.0,0.00029132959413446705,-0.0,1.0100033668708282e-05,0.0,False,0.042,0.167,0.341,0.215,0.367,0.1480484522207268,False,,False,0.0
100000003736419100,peripheral,0.7,3,0.2215,"слабые связи: 1 вход / 1 выход, 23 тыс ₸ → 10 тыс ₸, без устойчивого паттерна",,3,False,1,1,23300.0,10000.0,1,1,0.4291845493562232,0,0,7,1.0,1.0,1.0,0.0,0.00029164760065452,5.78066529260498e-19,0.0011379074330901441,1.922024458454748e-05,False,0.035,0.0,0.333,0.222,0.81,0.8097801704800359,False,,False,0.0
100000008779584100,peripheral,0.85,4,0.2214,"мелкий получатель: разовое поступление 31 тыс ₸ от 1 плательщика, исходящих в выборке не наблюдается — признаков роли нет",small_receiver,1,False,1,0,31400.0,0.0,1,0,0.0,1,1,1,0.0,0.0,1.0,0.0,0.0002921597864139918,-0.0,-1.6434871352799926e-17,0.0,False,0.042,0.167,0.323,0.237,0.367,0.22117541498429788,False,,False,0.0
100000008327791100,peripheral,0.75,14,0.2211,"4 колено (исходящие не выгружены): разовое поступление 11 тыс ₸ от 1 плательщика, P(пересылает)=0.29 — признаков роли нет",truncated_small,4,False,1,0,11000.0,0.0,1,0,0.0,0,0,7,0.2944822637642639,0.0,1.0,0.0,0.0005367685704661624,-0.0,-2.9655290752642504e-19,0.0,True,0.038,0.0,0.098,0.823,0.367,0.39726334679228353,False,,False,0.0
100000004629688100,peripheral,0.7,31,0.2211,"слабые связи: 1 вход / 1 выход, 5 тыс ₸ → 15 тыс ₸, без устойчивого паттерна",,3,False,1,1,5000.0,15000.0,1,2,3.0,0,0,7,1.0,0.0,1.0,1.0,0.00038797258449924186,1.5429536913846503e-05,-6.878300873229051e-21,0.0,False,0.035,0.0,0.205,0.687,0.367,0.8568864961866308,False,,False,1.0
100000008628818100,peripheral,0.75,8,0.2208,"4 колено (исходящие не выгружены): разовое поступление 46 тыс ₸ от 1 плательщика, P(пересылает)=0.26 — признаков роли нет",truncated_small,4,False,1,0,46310.0,0.0,1,0,0.0,0,0,7,0.2642514073736207,0.0,1.0,0.0,0.0003029044708184983,-0.0,2.7582739710935802e-06,0.0,True,0.038,0.0,0.402,0.416,0.367,0.19919246298788695,False,,False,0.0
100000005010159100,peripheral,0.75,15,0.2207,"4 колено (исходящие не выгружены): разовое поступление 7 тыс ₸ от 1 плательщика, P(пересылает)=0.30 — признаков роли нет",truncated_small,4,False,1,0,7092.0,0.0,1,0,0.0,0,0,7,0.30452794210987566,0.0,1.0,0.0,0.0006143684568259235,-0.0,-5.579480674736102e-19,0.0,True,0.038,0.0,0.048,0.888,0.367,0.550471063257066,False,,False,1.0
100000008656043100,peripheral,0.85,4,0.2204,"мелкий получатель: разовое поступление 26 тыс ₸ от 1 плательщика, исходящих в выборке не наблюдается — признаков роли нет",small_receiver,2,False,1,0,26200.0,0.0,1,0,0.0,0,1,1,0.0,0.0,1.0,0.0,0.0002944677917550065,-0.0,6.140263830218555e-20,0.0,False,0.042,0.167,0.278,0.291,0.367,0.29071332436069985,False,,False,0.0
100000001202637100,peripheral,0.75,8,0.2204,"4 колено (исходящие не выгружены): разовое поступление 10 тыс ₸ от 1 плательщика, P(пересылает)=0.30 — признаков роли нет",truncated_small,4,False,1,0,10000.0,0.0,1,0,0.0,0,0,9,0.29764768629169813,0.0,1.0,0.0,0.0005487659443752234,-0.0,-1.029823452273637e-18,0.0,True,0.038,0.0,0.079,0.846,0.367,0.4235082996859578,False,,False,0.0
100000008734364100,peripheral,0.85,4,0.2204,"мелкий получатель: разовое поступление 26 тыс ₸ от 1 плательщика, исходящих в выборке не наблюдается — признаков роли нет",small_receiver,2,False,1,0,26200.0,0.0,1,0,0.0,0,1,1,0.0,0.0,1.0,0.0,0.0002944677917550065,-0.0,6.140263830218555e-20,0.0,False,0.042,0.167,0.278,0.291,0.367,0.29071332436069985,False,,False,0.0
100000004435304100,peripheral,0.85,4,0.2204,"мелкий получатель: разовое поступление 26 тыс ₸ от 1 плательщика, исходящих в выборке не наблюдается — признаков роли нет",small_receiver,2,False,1,0,26200.0,0.0,1,0,0.0,0,1,1,0.0,0.0,1.0,0.0,0.0002944677917550065,-0.0,6.140263830218555e-20,0.0,False,0.042,0.167,0.278,0.291,0.367,0.29071332436069985,False,,False,0.0
100000008736173100,peripheral,0.85,4,0.2203,"мелкий получатель: разовое поступление 31 тыс ₸ от 1 плательщика, исходящих в выборке не наблюдается — признаков роли нет",small_receiver,1,False,1,0,31060.0,0.0,1,0,0.0,1,1,1,0.0,0.0,1.0,0.0,0.00029208842439657525,-0.0,-1.6434871352799926e-17,0.0,False,0.042,0.167,0.321,0.234,0.367,0.22296994167788245,False,,False,0.0
100000004573782100,peripheral,0.85,13,0.2195,"мелкий получатель: разовое поступление 15 тыс ₸ от 1 плательщика, исходящих в выборке не наблюдается — признаков роли нет",small_receiver,2,False,1,0,15000.0,0.0,1,0,0.0,0,1,1,0.0,0.0,1.0,0.0,0.000309897016928629,-0.0,4.205995741545794e-20,0.0,False,0.042,0.167,0.139,0.472,0.367,0.48138178555406014,False,,False,0.0
100000000954884100,peripheral,0.85,14,0.2193,"мелкий получатель: разовое поступление 34 тыс ₸ от 1 плательщика, исходящих в выборке не наблюдается — признаков роли нет",small_receiver,3,False,1,0,34000.0,0.0,1,0,0.0,0,0,7,0.0,0.0,1.0,0.0,0.00031150191855239246,-0.0,-2.492872205970298e-19,0.0,False,0.042,0.0,0.337,0.484,0.367,0.013907581875280395,False,,False,0.0
100000001065481100,peripheral,0.75,15,0.2192,"4 колено (исходящие не выгружены): разовое поступление 16 тыс ₸ от 1 плательщика, P(пересылает)=0.43 — признаков роли нет",truncated_small,4,False,1,0,16000.0,0.0,2,0,0.0,0,0,7,0.43469657866198413,0.0,1.0,0.0,0.0004322656924987207,-0.0,4.1530931344798196e-06,0.0,True,0.038,0.0,0.158,0.733,0.367,0.47016599371915657,False,,False,0.5
100000002653187100,peripheral,0.75,11,0.219,"4 колено (исходящие не выгружены): разовое поступление 15 тыс ₸ от 1 плательщика, P(пересылает)=0.29 — признаков роли нет",truncated_small,4,False,1,0,15000.0,0.0,1,0,0.0,0,0,8,0.28766669422735813,0.0,1.0,0.0,0.00047327891401503287,-0.0,-1.1625039214814937e-19,0.0,True,0.038,0.0,0.139,0.758,0.367,0.32009869896814713,False,,False,0.0
100000004571634100,peripheral,0.75,0,0.219,"4 колено (исходящие не выгружены): разовое поступление 20 тыс ₸ от 1 плательщика, P(пересылает)=0.28 — признаков роли нет",truncated_small,4,False,1,0,20000.0,0.0,1,0,0.0,0,0,8,0.2823647156217875,0.0,1.0,0.0,0.00037417734894680267,-0.0,-5.550712965849135e-19,0.0,True,0.038,0.0,0.205,0.669,0.367,0.24136384028712426,False,,False,0.0
100000004232712100,peripheral,0.75,5,0.2189,"4 колено (исходящие не выгружены): разовое поступление 12 тыс ₸ от 1 плательщика, P(пересылает)=0.29 — признаков роли нет",truncated_small,4,False,1,0,12500.0,0.0,1,0,0.0,0,0,7,0.2925585315268639,0.0,1.0,0.0,0.0005292762077277096,-0.0,-1.1675847510780545e-18,0.0,True,0.038,0.0,0.111,0.794,0.367,0.3764019739793629,False,,False,0.0
100000004800452100,peripheral,0.75,15,0.2187,"4 колено (исходящие не выгружены): разовое поступление 7 тыс ₸ от 1 плательщика, P(пересылает)=0.31 — признаков роли нет",truncated_small,4,False,1,0,6544.53,0.0,1,0,0.0,0,0,7,0.3061962351280223,0.0,1.0,0.0,0.0006079797659745975,-0.0,-4.484058049490965e-19,0.0,True,0.038,0.0,0.041,0.886,0.367,0.576043068640646,False,,False,1.0
100000001690439100,peripheral,0.85,0,0.2187,"мелкий получатель: разовое поступление 14 тыс ₸ от 1 плательщика, исходящих в выборке не наблюдается — признаков роли нет",small_receiver,3,False,1,0,14200.0,0.0,1,0,0.0,0,0,7,0.0,0.0,1.0,0.0,0.00047706727238734246,-0.0,9.315523056520289e-05,0.0,False,0.042,0.0,0.128,0.76,0.367,0.1942575145805294,False,,False,0.0
100000003173783100,peripheral,0.75,25,0.2185,"4 колено (исходящие не выгружены): разовое поступление 24 тыс ₸ от 1 плательщика, P(пересылает)=0.43 — признаков роли нет",truncated_small,4,False,1,0,23500.0,0.0,2,0,0.0,0,0,7,0.42543658394141565,0.0,1.0,0.0,0.0003468224290716622,-0.0,4.500602285482727e-05,0.0,True,0.038,0.0,0.239,0.621,0.367,0.3364737550471063,False,,False,0.5
100000005008589100,peripheral,0.85,0,0.2185,"мелкий получатель: разовое поступление 43 тыс ₸ от 1 плательщика, исходящих в выборке не наблюдается — признаков роли нет",small_receiver,3,False,1,0,42806.68,0.0,1,0,0.0,0,0,7,0.0,0.0,1.0,0.0,0.0003030940204447499,-0.0,0.0006428156846267583,0.0,False,0.042,0.0,0.384,0.418,0.367,0.019066846119336026,False,,False,0.0
100000005454368100,terminal,0.856,15,0.2183,"получил 49 тыс ₸ от 2 плательщ.; исходящих ≥5 тыс ₸ в выборке не наблюдается (колено 0, исходящие выгружены)",observed_sink,0,True,2,0,48600.0,0.0,2,0,0.0,0,0,7,0.0,0.0,1.0,0.0,0.0003941929632081931,-0.0,5.071743849084376e-06,0.0,False,0.3,0.0,0.416,0.698,0.367,0.7671601615074024,False,,False,0.0
100000006693788100,peripheral,0.75,3,0.2182,"4 колено (исходящие не выгружены): разовое поступление 11 тыс ₸ от 1 плательщика, P(пересылает)=0.30 — признаков роли нет",truncated_small,4,False,1,0,10764.0,0.0,1,0,0.0,0,0,7,0.2955816637739798,0.0,1.0,0.0,0.0005320949120369095,-0.0,4.848832431546126e-19,0.0,True,0.038,0.0,0.096,0.81,0.367,0.39569313593539707,False,,False,0.0
100000005386383100,peripheral,0.7,2,0.2181,seed: отправил 29 тыс ₸ 1 получателям; для консолидации/рассылки мало связей,,0,True,2,1,37500.0,29000.0,2,1,0.7733333333333333,0,0,7,1.0,0.0,2.0,0.0,0.0005243332756978205,4.605582293584408e-07,-1.329694860671076e-20,2.852323925717123e-05,False,0.035,0.0,0.492,0.789,0.871,0.7375504710632571,False,,False,0.0
100000008314863100,peripheral,0.85,6,0.218,"мелкий получатель: разовое поступление 12 тыс ₸ от 1 плательщика, исходящих в выборке не наблюдается — признаков роли нет",small_receiver,3,False,1,0,12000.0,0.0,1,0,0.0,0,0,10,0.0,0.0,1.0,0.0,0.0005170968391841071,-0.0,4.2565473384120203e-19,0.0,False,0.042,0.0,0.105,0.787,0.367,0.3243606998654105,False,,False,0.0
100000004185681100,peripheral,0.85,0,0.2178,"мелкий получатель: разовое поступление 10 тыс ₸ от 1 плательщика, исходящих в выборке не наблюдается — признаков роли нет",small_receiver,3,False,1,0,10000.0,0.0,1,0,0.0,0,0,7,0.0,0.0,1.0,0.0,0.000535296205282201,-0.0,-1.0440288011932067e-18,0.0,False,0.042,0.0,0.079,0.821,0.367,0.4329295648272768,False,,False,0.0
100000003001138100,peripheral,0.75,17,0.2178,"4 колено (исходящие не выгружены): разовое поступление 30 тыс ₸ от 1 плательщика, P(пересылает)=0.27 — признаков роли нет",truncated_small,4,False,1,0,30000.0,0.0,1,0,0.0,0,0,7,0.27389429050057335,0.0,1.0,0.0,0.00031732665225358317,-0.0,3.038680628611875e-11,0.0,True,0.038,0.0,0.308,0.524,0.367,0.20838941229250785,False,,False,0.0
100000004984689100,peripheral,0.85,3,0.2177,"мелкий получатель: разовое поступление 53 тыс ₸ от 1 плательщика, исходящих в выборке не наблюдается — признаков роли нет",small_receiver,3,False,1,0,53030.0,0.0,1,0,0.0,0,0,7,0.0,0.0,1.0,0.0,0.0002963587248842155,-0.0,0.0016044117981357526,0.0,False,0.042,0.0,0.45,0.325,0.367,0.010094212651413189,False,,False,0.0
100000001273783100,peripheral,0.85,9,0.2177,"мелкий получатель: разовое поступление 23 тыс ₸ от 1 плательщика, исходящих в выборке не наблюдается — признаков роли нет",small_receiver,2,False,1,0,23200.0,0.0,1,0,0.0,0,1,1,0.0,0.0,1.0,0.0,0.0002966231104571254,-0.0,2.3228134124635814e-05,0.0,False,0.042,0.167,0.238,0.331,0.367,0.3624943921040826,False,,False,0.0
100000001290243100,peripheral,0.85,2,0.2176,"мелкий получатель: разовое поступление 10 тыс ₸ от 1 плательщика, исходящих в выборке не наблюдается — признаков роли нет",small_receiver,2,False,1,0,10000.0,0.0,1,0,0.0,0,1,7,0.0,0.0,1.0,0.0,0.0003199489735535746,-0.0,1.2596487311569499e-05,0.0,False,0.042,0.167,0.079,0.541,0.367,0.5803050695379094,False,,False,0.0
100000002728246100,peripheral,0.75,5,0.2173,"4 колено (исходящие не выгружены): разовое поступление 10 тыс ₸ от 1 плательщика, P(пересылает)=0.30 — признаков роли нет",truncated_small,4,False,1,0,10000.0,0.0,1,0,0.0,0,0,7,0.29667465633136514,0.0,1.0,0.0,0.0005386393313923868,-0.0,-1.3127019634421524e-18,0.0,True,0.038,0.0,0.079,0.827,0.367,0.4235082996859578,False,,False,0.0
100000004779204100,peripheral,0.7,0,0.2169,"слабые связи: 1 вход / 1 выход, 30 тыс ₸ → 20 тыс ₸, без устойчивого паттерна",,3,False,1,1,30450.0,20000.0,1,2,0.6568144499178982,0,0,7,1.0,0.5,1.0,0.0,0.0002872842372140548,-5.072139594617908e-19,0.0029057816552165005,1.922024458454748e-05,False,0.035,0.0,0.437,0.057,0.81,0.6428891879766712,False,,False,0.0
100000002708624100,peripheral,0.85,22,0.2167,"мелкий получатель: разовое поступление 25 тыс ₸ от 1 плательщика, исходящих в выборке не наблюдается — признаков роли нет",small_receiver,3,False,1,0,25000.0,0.0,1,0,0.0,0,0,7,0.0,0.0,1.0,0.0,0.0003287361266530872,-0.0,2.5006817420098913e-06,0.0,False,0.042,0.0,0.26,0.572,0.367,0.05024674742036788,False,,False,0.0
100000002680477100,peripheral,0.85,9,0.2165,"мелкий получатель: разовое поступление 25 тыс ₸ от 1 плательщика, исходящих в выборке не наблюдается — признаков роли нет",small_receiver,2,False,1,0,25000.0,0.0,1,0,0.0,0,1,1,0.0,0.0,1.0,0.0,0.00029455855419957707,-0.0,4.0882453974806574e-08,0.0,False,0.042,0.167,0.26,0.293,0.367,0.316509645580978,False,,False,0.0
100000008672603100,peripheral,0.85,16,0.2165,"мелкий получатель: разовое поступление 21 тыс ₸ от 1 плательщика, исходящих в выборке не наблюдается — признаков роли нет",small_receiver,2,False,1,0,21200.0,0.0,1,0,0.0,0,1,8,0.0,0.0,1.0,0.0,0.00029721303813419714,-0.0,2.2343493947030172e-18,0.0,False,0.042,0.167,0.225,0.34,0.367,0.34993270524899056,False,,False,0.0
100000001597424100,peripheral,0.85,8,0.2164,"мелкий получатель: разовое поступление 48 тыс ₸ от 1 плательщика, исходящих в выборке не наблюдается — признаков роли нет",small_receiver,3,False,1,0,48100.0,0.0,1,0,0.0,0,0,7,0.0,0.0,1.0,0.0,0.0002991648381559118,-0.0,2.441379038303138e-05,0.0,False,0.042,0.0,0.415,0.365,0.367,0.00493494840735756,False,,False,0.0
100000003010908100,peripheral,0.75,8,0.2163,"4 колено (исходящие не выгружены): разовое поступление 17 тыс ₸ от 1 плательщика, P(пересылает)=0.29 — признаков роли нет",truncated_small,4,False,1,0,17000.0,0.0,1,0,0.0,0,0,7,0.2857705331392131,0.0,1.0,0.0,0.0003994094269981735,-0.0,2.1678034372458474e-06,0.0,True,0.038,0.0,0.166,0.706,0.367,0.2981157469717362,False,,False,0.0
100000000943371100,peripheral,0.85,28,0.2162,"мелкий получатель: разовое поступление 16 тыс ₸ от 1 плательщика, исходящих в выборке не наблюдается — признаков роли нет",small_receiver,2,False,1,0,15500.0,0.0,1,0,0.0,0,1,10,0.0,0.0,1.0,0.0,0.0003059751638440235,-0.0,4.876477815530408e-08,0.0,False,0.042,0.167,0.147,0.442,0.367,0.45939883355764916,False,,False,0.0
100000008251939100,peripheral,0.75,8,0.2162,"4 колено (исходящие не выгружены): разовое поступление 44 тыс ₸ от 1 плательщика, P(пересылает)=0.27 — признаков роли нет",truncated_small,4,False,1,0,44360.0,0.0,1,0,0.0,0,0,7,0.2659835338520885,0.0,1.0,0.0,0.00030217452924276186,-0.0,2.7582739710935802e-06,0.0,True,0.038,0.0,0.388,0.409,0.367,0.19246298788694483,False,,False,0.0
100000004058740100,peripheral,0.85,4,0.2161,"мелкий получатель: разовое поступление 30 тыс ₸ от 1 плательщика, исходящих в выборке не наблюдается — признаков роли нет",small_receiver,1,False,1,0,30000.0,0.0,1,0,0.0,1,1,1,0.0,0.0,1.0,0.0,0.000291865942812865,-0.0,-1.6434871352799926e-17,0.0,False,0.042,0.167,0.308,0.227,0.367,0.2617765814266487,False,,False,0.0
100000004064431100,peripheral,0.7,21,0.2158,"слабые связи: 1 вход / 1 выход, 26 тыс ₸ → 10 тыс ₸, без устойчивого паттерна",,3,False,1,1,26000.0,10000.0,1,1,0.38461538461538464,0,0,1,1.0,1.0,1.0,0.0,0.00029105344694629973,-3.385656917850251e-19,1.2732772780728294e-18,9.90734256935437e-07,False,0.035,0.0,0.35,0.203,0.755,0.8106774338268282,False,,False,0.0
100000005233755100,peripheral,0.7,14,0.2156,"слабые связи: 1 вход / 1 выход, 25 тыс ₸ → 5 тыс ₸, без устойчивого паттерна",,3,False,1,1,25000.0,5000.0,1,1,0.2,0,0,7,1.0,1.0,1.0,0.0,0.0002916076698087035,2.9673484068701446e-19,0.0004659018150489403,1.922024458454748e-05,False,0.035,0.0,0.308,0.222,0.81,0.8187528039479587,False,,False,0.0
100000003646145100,peripheral,0.75,16,0.2155,"4 колено (исходящие не выгружены): разовое поступление 5 тыс ₸ от 1 плательщика, P(пересылает)=0.31 — признаков роли нет",truncated_small,4,False,1,0,5000.0,0.0,1,0,0.0,0,0,8,0.31357241657904733,0.0,1.0,0.0,0.0006536813277109168,-0.0,1.6515926017848978e-19,0.0,True,0.038,0.0,0.016,0.901,0.367,0.6529834006280844,False,,False,1.0
100000008422226100,peripheral,0.85,0,0.2154,"мелкий получатель: разовое поступление 87 тыс ₸ от 1 плательщика, исходящих в выборке не наблюдается — признаков роли нет",small_receiver,3,False,1,0,87450.0,0.0,1,0,0.0,0,0,7,0.0,0.0,1.0,0.0,0.0002904944753360771,-0.0,0.0029057816552165005,0.0,False,0.042,0.0,0.544,0.186,0.367,0.07133243606998654,False,,False,0.0
100000003899325100,peripheral,0.85,15,0.2153,"мелкий получатель: разовое поступление 50 тыс ₸ от 1 плательщика, исходящих в выборке не наблюдается — признаков роли нет",small_receiver,3,False,1,0,50120.0,0.0,1,0,0.0,0,0,7,0.0,0.0,1.0,0.0,0.0002966402059541674,-0.0,0.0001302803777205814,0.0,False,0.042,0.0,0.435,0.331,0.367,0.026244952893674293,False,,False,0.0
100000005041147100,peripheral,0.75,3,0.2153,"4 колено (исходящие не выгружены): разовое поступление 10 тыс ₸ от 1 плательщика, P(пересылает)=0.30 — признаков роли нет",truncated_small,4,False,1,0,10000.0,0.0,1,0,0.0,0,0,7,0.29673184245900924,0.0,1.0,0.0,0.0005337622626216128,-0.0,1.3581575849288837e-18,0.0,True,0.038,0.0,0.079,0.816,0.367,0.4235082996859578,False,,False,0.0
100000002862113100,peripheral,0.85,8,0.2151,"мелкий получатель: разовое поступление 47 тыс ₸ от 1 плательщика, исходящих в выборке не наблюдается — признаков роли нет",small_receiver,3,False,1,0,47405.0,0.0,2,0,0.0,0,0,7,0.0,0.0,1.0,0.0,0.0002989683952653226,-0.0,2.441379038303138e-05,0.0,False,0.042,0.0,0.411,0.361,0.367,0.054284432480933155,False,,False,0.0
100000004336228100,peripheral,0.85,3,0.215,"мелкий получатель: разовое поступление 51 тыс ₸ от 1 плательщика, исходящих в выборке не наблюдается — признаков роли нет",small_receiver,3,False,1,0,51407.0,0.0,2,0,0.0,0,0,7,0.0,0.0,1.0,0.0,0.00029602851093037016,-0.0,0.0016044117981357526,0.0,False,0.042,0.0,0.441,0.321,0.367,0.05204127411395244,False,,False,0.0
100000000704700100,peripheral,0.75,21,0.215,"4 колено (исходящие не выгружены): разовое поступление 10 тыс ₸ от 1 плательщика, P(пересылает)=0.30 — признаков роли нет",truncated_small,4,False,1,0,10000.0,0.0,1,0,0.0,0,0,1,0.29673184245900924,0.0,1.0,0.0,0.0005332551718567717,-0.0,-7.954543967158358e-19,0.0,True,0.038,0.0,0.079,0.814,0.367,0.4235082996859578,False,,False,0.0
100000001818442100,peripheral,0.85,8,0.2147,"мелкий получатель: разовое поступление 42 тыс ₸ от 1 плательщика, исходящих в выборке не наблюдается — признаков роли нет",small_receiver,3,False,1,0,42215.0,0.0,1,0,0.0,0,0,7,0.0,0.0,1.0,0.0,0.0003012978538176511,-0.0,6.407022407315355e-07,0.0,False,0.042,0.0,0.381,0.399,0.367,0.01996410946612831,False,,False,0.0
100000005186109100,peripheral,0.85,2,0.2144,"мелкий получатель: разовое поступление 5 тыс ₸ от 1 плательщика, исходящих в выборке не наблюдается — признаков роли нет",small_receiver,3,False,1,0,5000.0,0.0,1,0,0.0,0,0,7,0.0,0.0,1.0,0.0,0.0006059178330672794,-0.0,-1.243689264485697e-18,0.0,False,0.042,0.0,0.016,0.884,0.367,0.7236428891879767,False,,False,1.0
100000002305007100,peripheral,0.85,7,0.2144,"мелкий получатель: разовое поступление 56 тыс ₸ от 1 плательщика, исходящих в выборке не наблюдается — признаков роли нет",small_receiver,3,False,1,0,56000.0,0.0,1,0,0.0,0,0,1,0.0,0.0,1.0,0.0,0.0002943096498515301,-0.0,-1.528429321286511e-17,0.0,False,0.042,0.0,0.464,0.288,0.367,0.03095558546433378,False,,False,0.0
100000008673001100,peripheral,0.85,18,0.2141,"мелкий получатель: разовое поступление 80 тыс ₸ от 1 плательщика, исходящих в выборке не наблюдается — признаков роли нет",small_receiver,0,True,1,0,80000.0,0.0,1,0,0.0,1,1,1,0.0,0.0,1.0,0.0,0.0004689783107025104,-0.0,3.1148075439326523e-19,0.0,False,0.042,0.167,0.521,0.754,0.367,0.7617765814266487,False,,False,0.0
100000005910895100,peripheral,0.75,29,0.214,"4 колено (исходящие не выгружены): разовое поступление 5 тыс ₸ от 1 плательщика, P(пересылает)=0.31 — признаков роли нет",truncated_small,4,False,1,0,5100.0,0.0,1,0,0.0,0,0,8,0.31141946560699657,0.0,1.0,0.0,0.0005976000607837513,-0.0,1.2476559046624497e-18,0.0,True,0.038,0.0,0.024,0.881,0.367,0.6482727680574248,False,,False,1.0
100000005226217100,peripheral,0.75,1,0.214,"4 колено (исходящие не выгружены): разовое поступление 18 тыс ₸ от 1 плательщика, P(пересылает)=0.29 — признаков роли нет",truncated_small,4,False,1,0,17500.0,0.0,1,0,0.0,0,0,9,0.28604593184187554,0.0,1.0,0.0,0.0003830224720707786,-0.0,5.186136331141469e-20,0.0,True,0.038,0.0,0.175,0.681,0.367,0.2940780619111709,False,,False,0.0
100000008349740100,peripheral,0.75,5,0.214,"4 колено (исходящие не выгружены): разовое поступление 70 тыс ₸ от 1 плательщика, P(пересылает)=0.40 — признаков роли нет",truncated_small,4,False,1,0,70000.0,0.0,2,0,0.0,0,0,7,0.39802611568936025,0.0,1.0,0.0,0.0002925250039161437,-0.0,2.6435798381140134e-19,0.0,True,0.038,0.0,0.5,0.246,0.367,0.17653656348138178,False,,False,0.0
100000002258492100,peripheral,0.75,18,0.2138,"4 колено (исходящие не выгружены): разовое поступление 9 тыс ₸ от 1 плательщика, P(пересылает)=0.30 — признаков роли нет",truncated_small,4,False,1,0,9000.0,0.0,1,0,0.0,0,0,8,0.3001321865481038,0.0,1.0,0.0,0.0005401265380892341,-0.0,-5.936327553909221e-19,0.0,True,0.038,0.0,0.06,0.833,0.367,0.484073575594437,False,,False,1.0
100000001256409100,peripheral,0.75,10,0.2137,"4 колено (исходящие не выгружены): разовое поступление 8 тыс ₸ от 1 плательщика, P(пересылает)=0.30 — признаков роли нет",truncated_small,4,False,1,0,8000.0,0.0,1,0,0.0,0,0,1,0.3015738163907104,0.0,1.0,0.0,0.0005471647850140182,-0.0,2.934854078999849e-19,0.0,True,0.038,0.0,0.053,0.842,0.367,0.5132346343651862,False,,False,1.0
100000003157333100,peripheral,0.85,12,0.2135,"мелкий получатель: разовое поступление 30 тыс ₸ от 1 плательщика, исходящих в выборке не наблюдается — признаков роли нет",small_receiver,2,False,1,0,30000.0,0.0,1,0,0.0,0,1,1,0.0,0.0,1.0,0.0,0.0002912552172830988,-0.0,2.8721412970847028e-05,0.0,False,0.042,0.167,0.308,0.212,0.367,0.23396141767608794,False,,False,0.0
100000002820010100,peripheral,0.85,12,0.2135,"мелкий получатель: разовое поступление 30 тыс ₸ от 1 плательщика, исходящих в выборке не наблюдается — признаков роли нет",small_receiver,2,False,1,0,30000.0,0.0,1,0,0.0,0,1,1,0.0,0.0,1.0,0.0,0.0002912552172830988,-0.0,2.8721412970847028e-05,0.0,False,0.042,0.167,0.308,0.212,0.367,0.23396141767608794,False,,False,0.0
100000008782056100,peripheral,0.85,4,0.2132,"мелкий получатель: разовое поступление 29 тыс ₸ от 1 плательщика, исходящих в выборке не наблюдается — признаков роли нет",small_receiver,1,False,1,0,29082.0,0.0,1,0,0.0,1,1,1,0.0,0.0,1.0,0.0,0.00029167326536584036,-0.0,-1.6434871352799926e-17,0.0,False,0.042,0.167,0.298,0.223,0.367,0.2803947958725886,False,,False,0.0
100000007267915100,peripheral,0.7,0,0.2131,"слабые связи: 2 вход / 1 выход, 21 тыс ₸ → 10 тыс ₸, без устойчивого паттерна",,3,False,2,1,21000.0,10000.0,3,1,0.47619047619047616,0,0,7,1.0,1.0,1.0,0.0,0.0002913946069790751,0.00012843543078368174,0.0008761603104051473,1.6729898929614312e-06,False,0.035,0.0,0.319,0.219,0.77,0.9152086137281292,False,,False,0.6666666666666666
100000002838519100,peripheral,0.85,8,0.2129,"мелкий получатель: разовое поступление 47 тыс ₸ от 1 плательщика, исходящих в выборке не наблюдается — признаков роли нет",small_receiver,3,False,1,0,46900.0,0.0,1,0,0.0,0,0,7,0.0,0.0,1.0,0.0,0.0002988256561865491,-0.0,2.441379038303138e-05,0.0,False,0.042,0.0,0.404,0.358,0.367,0.0015702108568864963,False,,False,0.0
100000008405209100,peripheral,0.85,14,0.2124,"мелкий получатель: разовое поступление 54 тыс ₸ от 1 плательщика, исходящих в выборке не наблюдается — признаков роли нет",small_receiver,3,False,1,0,54400.0,0.0,1,0,0.0,0,0,7,0.0,0.0,1.0,0.0,0.0002941318023751846,-0.0,0.00023334462577838898,0.0,False,0.042,0.0,0.457,0.285,0.367,0.023777478689995513,False,,False,0.0
100000001549194100,peripheral,0.85,8,0.2123,"мелкий получатель: разовое поступление 46 тыс ₸ от 1 плательщика, исходящих в выборке не наблюдается — признаков роли нет",small_receiver,3,False,1,0,46500.0,0.0,1,0,0.0,0,0,7,0.0,0.0,1.0,0.0,0.0002987125955300949,-0.0,2.441379038303138e-05,0.0,False,0.042,0.0,0.403,0.357,0.367,0.004262000897263347,False,,False,0.0
100000007197866100,peripheral,0.7,3,0.2123,"слабые связи: 1 вход / 1 выход, 20 тыс ₸ → 15 тыс ₸, без устойчивого паттерна",,3,False,1,1,20000.0,15000.0,1,1,0.75,0,0,7,1.0,1.0,1.0,0.0,0.0002896384741784161,-1.9177322730456215e-19,0.0016044117981357526,1.922024458454748e-05,False,0.035,0.0,0.344,0.155,0.81,0.822790489008524,False,,False,0.0
100000003838587100,peripheral,0.75,8,0.2121,"4 колено (исходящие не выгружены): разовое поступление 6 тыс ₸ от 1 плательщика, P(пересылает)=0.31 — признаков роли нет",truncated_small,4,False,1,0,6000.0,0.0,1,0,0.0,0,0,7,0.3084244141690634,0.0,1.0,0.0,0.0005550324069085211,-0.0,-3.6998684238153917e-19,0.0,True,0.038,0.0,0.035,0.855,0.367,0.610587707492149,False,,False,1.0
100000006171671100,peripheral,0.75,0,0.2113,"4 колено (исходящие не выгружены): разовое поступление 10 тыс ₸ от 1 плательщика, P(пересылает)=0.30 — признаков роли нет",truncated_small,4,False,1,0,10000.0,0.0,1,0,0.0,0,0,7,0.29781958823745336,0.0,1.0,0.0,0.0005290656990407915,-0.0,-4.622334053551238e-19,0.0,True,0.038,0.0,0.079,0.793,0.367,0.4235082996859578,False,,False,0.0
100000000795374100,peripheral,0.85,3,0.211,"мелкий получатель: разовое поступление 50 тыс ₸ от 1 плательщика, исходящих в выборке не наблюдается — признаков роли нет",small_receiver,3,False,1,0,50000.0,0.0,1,0,0.0,0,0,7,0.0,0.0,1.0,0.0,0.000295742244120105,-0.0,0.0016044117981357526,0.0,False,0.042,0.0,0.428,0.315,0.367,0.026244952893674293,False,,False,0.0
100000003711830100,peripheral,0.85,3,0.211,"мелкий получатель: разовое поступление 50 тыс ₸ от 1 плательщика, исходящих в выборке не наблюдается — признаков роли нет",small_receiver,3,False,1,0,50000.0,0.0,1,0,0.0,0,0,7,0.0,0.0,1.0,0.0,0.000295742244120105,-0.0,0.0016044117981357526,0.0,False,0.042,0.0,0.428,0.315,0.367,0.026244952893674293,False,,False,0.0
100000001275557100,peripheral,0.75,20,0.2109,"4 колено (исходящие не выгружены): разовое поступление 20 тыс ₸ от 1 плательщика, P(пересылает)=0.28 — признаков роли нет",truncated_small,4,False,1,0,20000.0,0.0,1,0,0.0,0,0,7,0.28286477256526366,0.0,1.0,0.0,0.0003475117995580216,-0.0,-5.953532736183907e-19,0.0,True,0.038,0.0,0.205,0.623,0.367,0.24136384028712426,False,,False,0.0
100000004979283100,peripheral,0.85,8,0.2109,"мелкий получатель: разовое поступление 40 тыс ₸ от 1 плательщика, исходящих в выборке не наблюдается — признаков роли нет",small_receiver,3,False,1,0,40132.0,0.0,1,0,0.0,0,0,7,0.0,0.0,1.0,0.0,0.00030052176499501573,-0.0,6.407022407315355e-07,0.0,False,0.042,0.0,0.374,0.387,0.367,0.029385374607447286,False,,False,0.0
100000008691168100,peripheral,0.85,4,0.2108,"мелкий получатель: разовое поступление 24 тыс ₸ от 1 плательщика, исходящих в выборке не наблюдается — признаков роли нет",small_receiver,2,False,1,0,24000.0,0.0,1,0,0.0,0,1,1,0.0,0.0,1.0,0.0,0.0002937205896716869,-0.0,6.140263830218555e-20,0.0,False,0.042,0.167,0.248,0.276,0.367,0.35105428443248093,False,,False,0.0
100000008688476100,peripheral,0.85,4,0.2108,"мелкий получатель: разовое поступление 24 тыс ₸ от 1 плательщика, исходящих в выборке не наблюдается — признаков роли нет",small_receiver,2,False,1,0,24000.0,0.0,1,0,0.0,0,1,1,0.0,0.0,1.0,0.0,0.0002937205896716869,-0.0,6.140263830218555e-20,0.0,False,0.042,0.167,0.248,0.276,0.367,0.35105428443248093,False,,False,0.0
100000008765494100,peripheral,0.85,4,0.2108,"мелкий получатель: разовое поступление 24 тыс ₸ от 1 плательщика, исходящих в выборке не наблюдается — признаков роли нет",small_receiver,2,False,1,0,24000.0,0.0,1,0,0.0,0,1,1,0.0,0.0,1.0,0.0,0.0002937205896716869,-0.0,6.140263830218555e-20,0.0,False,0.042,0.167,0.248,0.276,0.367,0.35105428443248093,False,,False,0.0
100000003574895100,peripheral,0.7,0,0.2105,"слабые связи: 1 вход / 1 выход, 28 тыс ₸ → 20 тыс ₸, без устойчивого паттерна",,3,False,1,1,27968.0,20000.0,1,1,0.7151029748283753,0,0,7,1.0,1.0,1.0,0.0,0.00028714445105582916,-7.919039703810626e-20,0.0029057816552165005,1.922024458454748e-05,False,0.035,0.0,0.413,0.052,0.81,0.784656796769852,False,,False,0.0
100000004569637100,peripheral,0.75,3,0.2104,"4 колено (исходящие не выгружены): разовое поступление 6 тыс ₸ от 1 плательщика, P(пересылает)=0.31 — признаков роли нет",truncated_small,4,False,1,0,5500.0,0.0,1,0,0.0,0,0,7,0.30984364693083366,0.0,1.0,0.0,0.0005531603067223179,-0.0,-1.157606459287739e-18,0.0,True,0.038,0.0,0.03,0.853,0.367,0.6332436069986541,False,,False,1.0
100000003671721100,peripheral,0.85,8,0.2103,"мелкий получатель: разовое поступление 5 тыс ₸ от 1 плательщика, исходящих в выборке не наблюдается — признаков роли нет",small_receiver,3,False,1,0,5000.0,0.0,1,0,0.0,0,0,9,0.0,0.0,1.0,0.0,0.0005587421555235828,-0.0,-4.925470490848436e-19,0.0,False,0.042,0.0,0.016,0.861,0.367,0.7236428891879767,False,,False,1.0
100000003024542100,peripheral,0.85,6,0.2102,"мелкий получатель: разовое поступление 8 тыс ₸ от 1 плательщика, исходящих в выборке не наблюдается — признаков роли нет",small_receiver,2,False,1,0,8500.0,0.0,1,0,0.0,0,1,10,0.0,0.0,1.0,0.0,0.00031794749343884177,-0.0,-3.0298746943758804e-19,0.0,False,0.042,0.167,0.056,0.529,0.367,0.6303275011215792,False,,False,1.0
100000004890713100,peripheral,0.75,8,0.2101,"4 колено (исходящие не выгружены): разовое поступление 40 тыс ₸ от 1 плательщика, P(пересылает)=0.27 — признаков роли нет",truncated_small,4,False,1,0,40485.0,0.0,1,0,0.0,0,0,7,0.267749325480412,0.0,1.0,0.0,0.00030072400431661883,-0.0,2.7582739710935802e-06,0.0,True,0.038,0.0,0.375,0.391,0.367,0.1825930910722297,False,,False,0.0
100000002835874100,peripheral,0.75,1,0.2098,"4 колено (исходящие не выгружены): разовое поступление 59 тыс ₸ от 1 плательщика, P(пересылает)=0.26 — признаков роли нет",truncated_small,4,False,1,0,58700.0,0.0,1,0,0.0,0,0,8,0.260084442283704,0.0,1.0,0.0,0.00029329173220691814,-0.0,1.2761480262525199e-06,0.0,True,0.038,0.0,0.469,0.264,0.367,0.2812920592193809,False,,False,0.0
100000000655469100,peripheral,0.75,10,0.2098,"4 колено (исходящие не выгружены): разовое поступление 20 тыс ₸ от 1 плательщика, P(пересылает)=0.43 — признаков роли нет",truncated_small,4,False,1,0,20000.0,0.0,2,0,0.0,0,0,7,0.4293004657125736,0.0,1.0,0.0,0.00034543115072670764,-0.0,6.431049768247204e-19,0.0,True,0.038,0.0,0.205,0.617,0.367,0.35576491700314045,False,,False,0.0
100000008771814100,peripheral,0.85,4,0.2093,"мелкий получатель: разовое поступление 24 тыс ₸ от 1 плательщика, исходящих в выборке не наблюдается — признаков роли нет",small_receiver,2,False,1,0,23700.0,0.0,1,0,0.0,0,1,1,0.0,0.0,1.0,0.0,0.0002936186984785069,-0.0,6.140263830218555e-20,0.0,False,0.042,0.167,0.245,0.273,0.367,0.35778375953342306,False,,False,0.0
100000005834479100,peripheral,0.7,3,0.2092,"слабые связи: 1 вход / 2 выход, 8 тыс ₸ → 14 тыс ₸, без устойчивого паттерна",,2,False,1,2,7500.0,14470.0,1,2,1.9293333333333333,0,1,7,1.0,0.0,1.0,0.0,0.00028675165047445963,0.0027141375488980435,0.00014216819592800163,1.9811752130374257e-06,False,0.035,0.167,0.227,0.04,0.772,0.6886496186630776,False,,False,1.0
100000004750897100,peripheral,0.85,31,0.2091,"мелкий получатель: разовое поступление 10 тыс ₸ от 1 плательщика, исходящих в выборке не наблюдается — признаков роли нет",small_receiver,3,False,1,0,10000.0,0.0,1,0,0.0,0,0,7,0.0,0.0,1.0,0.0,0.0004903758747811936,-0.0,-6.878300873229051e-21,0.0,False,0.042,0.0,0.079,0.77,0.367,0.4329295648272768,False,,False,0.0
100000003481025100,peripheral,0.75,0,0.2089,"4 колено (исходящие не выгружены): разовое поступление 9 тыс ₸ от 1 плательщика, P(пересылает)=0.30 — признаков роли нет",truncated_small,4,False,1,0,9000.0,0.0,1,0,0.0,0,0,7,0.30007462471975793,0.0,1.0,0.0,0.0005310260909453542,-0.0,-8.562413635140079e-20,0.0,True,0.038,0.0,0.06,0.804,0.367,0.484073575594437,False,,False,1.0
100000004066647100,peripheral,0.85,19,0.2086,"мелкий получатель: разовое поступление 51 тыс ₸ от 1 плательщика, исходящих в выборке не наблюдается — признаков роли нет",small_receiver,3,False,1,0,51000.0,0.0,1,0,0.0,0,0,7,0.0,0.0,1.0,0.0,0.0002942910761084235,-0.0,8.448073393743623e-05,0.0,False,0.042,0.0,0.439,0.287,0.367,0.01278600269179004,False,,False,0.0
100000007303047100,peripheral,0.85,7,0.2083,"мелкий получатель: разовое поступление 52 тыс ₸ от 1 плательщика, исходящих в выборке не наблюдается — признаков роли нет",small_receiver,3,False,1,0,52250.0,0.0,1,0,0.0,0,0,1,0.0,0.0,1.0,0.0,0.0002937243581795944,-0.0,-1.528429321286511e-17,0.0,False,0.042,0.0,0.445,0.277,0.367,0.006280843427545985,False,,False,0.0
100000006866831100,peripheral,0.75,3,0.2082,"4 колено (исходящие не выгружены): разовое поступление 16 тыс ₸ от 1 плательщика, P(пересылает)=0.29 — признаков роли нет",truncated_small,4,False,1,0,16500.0,0.0,1,0,0.0,0,0,7,0.2860731601751748,0.0,1.0,0.0,0.0003676771906395023,-0.0,-3.0129825876723083e-19,0.0,True,0.038,0.0,0.163,0.662,0.367,0.2929564827276806,False,,False,0.0
100000000572276100,peripheral,0.7,7,0.2081,"слабые связи: 1 вход / 1 выход, 13 тыс ₸ → 35 тыс ₸, без устойчивого паттерна",,3,False,1,1,13075.0,34547.0,1,1,2.6422179732313578,0,0,1,1.0,0.0,1.0,0.0,0.00028761001118010604,-6.089158866801391e-19,-1.528429321286511e-17,1.387027959709612e-06,False,0.035,0.0,0.413,0.069,0.764,0.5074024226110363,False,,False,0.0
100000007960337100,peripheral,0.75,15,0.2081,"4 колено (исходящие не выгружены): разовое поступление 36 тыс ₸ от 1 плательщика, P(пересылает)=0.27 — признаков роли нет",truncated_small,4,False,1,0,35500.0,0.0,1,0,0.0,0,0,7,0.2700777593070243,0.0,1.0,0.0,0.00030276808937766117,-0.0,6.997219130396941e-21,0.0,True,0.038,0.0,0.348,0.415,0.367,0.174069089277703,False,,False,0.0
100000008691495100,peripheral,0.85,4,0.208,"мелкий получатель: разовое поступление 27 тыс ₸ от 1 плательщика, исходящих в выборке не наблюдается — признаков роли нет",small_receiver,1,False,1,0,27000.0,0.0,1,0,0.0,1,1,1,0.0,0.0,1.0,0.0,0.0002912362779533075,-0.0,-1.6434871352799926e-17,0.0,False,0.042,0.167,0.285,0.211,0.367,0.2611036339165545,False,,False,0.0
100000008151098100,peripheral,0.75,23,0.2079,"4 колено (исходящие не выгружены): разовое поступление 30 тыс ₸ от 1 плательщика, P(пересылает)=0.27 — признаков роли нет",truncated_small,4,False,1,0,30000.0,0.0,1,0,0.0,0,0,7,0.27367633645932493,0.0,1.0,0.0,0.0003093477246134623,-0.0,-5.3684785607249976e-20,0.0,True,0.038,0.0,0.308,0.468,0.367,0.20838941229250785,False,,False,0.0
100000008686247100,peripheral,0.7,11,0.2079,"слабые связи: 1 вход / 1 выход, 22 тыс ₸ → 5 тыс ₸, без устойчивого паттерна",,3,False,1,1,22000.0,5000.0,2,1,0.22727272727272727,0,0,1,1.0,0.0,1.0,1.0,0.00031367376777992426,8.111378645904432e-20,-9.212544025678949e-19,0.0,False,0.035,0.0,0.285,0.503,0.367,0.6765365634813818,False,,False,0.5
100000003962994100,peripheral,0.85,2,0.2079,"мелкий получатель: разовое поступление 10 тыс ₸ от 1 плательщика, исходящих в выборке не наблюдается — признаков роли нет",small_receiver,3,False,1,0,10000.0,0.0,1,0,0.0,0,0,7,0.0,0.0,1.0,0.0,0.00048122982573492034,-0.0,-4.7258820803183425e-20,0.0,False,0.042,0.0,0.079,0.763,0.367,0.4329295648272768,False,,False,0.0
100000004257714100,peripheral,0.85,7,0.2079,"мелкий получатель: разовое поступление 52 тыс ₸ от 1 плательщика, исходящих в выборке не наблюдается — признаков роли нет",small_receiver,3,False,1,0,52220.0,0.0,1,0,0.0,0,0,1,0.0,0.0,1.0,0.0,0.0002937196758462189,-0.0,-1.528429321286511e-17,0.0,False,0.042,0.0,0.445,0.275,0.367,0.006280843427545985,False,,False,0.0
100000002727288100,peripheral,0.85,2,0.2079,"мелкий получатель: разовое поступление 16 тыс ₸ от 1 плательщика, исходящих в выборке не наблюдается — признаков роли нет",small_receiver,3,False,1,0,16000.0,0.0,1,0,0.0,0,0,7,0.0,0.0,1.0,0.0,0.0003661692337362445,-0.0,2.9233376571438957e-19,0.0,False,0.042,0.0,0.158,0.658,0.367,0.16509645580978016,False,,False,0.0
100000008129393100,peripheral,0.85,40,0.2079,"мелкий получатель: разовое поступление 10 тыс ₸ от 1 плательщика, исходящих в выборке не наблюдается — признаков роли нет",small_receiver,1,False,1,0,10000.0,0.0,1,0,0.0,1,1,1,0.0,0.0,1.0,0.0,0.0003116981820260483,-0.0,1.335384892571789e-19,0.0,False,0.042,0.167,0.079,0.486,0.367,0.6828174069089278,False,,False,0.0
100000001145749100,peripheral,0.85,6,0.2077,"мелкий получатель: разовое поступление 10 тыс ₸ от 1 плательщика, исходящих в выборке не наблюдается — признаков роли нет",small_receiver,3,False,1,0,10000.0,0.0,1,0,0.0,0,0,10,0.0,0.0,1.0,0.0,0.0004785089150229709,-0.0,4.2565473384120203e-19,0.0,False,0.042,0.0,0.079,0.762,0.367,0.4329295648272768,False,,False,0.0
100000002994441100,peripheral,0.75,3,0.2073,"4 колено (исходящие не выгружены): разовое поступление 5 тыс ₸ от 1 плательщика, P(пересылает)=0.31 — признаков роли нет",truncated_small,4,False,1,0,5000.0,0.0,1,0,0.0,0,0,7,0.3128649970685113,0.0,1.0,0.0,0.0005532703163220659,-0.0,8.335342304596055e-19,0.0,True,0.038,0.0,0.016,0.854,0.367,0.6529834006280844,False,,False,1.0
100000002015633100,peripheral,0.85,5,0.2073,"мелкий получатель: разовое поступление 95 тыс ₸ от 1 плательщика, исходящих в выборке не наблюдается — признаков роли нет",small_receiver,3,False,1,0,94970.0,0.0,1,0,0.0,0,0,7,0.0,0.0,1.0,0.0,0.00028864719347910584,-0.0,0.002940174080170154,0.0,False,0.042,0.0,0.565,0.112,0.367,0.06527590847913863,False,,False,0.0
100000006527156100,peripheral,0.75,0,0.2073,"4 колено (исходящие не выгружены): разовое поступление 48 тыс ₸ от 1 плательщика, P(пересылает)=0.26 — признаков роли нет",truncated_small,4,False,1,0,48500.0,0.0,1,0,0.0,0,0,7,0.26437617384784695,0.0,1.0,0.0,0.00029607854463901213,-0.0,3.4418434844695843e-19,0.0,True,0.038,0.0,0.415,0.321,0.367,0.20592193808882908,False,,False,0.0
100000008684452100,peripheral,0.85,7,0.2072,"мелкий получатель: разовое поступление 52 тыс ₸ от 1 плательщика, исходящих в выборке не наблюдается — признаков роли нет",small_receiver,3,False,1,0,51800.0,0.0,1,0,0.0,0,0,1,0.0,0.0,1.0,0.0,0.0002936541231789621,-0.0,-1.528429321286511e-17,0.0,False,0.042,0.0,0.443,0.274,0.367,0.006280843427545985,False,,False,0.0
100000003177533100,peripheral,0.75,15,0.2067,"4 колено (исходящие не выгружены): разовое поступление 20 тыс ₸ от 1 плательщика, P(пересылает)=0.38 — признаков роли нет",truncated_small,4,False,1,0,20000.0,0.0,3,0,0.0,0,0,7,0.3818994004580844,0.0,1.0,0.0,0.00033819737698218943,-0.0,-5.225828856098996e-19,0.0,True,0.038,0.0,0.205,0.599,0.367,0.5080753701211306,False,,False,0.6666666666666666
100000005621418100,peripheral,0.75,23,0.2064,"4 колено (исходящие не выгружены): разовое поступление 30 тыс ₸ от 1 плательщика, P(пересылает)=0.27 — признаков роли нет",truncated_small,4,False,1,0,30000.0,0.0,1,0,0.0,0,0,7,0.2743305227413672,0.0,1.0,0.0,0.00030782638639647263,-0.0,4.0337774957420744e-08,0.0,True,0.038,0.0,0.308,0.459,0.367,0.20838941229250785,False,,False,0.0
100000004564736100,peripheral,0.85,20,0.2063,"мелкий получатель: разовое поступление 15 тыс ₸ от 1 плательщика, исходящих в выборке не наблюдается — признаков роли нет",small_receiver,3,False,1,0,15000.0,0.0,2,0,0.0,0,0,7,0.0,0.0,1.0,0.0,0.00037675536447064214,-0.0,5.92598065747887e-21,0.0,False,0.042,0.0,0.139,0.674,0.367,0.47734410049349485,False,,False,0.5
100000002214570100,peripheral,0.85,4,0.2063,"мелкий получатель: разовое поступление 26 тыс ₸ от 1 плательщика, исходящих в выборке не наблюдается — признаков роли нет",small_receiver,1,False,1,0,26471.0,0.0,1,0,0.0,1,1,1,0.0,0.0,1.0,0.0,0.00029112524704973884,-0.0,-1.6434871352799926e-17,0.0,False,0.042,0.167,0.281,0.206,0.367,0.25616868550919697,False,,False,0.0
100000002621434100,peripheral,0.85,1,0.2062,"мелкий получатель: разовое поступление 81 тыс ₸ от 1 плательщика, исходящих в выборке не наблюдается — признаков роли нет",small_receiver,3,False,1,0,81000.0,0.0,1,0,0.0,0,0,9,0.0,0.0,1.0,0.0,0.0002897423900896502,-0.0,3.2207337193596243e-06,0.0,False,0.042,0.0,0.523,0.161,0.367,0.0740242261103634,False,,False,0.0
100000003896956100,peripheral,0.7,2,0.2062,"слабые связи: 1 вход / 1 выход, 10 тыс ₸ → 27 тыс ₸, без устойчивого паттерна",,3,False,1,1,10000.0,27000.0,1,2,2.7,0,0,7,1.0,0.6666666666666666,1.0,0.0,0.0002885646095495058,4.200093398967233e-19,5.256983652882482e-05,1.922024458454748e-05,False,0.035,0.0,0.354,0.106,0.81,0.7501121579183491,False,,False,0.0
100000002809896100,peripheral,0.85,8,0.2061,"мелкий получатель: разовое поступление 38 тыс ₸ от 1 плательщика, исходящих в выборке не наблюдается — признаков роли нет",small_receiver,3,False,1,0,38000.0,0.0,1,0,0.0,0,0,7,0.0,0.0,1.0,0.0,0.0002997274196422272,-0.0,6.407022407315355e-07,0.0,False,0.042,0.0,0.361,0.377,0.367,0.017496635262449527,False,,False,0.0
100000005939154100,peripheral,0.85,2,0.206,"мелкий получатель: разовое поступление 22 тыс ₸ от 1 плательщика, исходящих в выборке не наблюдается — признаков роли нет",small_receiver,2,False,1,0,22000.0,0.0,2,0,0.0,0,1,7,0.0,0.0,1.0,0.0,0.00029369666480402615,-0.0,2.6036449179597008e-06,0.0,False,0.042,0.167,0.228,0.275,0.367,0.4629878869448183,False,,False,0.5
100000008666075100,peripheral,0.85,4,0.2059,"мелкий получатель: разовое поступление 26 тыс ₸ от 1 плательщика, исходящих в выборке не наблюдается — признаков роли нет",small_receiver,1,False,1,0,26217.0,0.0,1,0,0.0,1,1,1,0.0,0.0,1.0,0.0,0.00029107193542496297,-0.0,-1.6434871352799926e-17,0.0,False,0.042,0.167,0.281,0.205,0.367,0.2649170031404217,False,,False,0.0
100000005093521100,peripheral,0.85,6,0.2059,"мелкий получатель: разовое поступление 15 тыс ₸ от 1 плательщика, исходящих в выборке не наблюдается — признаков роли нет",small_receiver,1,False,1,0,15200.0,0.0,1,0,0.0,1,2,10,0.0,0.0,1.0,0.0,0.0002886128880104748,-0.0,0.0004611679650745722,0.0,False,0.042,0.333,0.145,0.108,0.367,0.47868999551368324,False,,False,0.0
100000001114385100,peripheral,0.85,0,0.2057,"мелкий получатель: разовое поступление 30 тыс ₸ от 1 плательщика, исходящих в выборке не наблюдается — признаков роли нет",small_receiver,2,False,1,0,29500.0,0.0,1,0,0.0,0,1,7,0.0,0.0,1.0,0.0,0.00029021989549549,-0.0,0.00014216819592800163,0.0,False,0.042,0.167,0.3,0.177,0.367,0.22992373261552265,False,,False,0.0
100000008043184100,peripheral,0.85,14,0.2052,"мелкий получатель: разовое поступление 51 тыс ₸ от 1 плательщика, исходящих в выборке не наблюдается — признаков роли нет",small_receiver,3,False,1,0,50564.0,0.0,1,0,0.0,0,0,7,0.0,0.0,1.0,0.0,0.00029352801963081546,-0.0,0.00023334462577838898,0.0,False,0.042,0.0,0.437,0.27,0.367,0.021534320323014805,False,,False,0.0
100000004783447100,peripheral,0.85,4,0.2052,"мелкий получатель: разовое поступление 26 тыс ₸ от 1 плательщика, исходящих в выборке не наблюдается — признаков роли нет",small_receiver,1,False,1,0,26200.0,0.0,1,0,0.0,1,1,1,0.0,0.0,1.0,0.0,0.00029106836732409216,-0.0,-1.6434871352799926e-17,0.0,False,0.042,0.167,0.278,0.204,0.367,0.2649170031404217,False,,False,0.0
100000001251686100,peripheral,0.85,0,0.2051,"мелкий получатель: разовое поступление 18 тыс ₸ от 1 плательщика, исходящих в выборке не наблюдается — признаков роли нет",small_receiver,2,False,1,0,18000.0,0.0,1,0,0.0,0,1,9,0.0,0.0,1.0,0.0,0.00029656884239999225,-0.0,0.00014276729694478647,0.0,False,0.042,0.167,0.183,0.33,0.367,0.39210408254822793,False,,False,0.0
100000000926766100,peripheral,0.7,22,0.2051,"слабые связи: 1 вход / 1 выход, 19 тыс ₸ → 6 тыс ₸, без устойчивого паттерна",,3,False,1,1,18750.0,6000.0,1,1,0.32,0,0,7,1.0,1.0,1.0,1.0,0.00031794441854413795,8.933928361817991e-09,2.5006817420098913e-06,0.0,False,0.035,0.0,0.254,0.528,0.367,0.8900852400179453,False,,False,0.0
100000002188586100,peripheral,0.75,8,0.2049,"4 колено (исходящие не выгружены): разовое поступление 38 тыс ₸ от 1 плательщика, P(пересылает)=0.27 — признаков роли нет",truncated_small,4,False,1,0,38310.0,0.0,1,0,0.0,0,0,7,0.26813118641324046,0.0,1.0,0.0,0.00029990983871291276,-0.0,2.7582739710935802e-06,0.0,True,0.038,0.0,0.362,0.379,0.367,0.17855540601166442,False,,False,0.0
100000008715513100,peripheral,0.75,9,0.2044,"4 колено (исходящие не выгружены): разовое поступление 32 тыс ₸ от 1 плательщика, P(пересылает)=0.27 — признаков роли нет",truncated_small,4,False,1,0,32500.0,0.0,1,0,0.0,0,0,1,0.27136238804654594,0.0,1.0,0.0,0.0003029616567521985,-0.0,3.687381946526989e-06,0.0,True,0.038,0.0,0.331,0.417,0.367,0.18685509196949304,False,,False,0.0
100000004218576100,peripheral,0.85,4,0.204,"мелкий получатель: разовое поступление 26 тыс ₸ от 1 плательщика, исходящих в выборке не наблюдается — признаков роли нет",small_receiver,1,False,1,0,26144.0,0.0,1,0,0.0,1,1,1,0.0,0.0,1.0,0.0,0.0002910566135800471,-0.0,-1.6434871352799926e-17,0.0,False,0.042,0.167,0.273,0.204,0.367,0.26357110812023327,False,,False,0.0
100000005092518100,peripheral,0.85,4,0.204,"мелкий получатель: разовое поступление 26 тыс ₸ от 1 плательщика, исходящих в выборке не наблюдается — признаков роли нет",small_receiver,1,False,1,0,26144.0,0.0,1,0,0.0,1,1,1,0.0,0.0,1.0,0.0,0.0002910566135800471,-0.0,-1.6434871352799926e-17,0.0,False,0.042,0.167,0.273,0.204,0.367,0.26357110812023327,False,,False,0.0
100000000733373100,peripheral,0.85,2,0.2039,"мелкий получатель: разовое поступление 11 тыс ₸ от 1 плательщика, исходящих в выборке не наблюдается — признаков роли нет",small_receiver,2,False,1,0,10710.0,0.0,1,0,0.0,0,1,7,0.0,0.0,1.0,0.0,0.000305781397776004,-0.0,1.7907847734606663e-06,0.0,False,0.042,0.167,0.095,0.44,0.367,0.5450874831763123,False,,False,0.0
100000008773876100,peripheral,0.85,4,0.2036,"мелкий получатель: разовое поступление 26 тыс ₸ от 1 плательщика, исходящих в выборке не наблюдается — признаков роли нет",small_receiver,1,False,1,0,26120.0,0.0,1,0,0.0,1,1,1,0.0,0.0,1.0,0.0,0.00029105157626117063,-0.0,-1.6434871352799926e-17,0.0,False,0.042,0.167,0.273,0.202,0.367,0.26357110812023327,False,,False,0.0
100000004013952100,peripheral,0.75,3,0.2036,"4 колено (исходящие не выгружены): разовое поступление 6 тыс ₸ от 1 плательщика, P(пересылает)=0.31 — признаков роли нет",truncated_small,4,False,1,0,5500.0,0.0,1,0,0.0,0,0,7,0.3100194834162677,0.0,1.0,0.0,0.0005331412160251201,-0.0,-4.1182420932011584e-19,0.0,True,0.038,0.0,0.03,0.814,0.367,0.6332436069986541,False,,False,1.0
100000002748581100,peripheral,0.85,8,0.2035,"мелкий получатель: разовое поступление 41 тыс ₸ от 1 плательщика, исходящих в выборке не наблюдается — признаков роли нет",small_receiver,3,False,1,0,41180.0,0.0,1,0,0.0,0,0,7,0.0,0.0,1.0,0.0,0.0002972088887992536,-0.0,2.441379038303138e-05,0.0,False,0.042,0.0,0.377,0.34,0.367,0.03476895468820099,False,,False,0.0
100000005059998100,peripheral,0.85,0,0.2032,"мелкий получатель: разовое поступление 18 тыс ₸ от 1 плательщика, исходящих в выборке не наблюдается — признаков роли нет",small_receiver,2,False,1,0,18000.0,0.0,1,0,0.0,0,1,7,0.0,0.0,1.0,0.0,0.0002959172747769886,-0.0,5.3101852799696676e-05,0.0,False,0.042,0.167,0.183,0.319,0.367,0.39210408254822793,False,,False,0.0
100000005228059100,peripheral,0.85,4,0.2032,"мелкий получатель: разовое поступление 26 тыс ₸ от 1 плательщика, исходящих в выборке не наблюдается — признаков роли нет",small_receiver,1,False,1,0,26000.0,0.0,1,0,0.0,1,1,1,0.0,0.0,1.0,0.0,0.0002910263896667883,-0.0,-1.6434871352799926e-17,0.0,False,0.042,0.167,0.271,0.202,0.367,0.26357110812023327,False,,False,0.0
100000000299820100,peripheral,0.75,3,0.203,"4 колено (исходящие не выгружены): разовое поступление 10 тыс ₸ от 1 плательщика, P(пересылает)=0.30 — признаков роли нет",truncated_small,4,False,1,0,10000.0,0.0,1,0,0.0,0,0,7,0.29770498058762535,0.0,1.0,0.0,0.0004501620352243427,-0.0,-9.724992871198684e-19,0.0,True,0.038,0.0,0.079,0.745,0.367,0.4235082996859578,False,,False,0.0
100000008297199100,peripheral,0.85,3,0.2028,"мелкий получатель: разовое поступление 42 тыс ₸ от 1 плательщика, исходящих в выборке не наблюдается — признаков роли нет",small_receiver,3,False,1,0,42268.0,0.0,1,0,0.0,0,0,7,0.0,0.0,1.0,0.0,0.0002965958116631627,-0.0,0.0011379074330901441,0.0,False,0.042,0.0,0.382,0.33,0.367,0.01996410946612831,False,,False,0.0
100000002284426100,peripheral,0.85,5,0.2027,"мелкий получатель: разовое поступление 90 тыс ₸ от 1 плательщика, исходящих в выборке не наблюдается — признаков роли нет",small_receiver,3,False,1,0,90000.0,0.0,2,0,0.0,0,0,7,0.0,0.0,1.0,0.0,0.00028848611988395765,-0.0,0.002940174080170154,0.0,False,0.042,0.0,0.551,0.103,0.367,0.06370569762225213,False,,False,0.0
100000005265073100,peripheral,0.7,18,0.2026,"слабые связи: 1 вход / 1 выход, 5 тыс ₸ → 9 тыс ₸, без устойчивого паттерна",,3,False,1,1,5000.0,9000.0,1,1,1.8,0,0,8,1.0,0.0,1.0,0.0,0.0002991258827616197,-2.5266525061018245e-19,1.0303697761782472e-06,2.1003566247031264e-05,False,0.035,0.0,0.124,0.364,0.852,0.7445042620008973,False,,False,1.0
100000002369443100,peripheral,0.85,7,0.2025,"мелкий получатель: разовое поступление 50 тыс ₸ от 1 плательщика, исходящих в выборке не наблюдается — признаков роли нет",small_receiver,3,False,1,0,50000.0,0.0,1,0,0.0,0,0,1,0.0,0.0,1.0,0.0,0.000293373183176433,-0.0,-1.528429321286511e-17,0.0,False,0.042,0.0,0.428,0.266,0.367,0.026244952893674293,False,,False,0.0
100000008116374100,peripheral,0.85,2,0.2024,"мелкий получатель: разовое поступление 31 тыс ₸ от 1 плательщика, исходящих в выборке не наблюдается — признаков роли нет",small_receiver,1,False,1,0,31284.0,0.0,1,0,0.0,1,1,7,0.0,0.0,1.0,0.0,0.000288932889003818,-0.0,0.00029524161332082757,0.0,False,0.042,0.167,0.323,0.129,0.367,0.22252131000448633,False,,False,0.0
100000000703902100,peripheral,0.85,4,0.2023,"мелкий получатель: разовое поступление 25 тыс ₸ от 1 плательщика, исходящих в выборке не наблюдается — признаков роли нет",small_receiver,1,False,1,0,25499.0,0.0,1,0,0.0,1,1,1,0.0,0.0,1.0,0.0,0.00029092123563524225,-0.0,-1.6434871352799926e-17,0.0,False,0.042,0.167,0.269,0.2,0.367,0.2772543741588156,False,,False,0.0
100000002231144100,peripheral,0.75,10,0.2023,"4 колено (исходящие не выгружены): разовое поступление 15 тыс ₸ от 1 плательщика, P(пересылает)=0.29 — признаков роли нет",truncated_small,4,False,1,0,15000.0,0.0,1,0,0.0,0,0,7,0.28783519413287517,0.0,1.0,0.0,0.000367237638900313,-0.0,4.2623918235780843e-19,0.0,True,0.038,0.0,0.139,0.661,0.367,0.32009869896814713,False,,False,0.0
100000005055454100,peripheral,0.85,24,0.202,"мелкий получатель: разовое поступление 6 тыс ₸ от 1 плательщика, исходящих в выборке не наблюдается — признаков роли нет",small_receiver,3,False,1,0,6500.0,0.0,1,0,0.0,0,0,1,0.0,0.0,1.0,0.0,0.0005059810158324249,-0.0,4.27204382081777e-19,0.0,False,0.042,0.0,0.04,0.78,0.367,0.6590399282189322,False,,False,1.0
100000004213658100,peripheral,0.85,4,0.2019,"мелкий получатель: разовое поступление 25 тыс ₸ от 1 плательщика, исходящих в выборке не наблюдается — признаков роли нет",small_receiver,1,False,1,0,25347.0,0.0,1,0,0.0,1,1,1,0.0,0.0,1.0,0.0,0.00029088933261569135,-0.0,-1.6434871352799926e-17,0.0,False,0.042,0.167,0.268,0.198,0.367,0.27366532077164646,False,,False,0.0
100000006048193100,peripheral,0.85,3,0.2017,"мелкий получатель: разовое поступление 42 тыс ₸ от 1 плательщика, исходящих в выборке не наблюдается — признаков роли нет",small_receiver,3,False,1,0,41559.0,0.0,1,0,0.0,0,0,7,0.0,0.0,1.0,0.0,0.00029641085375483673,-0.0,0.0011379074330901441,0.0,False,0.042,0.0,0.379,0.327,0.367,0.0338716913414087,False,,False,0.0
100000002670463100,peripheral,0.75,9,0.2017,"4 колено (исходящие не выгружены): разовое поступление 32 тыс ₸ от 1 плательщика, P(пересылает)=0.27 — признаков роли нет",truncated_small,4,False,1,0,31500.0,0.0,1,0,0.0,0,0,1,0.27233579222237875,0.0,1.0,0.0,0.00030242650713573977,-0.0,3.687381946526989e-06,0.0,True,0.038,0.0,0.324,0.411,0.367,0.2032301480484522,False,,False,0.0
100000004908173100,peripheral,0.75,1,0.2017,"4 колено (исходящие не выгружены): разовое поступление 21 тыс ₸ от 1 плательщика, P(пересылает)=0.28 — признаков роли нет",truncated_small,4,False,1,0,21000.0,0.0,1,0,0.0,0,0,8,0.28116423038112914,0.0,1.0,0.0,0.00032082945231169603,-0.0,-9.119344982315122e-19,0.0,True,0.038,0.0,0.222,0.547,0.367,0.24697173620457605,False,,False,0.0
100000008255655100,peripheral,0.75,14,0.2016,"4 колено (исходящие не выгружены): разовое поступление 5 тыс ₸ от 1 плательщика, P(пересылает)=0.31 — признаков роли нет",truncated_small,4,False,1,0,5400.0,0.0,1,0,0.0,0,0,7,0.3117815366008637,0.0,1.0,0.0,0.0005311928331095991,-0.0,-2.6634932551551178e-19,0.0,True,0.038,0.0,0.028,0.805,0.367,0.6401973979362943,False,,False,1.0
100000006326645100,peripheral,0.85,4,0.2015,"мелкий получатель: разовое поступление 25 тыс ₸ от 1 плательщика, исходящих в выборке не наблюдается — признаков роли нет",small_receiver,1,False,1,0,25264.0,0.0,1,0,0.0,1,1,1,0.0,0.0,1.0,0.0,0.00029087191188791023,-0.0,-1.6434871352799926e-17,0.0,False,0.042,0.167,0.267,0.197,0.367,0.27949753252579634,False,,False,0.0
100000004167082100,peripheral,0.75,0,0.2015,"4 колено (исходящие не выгружены): разовое поступление 13 тыс ₸ от 1 плательщика, P(пересылает)=0.29 — признаков роли нет",truncated_small,4,False,1,0,13300.0,0.0,1,0,0.0,0,0,7,0.29195160449662777,0.0,1.0,0.0,0.0003849148092594282,-0.0,-2.212413872634916e-19,0.0,True,0.038,0.0,0.119,0.683,0.367,0.36989681471511887,False,,False,0.0
100000008649416100,peripheral,0.75,14,0.2007,"4 колено (исходящие не выгружены): разовое поступление 5 тыс ₸ от 1 плательщика, P(пересылает)=0.31 — признаков роли нет",truncated_small,4,False,1,0,5000.0,0.0,1,0,0.0,0,0,7,0.31315964957502107,0.0,1.0,0.0,0.0005337267176293667,-0.0,6.971735158361336e-19,0.0,True,0.038,0.0,0.016,0.815,0.367,0.6529834006280844,False,,False,1.0
100000005293969100,peripheral,0.75,0,0.2007,"4 колено (исходящие не выгружены): разовое поступление 5 тыс ₸ от 1 плательщика, P(пересылает)=0.31 — признаков роли нет",truncated_small,4,False,1,0,5466.97,0.0,1,0,0.0,0,0,7,0.31150465175293063,0.0,1.0,0.0,0.0005304901604905825,-0.0,4.332851571754707e-19,0.0,True,0.038,0.0,0.028,0.799,0.367,0.6307761327949754,False,,False,1.0
100000008713685100,peripheral,0.85,7,0.2005,"мелкий получатель: разовое поступление 50 тыс ₸ от 1 плательщика, исходящих в выборке не наблюдается — признаков роли нет",small_receiver,3,False,1,0,49700.0,0.0,1,0,0.0,0,0,1,0.0,0.0,1.0,0.0,0.00029332635984267806,-0.0,-1.528429321286511e-17,0.0,False,0.042,0.0,0.42,0.265,0.367,0.026244952893674293,False,,False,0.0
100000001684867100,peripheral,0.85,2,0.2005,"мелкий получатель: разовое поступление 31 тыс ₸ от 1 плательщика, исходящих в выборке не наблюдается — признаков роли нет",small_receiver,1,False,1,0,30550.0,0.0,1,0,0.0,1,1,7,0.0,0.0,1.0,0.0,0.0002888539707525294,-0.0,0.00029524161332082757,0.0,False,0.042,0.167,0.317,0.125,0.367,0.22925078510542846,False,,False,0.0
100000008742266100,peripheral,0.85,4,0.2005,"мелкий получатель: разовое поступление 21 тыс ₸ от 1 плательщика, исходящих в выборке не наблюдается — признаков роли нет",small_receiver,2,False,1,0,21000.0,0.0,1,0,0.0,0,1,1,0.0,0.0,1.0,0.0,0.0002927016777398873,-0.0,6.140263830218555e-20,0.0,False,0.042,0.167,0.222,0.252,0.367,0.34185733512786004,False,,False,0.0
100000003632533100,peripheral,0.75,14,0.2004,"4 колено (исходящие не выгружены): разовое поступление 10 тыс ₸ от 1 плательщика, P(пересылает)=0.30 — признаков роли нет",truncated_small,4,False,1,0,10000.0,0.0,1,0,0.0,0,0,7,0.2971323236947642,0.0,1.0,0.0,0.00042894910408558474,-0.0,1.755526989694657e-19,0.0,True,0.038,0.0,0.079,0.73,0.367,0.4235082996859578,False,,False,0.0
100000005589319100,peripheral,0.75,0,0.2003,"4 колено (исходящие не выгружены): разовое поступление 26 тыс ₸ от 1 плательщика, P(пересылает)=0.28 — признаков роли нет",truncated_small,4,False,1,0,26000.0,0.0,1,0,0.0,0,0,7,0.2765559127749364,0.0,1.0,0.0,0.00030995557415139407,-0.0,5.07851808387738e-05,0.0,True,0.038,0.0,0.271,0.473,0.367,0.2063705697622252,False,,False,0.0
100000002951898100,peripheral,0.85,8,0.2003,"мелкий получатель: разовое поступление 40 тыс ₸ от 1 плательщика, исходящих в выборке не наблюдается — признаков роли нет",small_receiver,3,False,1,0,39990.0,0.0,1,0,0.0,0,0,7,0.0,0.0,1.0,0.0,0.00029687253334630224,-0.0,2.441379038303138e-05,0.0,False,0.042,0.0,0.368,0.334,0.367,0.029385374607447286,False,,False,0.0
100000008734279100,peripheral,0.75,15,0.2002,"4 колено (исходящие не выгружены): разовое поступление 32 тыс ₸ от 1 плательщика, P(пересылает)=0.27 — признаков роли нет",truncated_small,4,False,1,0,31650.0,0.0,1,0,0.0,0,0,7,0.27234581003211117,0.0,1.0,0.0,0.00030133294456934464,-0.0,3.1784522464498548e-09,0.0,True,0.038,0.0,0.325,0.4,0.367,0.2032301480484522,False,,False,0.0
100000002232266100,peripheral,0.85,3,0.2001,"мелкий получатель: разовое поступление 45 тыс ₸ от 1 плательщика, исходящих в выборке не наблюдается — признаков роли нет",small_receiver,3,False,1,0,45000.0,0.0,1,0,0.0,0,0,7,0.0,0.0,1.0,0.0,0.00029472494912982346,-0.0,0.0016044117981357526,0.0,False,0.042,0.0,0.395,0.296,0.367,0.007178106774338268,False,,False,0.0
100000000369781100,peripheral,0.75,5,0.1999,"4 колено (исходящие не выгружены): разовое поступление 5 тыс ₸ от 1 плательщика, P(пересылает)=0.31 — признаков роли нет",truncated_small,4,False,1,0,5000.0,0.0,1,0,0.0,0,0,7,0.31339548024407743,0.0,1.0,0.0,0.0005324777910582551,-0.0,-4.077976417706324e-19,0.0,True,0.038,0.0,0.016,0.811,0.367,0.6529834006280844,False,,False,1.0
100000000507799100,peripheral,0.7,2,0.1998,"слабые связи: 1 вход / 1 выход, 5 тыс ₸ → 8 тыс ₸, без устойчивого паттерна",,1,False,1,1,5132.0,8000.0,1,1,1.558846453624318,1,1,7,1.0,0.0,1.0,0.0,0.000286121076867989,-2.765619930532249e-20,0.00029524161332082757,0.00011532146750728487,False,0.035,0.167,0.118,0.022,0.937,0.857335127860027,False,,False,1.0
100000006656003100,peripheral,0.7,4,0.1998,"слабые связи: 1 вход / 1 выход, 20 тыс ₸ → 9 тыс ₸, без устойчивого паттерна",,1,False,1,1,20000.0,9000.0,1,1,0.45,1,1,1,1.0,1.0,1.0,1.0,0.00028976705994767336,-7.483080442039739e-20,-1.6434871352799926e-17,0.0,False,0.035,0.167,0.297,0.163,0.367,0.8743831314490803,False,,False,0.0
100000006476758100,peripheral,0.85,6,0.1994,"мелкий получатель: разовое поступление 5 тыс ₸ от 1 плательщика, исходящих в выборке не наблюдается — признаков роли нет",small_receiver,3,False,1,0,5200.0,0.0,1,0,0.0,0,0,8,0.0,0.0,1.0,0.0,0.0005168074362570555,-0.0,9.897390500103224e-07,0.0,False,0.042,0.0,0.025,0.786,0.367,0.71511888739345,False,,False,1.0
100000004472936100,peripheral,0.75,0,0.1994,"4 колено (исходящие не выгружены): разовое поступление 5 тыс ₸ от 1 плательщика, P(пересылает)=0.31 — признаков роли нет",truncated_small,4,False,1,0,5000.0,0.0,1,0,0.0,0,0,7,0.31239386735415364,0.0,1.0,0.0,0.0005318955309395088,-0.0,2.1122493703881167e-18,0.0,True,0.038,0.0,0.016,0.808,0.367,0.6529834006280844,False,,False,1.0
100000002324543100,peripheral,0.85,13,0.1993,"мелкий получатель: разовое поступление 30 тыс ₸ от 1 плательщика, исходящих в выборке не наблюдается — признаков роли нет",small_receiver,1,False,1,0,30202.0,0.0,1,0,0.0,1,1,1,0.0,0.0,1.0,0.0,0.00028881278779647806,-0.0,2.274780546011994e-05,0.0,False,0.042,0.167,0.316,0.12,0.367,0.2703005832211754,False,,False,0.0
100000004291663100,peripheral,0.75,0,0.1992,"4 колено (исходящие не выгружены): разовое поступление 25 тыс ₸ от 1 плательщика, P(пересылает)=0.28 — признаков роли нет",truncated_small,4,False,1,0,25000.0,0.0,1,0,0.0,0,0,7,0.2768295364964412,0.0,1.0,0.0,0.0003111707348663816,-0.0,3.148498033155054e-05,0.0,True,0.038,0.0,0.26,0.481,0.367,0.1971736204576043,False,,False,0.0
100000002653948100,peripheral,0.85,5,0.1989,"мелкий получатель: разовое поступление 85 тыс ₸ от 1 плательщика, исходящих в выборке не наблюдается — признаков роли нет",small_receiver,3,False,1,0,85200.0,0.0,1,0,0.0,0,0,7,0.0,0.0,1.0,0.0,0.0002883305558484021,-0.0,0.002940174080170154,0.0,False,0.042,0.0,0.539,0.097,0.367,0.06751906684611933,False,,False,0.0
100000008677518100,peripheral,0.85,7,0.1988,"мелкий получатель: разовое поступление 49 тыс ₸ от 1 плательщика, исходящих в выборке не наблюдается — признаков роли нет",small_receiver,3,False,1,0,48700.0,0.0,1,0,0.0,0,0,1,0.0,0.0,1.0,0.0,0.00029317028206349527,-0.0,-1.528429321286511e-17,0.0,False,0.042,0.0,0.416,0.261,0.367,0.009421265141318977,False,,False,0.0
100000000765628100,peripheral,0.85,2,0.1987,"мелкий получатель: разовое поступление 5 тыс ₸ от 1 плательщика, исходящих в выборке не наблюдается — признаков роли нет",small_receiver,2,False,1,0,5000.0,0.0,1,0,0.0,0,1,7,0.0,0.0,1.0,0.0,0.00031542416946217386,-0.0,2.475049098034008e-06,0.0,False,0.042,0.167,0.016,0.516,0.367,0.800583221175415,False,,False,1.0
100000005205745100,peripheral,0.85,12,0.1987,"мелкий получатель: разовое поступление 6 тыс ₸ от 1 плательщика, исходящих в выборке не наблюдается — признаков роли нет",small_receiver,2,False,1,0,6000.0,0.0,1,0,0.0,0,1,7,0.0,0.0,1.0,0.0,0.00031226140044596435,-0.0,2.3525062200310054e-07,0.0,False,0.042,0.167,0.035,0.49,0.367,0.7359802602063705,False,,False,1.0
100000000408846100,peripheral,0.85,23,0.1986,"мелкий получатель: разовое поступление 40 тыс ₸ от 1 плательщика, исходящих в выборке не наблюдается — признаков роли нет",small_receiver,3,False,1,0,40500.0,0.0,1,0,0.0,0,0,7,0.0,0.0,1.0,0.0,0.0002957255734808799,-0.0,-7.438797586113939e-19,0.0,False,0.042,0.0,0.375,0.315,0.367,0.024226110363391656,False,,False,0.0
100000008619857100,peripheral,0.7,0,0.1986,"слабые связи: 1 вход / 2 выход, 29 тыс ₸ → 13 тыс ₸, без устойчивого паттерна",,3,False,1,2,29000.0,13000.0,1,2,0.4482758620689655,0,0,7,1.0,0.6153846153846154,1.0,0.0,0.0002872025732618279,0.00040405428997190374,0.0029057816552165005,1.75823270987009e-06,False,0.035,0.0,0.381,0.053,0.77,0.7290264692687304,False,,False,0.0
100000003626268100,peripheral,0.75,3,0.1985,"4 колено (исходящие не выгружены): разовое поступление 5 тыс ₸ от 1 плательщика, P(пересылает)=0.31 — признаков роли нет",truncated_small,4,False,1,0,5000.0,0.0,1,0,0.0,0,0,7,0.31339548024407743,0.0,1.0,0.0,0.000530890379133667,-0.0,-8.998920566736785e-19,0.0,True,0.038,0.0,0.016,0.803,0.367,0.6529834006280844,False,,False,1.0
100000001740277100,peripheral,0.7,13,0.1979,"слабые связи: 1 вход / 1 выход, 9 тыс ₸ → 5 тыс ₸, без устойчивого паттерна",,3,False,1,1,8700.0,5000.0,1,1,0.5747126436781609,0,0,1,1.0,1.0,1.0,1.0,0.00036969341532294166,-7.14361515649869e-20,6.333759382766353e-19,0.0,False,0.035,0.0,0.121,0.665,0.367,0.9187976671152983,False,,False,1.0
100000005782886100,peripheral,0.75,1,0.1976,"4 колено (исходящие не выгружены): разовое поступление 14 тыс ₸ от 1 плательщика, P(пересылает)=0.29 — признаков роли нет",truncated_small,4,False,1,0,14000.0,0.0,1,0,0.0,0,0,9,0.28960043558803406,0.0,1.0,0.0,0.0003635318365000809,-0.0,5.186136331141469e-20,0.0,True,0.038,0.0,0.124,0.653,0.367,0.3454463885150292,False,,False,0.0
100000002858835100,peripheral,0.85,4,0.1972,"мелкий получатель: разовое поступление 24 тыс ₸ от 1 плательщика, исходящих в выборке не наблюдается — признаков роли нет",small_receiver,1,False,1,0,24400.0,0.0,1,0,0.0,1,1,1,0.0,0.0,1.0,0.0,0.0002906905684083577,-0.0,-1.6434871352799926e-17,0.0,False,0.042,0.167,0.253,0.192,0.367,0.29878869448183043,False,,False,0.0
100000004674389100,peripheral,0.75,0,0.1969,"4 колено (исходящие не выгружены): разовое поступление 15 тыс ₸ от 1 плательщика, P(пересылает)=0.29 — признаков роли нет",truncated_small,4,False,1,0,15000.0,0.0,1,0,0.0,0,0,8,0.28845352993177054,0.0,1.0,0.0,0.0003520253352644245,-0.0,-5.550712965849135e-19,0.0,True,0.038,0.0,0.139,0.63,0.367,0.32009869896814713,False,,False,0.0
100000003047800100,peripheral,0.75,9,0.1967,"4 колено (исходящие не выгружены): разовое поступление 12 тыс ₸ от 1 плательщика, P(пересылает)=0.29 — признаков роли нет",truncated_small,4,False,1,0,12212.0,0.0,1,0,0.0,0,0,1,0.29380267807989746,0.0,1.0,0.0,0.00037457034348757943,-0.0,-2.3959791503544353e-19,0.0,True,0.038,0.0,0.107,0.671,0.367,0.38088829071332436,False,,False,0.0
100000003888197100,peripheral,0.85,5,0.1962,"мелкий получатель: разовое поступление 83 тыс ₸ от 1 плательщика, исходящих в выборке не наблюдается — признаков роли нет",small_receiver,3,False,1,0,83167.0,0.0,1,0,0.0,0,0,7,0.0,0.0,1.0,0.0,0.0002882646679975095,-0.0,0.002940174080170154,0.0,False,0.042,0.0,0.531,0.093,0.367,0.06886496186630776,False,,False,0.0
100000001870116100,peripheral,0.85,4,0.196,"мелкий получатель: разовое поступление 24 тыс ₸ от 1 плательщика, исходящих в выборке не наблюдается — признаков роли нет",small_receiver,1,False,1,0,24000.0,0.0,1,0,0.0,1,1,1,0.0,0.0,1.0,0.0,0.00029060661309375003,-0.0,-1.6434871352799926e-17,0.0,False,0.042,0.167,0.248,0.191,0.367,0.2992373261552266,False,,False,0.0
100000003069463100,peripheral,0.7,23,0.1958,"слабые связи: 1 вход / 1 выход, 12 тыс ₸ → 18 тыс ₸, без устойчивого паттерна",,3,False,1,1,11500.0,17920.0,1,1,1.5582608695652174,0,0,7,1.0,0.0,1.0,0.0,0.0002884531759834947,9.819006940503807e-20,-7.438797586113939e-19,1.9616538287321655e-05,False,0.035,0.0,0.299,0.102,0.836,0.5204127411395244,False,,False,0.0
100000002301828100,peripheral,0.85,14,0.1954,"мелкий получатель: разовое поступление 47 тыс ₸ от 1 плательщика, исходящих в выборке не наблюдается — признаков роли нет",small_receiver,3,False,1,0,46977.0,0.0,1,0,0.0,0,0,7,0.0,0.0,1.0,0.0,0.0002929634292491543,-0.0,0.00023334462577838898,0.0,False,0.042,0.0,0.405,0.256,0.367,0.0015702108568864963,False,,False,0.0
100000003044518100,peripheral,0.85,13,0.1953,"мелкий получатель: разовое поступление 34 тыс ₸ от 1 плательщика, исходящих в выборке не наблюдается — признаков роли нет",small_receiver,1,False,1,0,34423.0,0.0,1,0,0.0,1,1,1,0.0,0.0,1.0,0.0,0.00028754318610180884,-0.0,4.3414150090401995e-06,0.0,False,0.042,0.167,0.339,0.066,0.367,0.15298340062808435,False,,False,0.0
100000004445291100,peripheral,0.85,22,0.1951,"мелкий получатель: разовое поступление 20 тыс ₸ от 1 плательщика, исходящих в выборке не наблюдается — признаков роли нет",small_receiver,3,False,1,0,19500.0,0.0,2,0,0.0,0,0,7,0.0,0.0,1.0,0.0,0.00031923942351721183,-0.0,2.5006817420098913e-06,0.0,False,0.042,0.0,0.193,0.537,0.367,0.297442799461642,False,,False,0.5
100000007337374100,peripheral,0.85,4,0.1948,"мелкий получатель: разовое поступление 20 тыс ₸ от 1 плательщика, исходящих в выборке не наблюдается — признаков роли нет",small_receiver,2,False,1,0,20000.0,0.0,2,0,0.0,0,1,1,0.0,0.0,1.0,0.0,0.0002923620404292874,-0.0,6.140263830218555e-20,0.0,False,0.042,0.167,0.205,0.242,0.367,0.5017945266935846,False,,False,0.0
100000008722328100,peripheral,0.85,4,0.1946,"мелкий получатель: разовое поступление 24 тыс ₸ от 1 плательщика, исходящих в выборке не наблюдается — признаков роли нет",small_receiver,1,False,1,0,23677.0,0.0,1,0,0.0,1,1,1,0.0,0.0,1.0,0.0,0.00029053881917720433,-0.0,-1.6434871352799926e-17,0.0,False,0.042,0.167,0.243,0.189,0.367,0.31471511888739345,False,,False,0.0
100000002861485100,peripheral,0.85,2,0.1946,"мелкий получатель: разовое поступление 29 тыс ₸ от 1 плательщика, исходящих в выборке не наблюдается — признаков роли нет",small_receiver,1,False,1,0,29323.0,0.0,1,0,0.0,1,1,7,0.0,0.0,1.0,0.0,0.00028872204610085224,-0.0,0.00029524161332082757,0.0,False,0.042,0.167,0.299,0.116,0.367,0.27994616419919244,False,,False,0.0
100000008708368100,peripheral,0.85,4,0.1946,"мелкий получатель: разовое поступление 24 тыс ₸ от 1 плательщика, исходящих в выборке не наблюдается — признаков роли нет",small_receiver,1,False,1,0,23677.0,0.0,1,0,0.0,1,1,1,0.0,0.0,1.0,0.0,0.00029053881917720433,-0.0,-1.6434871352799926e-17,0.0,False,0.042,0.167,0.243,0.189,0.367,0.31471511888739345,False,,False,0.0
100000007618425100,peripheral,0.85,14,0.1944,"мелкий получатель: разовое поступление 39 тыс ₸ от 1 плательщика, исходящих в выборке не наблюдается — признаков роли нет",small_receiver,3,False,1,0,39348.0,0.0,1,0,0.0,0,0,7,0.0,0.0,1.0,0.0,0.00029507321432812743,-0.0,0.0004659018150489403,0.0,False,0.042,0.0,0.366,0.303,0.367,0.0354419021982952,False,,False,0.0
100000004278574100,peripheral,0.7,5,0.1938,"слабые связи: 1 вход / 1 выход, 25 тыс ₸ → 12 тыс ₸, без устойчивого паттерна",,3,False,1,1,25000.0,12500.0,1,1,0.5,0,0,7,1.0,0.0,1.0,0.0,0.00028637952356914227,-4.969538676239216e-19,0.002940174080170154,1.922024458454748e-05,False,0.035,0.0,0.358,0.03,0.81,0.39120681920143563,False,,False,0.0
100000007997939100,peripheral,0.75,1,0.1935,"4 колено (исходящие не выгружены): разовое поступление 13 тыс ₸ от 1 плательщика, P(пересылает)=0.29 — признаков роли нет",truncated_small,4,False,1,0,13000.0,0.0,1,0,0.0,0,0,9,0.29159589381116136,0.0,1.0,0.0,0.0003579630834798816,-0.0,5.186136331141469e-20,0.0,True,0.038,0.0,0.115,0.641,0.367,0.3667563930013459,False,,False,0.0
100000008671026100,peripheral,0.85,4,0.1934,"мелкий получатель: разовое поступление 24 тыс ₸ от 1 плательщика, исходящих в выборке не наблюдается — признаков роли нет",small_receiver,1,False,1,0,23534.0,0.0,1,0,0.0,1,1,1,0.0,0.0,1.0,0.0,0.0002905088051522321,-0.0,-1.6434871352799926e-17,0.0,False,0.042,0.167,0.24,0.187,0.367,0.32548227904890087,False,,False,0.0
100000008680451100,peripheral,0.85,4,0.1934,"мелкий получатель: разовое поступление 24 тыс ₸ от 1 плательщика, исходящих в выборке не наблюдается — признаков роли нет",small_receiver,1,False,1,0,23534.0,0.0,1,0,0.0,1,1,1,0.0,0.0,1.0,0.0,0.0002905088051522321,-0.0,-1.6434871352799926e-17,0.0,False,0.042,0.167,0.24,0.187,0.367,0.32548227904890087,False,,False,0.0
100000005127767100,peripheral,0.85,2,0.1931,"мелкий получатель: разовое поступление 7 тыс ₸ от 1 плательщика, исходящих в выборке не наблюдается — признаков роли нет",small_receiver,3,False,1,0,7000.0,0.0,1,0,0.0,0,0,7,0.0,0.0,1.0,0.0,0.00042253166627963126,-0.0,-4.7258820803183425e-20,0.0,False,0.042,0.0,0.046,0.722,0.367,0.6256168685509197,False,,False,1.0
100000008754747100,peripheral,0.85,7,0.1929,"мелкий получатель: разовое поступление 46 тыс ₸ от 1 плательщика, исходящих в выборке не наблюдается — признаков роли нет",small_receiver,3,False,1,0,45500.0,0.0,1,0,0.0,0,0,1,0.0,0.0,1.0,0.0,0.00029267083317011014,-0.0,-1.528429321286511e-17,0.0,False,0.042,0.0,0.399,0.25,0.367,0.011215791834903545,False,,False,0.0
100000002095257100,peripheral,0.85,11,0.192,"мелкий получатель: разовое поступление 8 тыс ₸ от 1 плательщика, исходящих в выборке не наблюдается — признаков роли нет",small_receiver,3,False,1,0,8500.0,0.0,1,0,0.0,0,0,8,0.0,0.0,1.0,0.0,0.00039673382024222074,-0.0,1.0252342837020373e-06,0.0,False,0.042,0.0,0.056,0.702,0.367,0.5340960071781068,False,,False,1.0
100000008769636100,peripheral,0.85,4,0.1918,"мелкий получатель: разовое поступление 23 тыс ₸ от 1 плательщика, исходящих в выборке не наблюдается — признаков роли нет",small_receiver,1,False,1,0,23118.0,0.0,1,0,0.0,1,1,1,0.0,0.0,1.0,0.0,0.0002904214916250401,-0.0,-1.6434871352799926e-17,0.0,False,0.042,0.167,0.237,0.182,0.367,0.33557649170031406,False,,False,0.0
100000006894637100,peripheral,0.85,3,0.1917,"мелкий получатель: разовое поступление 53 тыс ₸ от 1 плательщика, исходящих в выборке не наблюдается — признаков роли нет",small_receiver,3,False,1,0,52831.0,0.0,1,0,0.0,0,0,7,0.0,0.0,1.0,0.0,0.0002902544663373186,-0.0,0.0011319384436486036,0.0,False,0.042,0.0,0.447,0.179,0.367,0.010094212651413189,False,,False,0.0
100000004981068100,peripheral,0.75,3,0.1913,"4 колено (исходящие не выгружены): разовое поступление 10 тыс ₸ от 1 плательщика, P(пересылает)=0.30 — признаков роли нет",truncated_small,4,False,1,0,10000.0,0.0,1,0,0.0,0,0,7,0.29764768629169813,0.0,1.0,0.0,0.0003788472368268373,-0.0,6.342137432932e-08,0.0,True,0.038,0.0,0.079,0.677,0.367,0.4235082996859578,False,,False,0.0
100000008690932100,peripheral,0.85,4,0.1913,"мелкий получатель: разовое поступление 23 тыс ₸ от 1 плательщика, исходящих в выборке не наблюдается — признаков роли нет",small_receiver,1,False,1,0,23000.0,0.0,1,0,0.0,1,1,1,0.0,0.0,1.0,0.0,0.0002903967248072309,-0.0,-1.6434871352799926e-17,0.0,False,0.042,0.167,0.235,0.182,0.367,0.33557649170031406,False,,False,0.0
100000007641183100,peripheral,0.85,2,0.1911,"мелкий получатель: разовое поступление 28 тыс ₸ от 1 плательщика, исходящих в выборке не наблюдается — признаков роли нет",small_receiver,1,False,1,0,28000.0,0.0,1,0,0.0,1,1,7,0.0,0.0,1.0,0.0,0.00028857979971603646,-0.0,0.00029524161332082757,0.0,False,0.042,0.167,0.29,0.107,0.367,0.27231942575145807,False,,False,0.0
100000001202787100,peripheral,0.501,0,0.1909,"4 колено, обход оборван: исходящие не видны, P(пересылает)=0.50 — роль не определить, получил 15 тыс ₸",truncated_unknown,4,False,2,0,14850.0,0.0,2,0,0.0,0,0,7,0.5048330409401576,0.0,1.0,0.0,0.00035114494940795466,-0.0,1.2658184625111252e-05,0.0,True,0.025,0.0,0.132,0.629,0.367,0.9228353521758637,False,,False,1.0
100000003792647100,peripheral,0.75,14,0.1903,"4 колено (исходящие не выгружены): разовое поступление 8 тыс ₸ от 1 плательщика, P(пересылает)=0.30 — признаков роли нет",truncated_small,4,False,1,0,8000.0,0.0,1,0,0.0,0,0,7,0.3014583842696321,0.0,1.0,0.0,0.00040027314211192583,-0.0,1.755526989694657e-19,0.0,True,0.038,0.0,0.053,0.706,0.367,0.5132346343651862,False,,False,1.0
100000008772246100,peripheral,0.85,7,0.1901,"мелкий получатель: разовое поступление 44 тыс ₸ от 1 плательщика, исходящих в выборке не наблюдается — признаков роли нет",small_receiver,3,False,1,0,44500.0,0.0,1,0,0.0,0,0,1,0.0,0.0,1.0,0.0,0.0002925147553909273,-0.0,-1.528429321286511e-17,0.0,False,0.042,0.0,0.39,0.246,0.367,0.008524001794526694,False,,False,0.0
100000002702968100,peripheral,0.75,8,0.1901,"4 колено (исходящие не выгружены): разовое поступление 32 тыс ₸ от 1 плательщика, P(пересылает)=0.27 — признаков роли нет",truncated_small,4,False,1,0,31600.0,0.0,1,0,0.0,0,0,7,0.27292210050501714,0.0,1.0,0.0,0.00029739809103435295,-0.0,2.7582739710935802e-06,0.0,True,0.038,0.0,0.325,0.343,0.367,0.2032301480484522,False,,False,0.0
100000002908521100,peripheral,0.85,7,0.1901,"мелкий получатель: разовое поступление 44 тыс ₸ от 1 плательщика, исходящих в выборке не наблюдается — признаков роли нет",small_receiver,3,False,1,0,44500.0,0.0,1,0,0.0,0,0,1,0.0,0.0,1.0,0.0,0.0002925147553909273,-0.0,-1.528429321286511e-17,0.0,False,0.042,0.0,0.39,0.246,0.367,0.008524001794526694,False,,False,0.0
100000008696692100,peripheral,0.85,4,0.1897,"мелкий получатель: разовое поступление 19 тыс ₸ от 1 плательщика, исходящих в выборке не наблюдается — признаков роли нет",small_receiver,2,False,1,0,19000.0,0.0,1,0,0.0,0,1,1,0.0,0.0,1.0,0.0,0.0002920224031186876,-0.0,6.140263830218555e-20,0.0,False,0.042,0.167,0.191,0.232,0.367,0.38178555406011666,False,,False,0.0
100000002305477100,peripheral,0.75,10,0.1894,"4 колено (исходящие не выгружены): разовое поступление 20 тыс ₸ от 1 плательщика, P(пересылает)=0.28 — признаков роли нет",truncated_small,4,False,1,0,20000.0,0.0,1,0,0.0,0,0,7,0.28225366469956314,0.0,1.0,0.0,0.00031330607221466205,-0.0,-2.1053987670743375e-18,0.0,True,0.038,0.0,0.205,0.499,0.367,0.24136384028712426,False,,False,0.0
100000001835625100,peripheral,0.85,5,0.1894,"мелкий получатель: разовое поступление 75 тыс ₸ от 1 плательщика, исходящих в выборке не наблюдается — признаков роли нет",small_receiver,3,False,1,0,75130.0,0.0,1,0,0.0,0,0,7,0.0,0.0,1.0,0.0,0.00028800419546547607,-0.0,0.002940174080170154,0.0,False,0.042,0.0,0.512,0.079,0.367,0.07492148945715567,False,,False,0.0
100000005052998100,peripheral,0.7,3,0.1894,"слабые связи: 1 вход / 1 выход, 10 тыс ₸ → 28 тыс ₸, без устойчивого паттерна",,3,False,1,1,9500.0,28400.0,1,1,2.9894736842105263,0,0,7,1.0,0.0,1.0,13.0,0.00028610433390429394,0.00023534295374817615,0.0029057816552165005,4.333353000324481e-06,False,0.035,0.0,0.36,0.021,0.781,0.9196949304620906,False,,False,1.0
100000006288612100,peripheral,0.75,11,0.189,"4 колено (исходящие не выгружены): разовое поступление 31 тыс ₸ от 1 плательщика, P(пересылает)=0.54 — признаков роли нет",truncated_small,4,False,1,0,30805.0,0.0,3,0,0.0,0,0,7,0.5432455512557391,0.0,1.0,0.0,0.0002976242451746872,-0.0,2.369785447943182e-06,0.0,True,0.038,0.0,0.318,0.345,0.367,0.3952445042620009,False,,False,0.3333333333333333
100000003166755100,peripheral,0.85,0,0.1888,"мелкий получатель: разовое поступление 24 тыс ₸ от 1 плательщика, исходящих в выборке не наблюдается — признаков роли нет",small_receiver,2,False,1,0,24010.0,0.0,1,0,0.0,0,1,7,0.0,0.0,1.0,0.0,0.000289354410715242,-0.0,0.00014216819592800163,0.0,False,0.042,0.167,0.25,0.147,0.367,0.35105428443248093,False,,False,0.0
100000008746025100,peripheral,0.85,4,0.1888,"мелкий получатель: разовое поступление 22 тыс ₸ от 1 плательщика, исходящих в выборке не наблюдается — признаков роли нет",small_receiver,1,False,1,0,22000.0,0.0,1,0,0.0,1,1,1,0.0,0.0,1.0,0.0,0.0002901868365207117,-0.0,-1.6434871352799926e-17,0.0,False,0.042,0.167,0.228,0.176,0.367,0.3620457604306864,False,,False,0.0
100000008524903100,peripheral,0.75,0,0.1885,"4 колено (исходящие не выгружены): разовое поступление 15 тыс ₸ от 1 плательщика, P(пересылает)=0.29 — признаков роли нет",truncated_small,4,False,1,0,15000.0,0.0,1,0,0.0,0,0,7,0.2885097814280722,0.0,1.0,0.0,0.00033177325018699015,-0.0,-1.2748663300555005e-18,0.0,True,0.038,0.0,0.139,0.582,0.367,0.32009869896814713,False,,False,0.0
100000002794197100,peripheral,0.85,13,0.1885,"мелкий получатель: разовое поступление 30 тыс ₸ от 1 плательщика, исходящих в выборке не наблюдается — признаков роли нет",small_receiver,1,False,1,0,30100.0,0.0,1,0,0.0,1,1,1,0.0,0.0,1.0,0.0,0.00028729529560368917,-0.0,4.3414150090401995e-06,0.0,False,0.042,0.167,0.315,0.058,0.367,0.2703005832211754,False,,False,0.0
100000004502048100,peripheral,0.75,19,0.1884,"4 колено (исходящие не выгружены): разовое поступление 14 тыс ₸ от 1 плательщика, P(пересылает)=0.29 — признаков роли нет",truncated_small,4,False,1,0,13888.0,0.0,1,0,0.0,0,0,7,0.2907332812983694,0.0,1.0,0.0,0.00033971462250251136,-0.0,7.884808158810223e-19,0.0,True,0.038,0.0,0.121,0.604,0.367,0.3423059668012562,False,,False,0.0
100000008669310100,peripheral,0.85,0,0.1884,"мелкий получатель: разовое поступление 60 тыс ₸ от 1 плательщика, исходящих в выборке не наблюдается — признаков роли нет",small_receiver,3,False,1,0,59567.0,0.0,2,0,0.0,0,0,7,0.0,0.0,1.0,0.0,0.00028892410569473766,-0.0,0.0029057816552165005,0.0,False,0.042,0.0,0.471,0.128,0.367,0.06594885598923284,False,,False,0.0
100000002578653100,peripheral,0.85,0,0.1882,"мелкий получатель: разовое поступление 20 тыс ₸ от 1 плательщика, исходящих в выборке не наблюдается — признаков роли нет",small_receiver,3,False,1,0,20000.0,0.0,1,0,0.0,0,0,7,0.0,0.0,1.0,0.0,0.00031131007444757275,-0.0,2.4063740247405406e-20,0.0,False,0.042,0.0,0.205,0.482,0.367,0.0955585464333782,False,,False,0.0
100000008687617100,peripheral,0.85,7,0.1882,"мелкий получатель: разовое поступление 43 тыс ₸ от 1 плательщика, исходящих в выборке не наблюдается — признаков роли нет",small_receiver,3,False,1,0,43350.0,0.0,2,0,0.0,0,0,1,0.0,0.0,1.0,0.0,0.00029233526594486694,-0.0,-1.528429321286511e-17,0.0,False,0.042,0.0,0.385,0.242,0.367,0.063257065948856,False,,False,0.0
100000002660298100,peripheral,0.75,8,0.188,"4 колено (исходящие не выгружены): разовое поступление 31 тыс ₸ от 1 плательщика, P(пересылает)=0.27 — признаков роли нет",truncated_small,4,False,1,0,30900.0,0.0,1,0,0.0,0,0,7,0.27284385138936085,0.0,1.0,0.0,0.0002971360607251142,-0.0,2.7582739710935802e-06,0.0,True,0.038,0.0,0.319,0.339,0.367,0.19986541049798115,False,,False,0.0
100000008691330100,peripheral,0.85,4,0.1876,"мелкий получатель: разовое поступление 21 тыс ₸ от 1 плательщика, исходящих в выборке не наблюдается — признаков роли нет",small_receiver,1,False,1,0,21440.0,0.0,1,0,0.0,1,1,1,0.0,0.0,1.0,0.0,0.00029006929908026094,-0.0,-1.6434871352799926e-17,0.0,False,0.042,0.167,0.226,0.173,0.367,0.3822341857335128,False,,False,0.0
100000004488265100,peripheral,0.85,3,0.1876,"мелкий получатель: разовое поступление 39 тыс ₸ от 1 плательщика, исходящих в выборке не наблюдается — признаков роли нет",small_receiver,3,False,1,0,38740.0,0.0,1,0,0.0,0,0,7,0.0,0.0,1.0,0.0,0.0002934512958019911,-0.0,0.0016044117981357526,0.0,False,0.042,0.0,0.363,0.268,0.367,0.01794526693584567,False,,False,0.0
100000002737980100,peripheral,0.85,2,0.1874,"мелкий получатель: разовое поступление 33 тыс ₸ от 1 плательщика, исходящих в выборке не наблюдается — признаков роли нет",small_receiver,3,False,1,0,32900.0,0.0,1,0,0.0,0,0,7,0.0,0.0,1.0,0.0,0.0002954238816602796,-0.0,5.256983652882482e-05,0.0,False,0.042,0.0,0.331,0.308,0.367,0.010767160161507403,False,,False,0.0
100000004099450100,peripheral,0.85,3,0.1872,"мелкий получатель: разовое поступление 31 тыс ₸ от 1 плательщика, исходящих в выборке не наблюдается — признаков роли нет",small_receiver,3,False,1,0,31000.0,0.0,1,0,0.0,0,0,7,0.0,0.0,1.0,0.0,0.0002961658639475312,-0.0,0.0001610542594498365,0.0,False,0.042,0.0,0.319,0.323,0.367,0.031852848811126065,False,,False,0.0
100000002603478100,peripheral,0.85,11,0.1867,"мелкий получатель: разовое поступление 24 тыс ₸ от 1 плательщика, исходящих в выборке не наблюдается — признаков роли нет",small_receiver,1,False,1,0,23500.0,0.0,1,0,0.0,1,1,1,0.0,0.0,1.0,0.0,0.00028946923798144053,-0.0,1.0100033668708282e-05,0.0,False,0.042,0.167,0.239,0.15,0.367,0.32884701659937193,False,,False,0.0
100000000481716100,peripheral,0.85,8,0.1866,"мелкий получатель: разовое поступление 8 тыс ₸ от 1 плательщика, исходящих в выборке не наблюдается — признаков роли нет",small_receiver,3,False,1,0,8000.0,0.0,1,0,0.0,0,0,7,0.0,0.0,1.0,0.0,0.0003771539261882786,-0.0,2.279566983560019e-08,0.0,False,0.042,0.0,0.053,0.675,0.367,0.5560789591745178,False,,False,1.0
100000003119550100,peripheral,0.85,4,0.1861,"мелкий получатель: разовое поступление 21 тыс ₸ от 1 плательщика, исходящих в выборке не наблюдается — признаков роли нет",small_receiver,1,False,1,0,21000.0,0.0,1,0,0.0,1,1,1,0.0,0.0,1.0,0.0,0.00028997694823419256,-0.0,-1.6434871352799926e-17,0.0,False,0.042,0.167,0.222,0.169,0.367,0.3847016599371916,False,,False,0.0
100000008695495100,peripheral,0.85,4,0.1861,"мелкий получатель: разовое поступление 21 тыс ₸ от 1 плательщика, исходящих в выборке не наблюдается — признаков роли нет",small_receiver,1,False,1,0,21000.0,0.0,1,0,0.0,1,1,1,0.0,0.0,1.0,0.0,0.00028997694823419256,-0.0,-1.6434871352799926e-17,0.0,False,0.042,0.167,0.222,0.169,0.367,0.3847016599371916,False,,False,0.0
100000001745217100,peripheral,0.85,3,0.186,"мелкий получатель: разовое поступление 50 тыс ₸ от 1 плательщика, исходящих в выборке не наблюдается — признаков роли нет",small_receiver,3,False,1,0,50000.0,0.0,1,0,0.0,0,0,7,0.0,0.0,1.0,0.0,0.000290003406878444,-0.0,0.0011319384436486036,0.0,False,0.042,0.0,0.428,0.171,0.367,0.026244952893674293,False,,False,0.0
100000006471232100,peripheral,0.85,7,0.1859,"мелкий получатель: разовое поступление 42 тыс ₸ от 1 плательщика, исходящих в выборке не наблюдается — признаков роли нет",small_receiver,3,False,1,0,41800.0,0.0,1,0,0.0,0,0,1,0.0,0.0,1.0,0.0,0.00029209334538713355,-0.0,-1.528429321286511e-17,0.0,False,0.042,0.0,0.38,0.235,0.367,0.0338716913414087,False,,False,0.0
100000003610172100,peripheral,0.85,5,0.1858,"мелкий получатель: разовое поступление 70 тыс ₸ от 1 плательщика, исходящих в выборке не наблюдается — признаков роли нет",small_receiver,3,False,1,0,70000.0,0.0,1,0,0.0,0,0,7,0.0,0.0,1.0,0.0,0.000287837936402476,-0.0,0.002940174080170154,0.0,False,0.042,0.0,0.5,0.074,0.367,0.062135486765365636,False,,False,0.0
100000006684930100,peripheral,0.85,28,0.1857,"мелкий получатель: разовое поступление 10 тыс ₸ от 1 плательщика, исходящих в выборке не наблюдается — признаков роли нет",small_receiver,2,False,1,0,10000.0,0.0,1,0,0.0,0,1,10,0.0,0.0,1.0,0.0,0.0002987343713958278,-0.0,4.876477815530408e-08,0.0,False,0.042,0.167,0.079,0.358,0.367,0.5803050695379094,False,,False,0.0
100000002243354100,peripheral,0.85,4,0.1854,"мелкий получатель: разовое поступление 21 тыс ₸ от 1 плательщика, исходящих в выборке не наблюдается — признаков роли нет",small_receiver,1,False,1,0,20879.0,0.0,1,0,0.0,1,1,1,0.0,0.0,1.0,0.0,0.00028995155175152374,-0.0,-1.6434871352799926e-17,0.0,False,0.042,0.167,0.22,0.168,0.367,0.39479587258860477,False,,False,0.0
100000002938501100,peripheral,0.7,2,0.1853,"слабые связи: 1 вход / 1 выход, 8 тыс ₸ → 5 тыс ₸, без устойчивого паттерна",,1,False,1,1,8395.0,5000.0,1,1,0.5955926146515783,1,1,7,1.0,0.0,1.0,0.0,0.00028647190827664644,1.1976942066205104e-06,0.00029524161332082757,1.7943915472918004e-05,False,0.035,0.167,0.119,0.033,0.792,0.7703005832211754,False,,False,1.0
100000004741837100,peripheral,0.85,2,0.1846,"мелкий получатель: разовое поступление 26 тыс ₸ от 1 плательщика, исходящих в выборке не наблюдается — признаков роли нет",small_receiver,1,False,1,0,25596.0,0.0,1,0,0.0,1,1,7,0.0,0.0,1.0,0.0,0.0002883213263153584,-0.0,0.00029524161332082757,0.0,False,0.042,0.167,0.27,0.097,0.367,0.27142216240466577,False,,False,0.0
100000002982252100,peripheral,0.85,4,0.1846,"мелкий получатель: разовое поступление 20 тыс ₸ от 1 плательщика, исходящих в выборке не наблюдается — признаков роли нет",small_receiver,1,False,1,0,20320.0,0.0,1,0,0.0,1,1,1,0.0,0.0,1.0,0.0,0.00028983422419935953,-0.0,-1.6434871352799926e-17,0.0,False,0.042,0.167,0.218,0.165,0.367,0.4055630327501122,False,,False,0.0
100000008745643100,peripheral,0.85,4,0.1844,"мелкий получатель: разовое поступление 20 тыс ₸ от 1 плательщика, исходящих в выборке не наблюдается — признаков роли нет",small_receiver,1,False,1,0,20313.0,0.0,1,0,0.0,1,1,1,0.0,0.0,1.0,0.0,0.0002898327549813539,-0.0,-1.6434871352799926e-17,0.0,False,0.042,0.167,0.218,0.165,0.367,0.4073575594436967,False,,False,0.0
100000003950749100,peripheral,0.75,2,0.1844,"4 колено (исходящие не выгружены): разовое поступление 7 тыс ₸ от 1 плательщика, P(пересылает)=0.30 — признаков роли нет",truncated_small,4,False,1,0,7000.0,0.0,1,0,0.0,0,0,7,0.30435323953689636,0.0,1.0,0.0,0.00038424128954841466,-0.0,2.1155339110275913e-08,0.0,True,0.038,0.0,0.046,0.682,0.367,0.5594436967249888,False,,False,1.0
100000006746688100,peripheral,0.85,7,0.1841,"мелкий получатель: разовое поступление 41 тыс ₸ от 1 плательщика, исходящих в выборке не наблюдается — признаков роли нет",small_receiver,3,False,1,0,41000.0,0.0,1,0,0.0,0,0,1,0.0,0.0,1.0,0.0,0.0002919684831637872,-0.0,-1.528429321286511e-17,0.0,False,0.042,0.0,0.377,0.229,0.367,0.03476895468820099,False,,False,0.0
100000005209352100,peripheral,0.75,3,0.184,"4 колено (исходящие не выгружены): разовое поступление 5 тыс ₸ от 1 плательщика, P(пересылает)=0.31 — признаков роли нет",truncated_small,4,False,1,0,5000.0,0.0,1,0,0.0,0,0,7,0.3132185981908232,0.0,1.0,0.0,0.00042028195414468866,-0.0,-4.916606530976354e-19,0.0,True,0.038,0.0,0.016,0.72,0.367,0.6529834006280844,False,,False,1.0
100000003214786100,peripheral,0.75,3,0.184,"4 колено (исходящие не выгружены): разовое поступление 5 тыс ₸ от 1 плательщика, P(пересылает)=0.31 — признаков роли нет",truncated_small,4,False,1,0,5000.0,0.0,1,0,0.0,0,0,7,0.3123350033654469,0.0,1.0,0.0,0.00042028195414468866,-0.0,-4.916606530976354e-19,0.0,True,0.038,0.0,0.016,0.72,0.367,0.6529834006280844,False,,False,1.0
100000008683818100,peripheral,0.85,4,0.1837,"мелкий получатель: разовое поступление 17 тыс ₸ от 1 плательщика, исходящих в выборке не наблюдается — признаков роли нет",small_receiver,2,False,1,0,17400.0,0.0,1,0,0.0,0,1,1,0.0,0.0,1.0,0.0,0.00029147898342172775,-0.0,6.140263830218555e-20,0.0,False,0.042,0.167,0.174,0.219,0.367,0.4078061911170929,False,,False,0.0
100000004991812100,peripheral,0.85,20,0.183,"мелкий получатель: разовое поступление 10 тыс ₸ от 1 плательщика, исходящих в выборке не наблюдается — признаков роли нет",small_receiver,3,False,1,0,10000.0,0.0,1,0,0.0,0,0,7,0.0,0.0,1.0,0.0,0.0003463600077195248,-0.0,5.92598065747887e-21,0.0,False,0.042,0.0,0.079,0.62,0.367,0.4329295648272768,False,,False,0.0
100000005362848100,peripheral,0.85,8,0.1827,"мелкий получатель: разовое поступление 29 тыс ₸ от 1 плательщика, исходящих в выборке не наблюдается — признаков роли нет",small_receiver,3,False,1,0,29000.0,0.0,1,0,0.0,0,0,7,0.0,0.0,1.0,0.0,0.00029637417941000526,-0.0,6.407022407315355e-07,0.0,False,0.042,0.0,0.297,0.327,0.367,0.05338716913414087,False,,False,0.0
100000001089055100,peripheral,0.75,14,0.1817,"4 колено (исходящие не выгружены): разовое поступление 13 тыс ₸ от 1 плательщика, P(пересылает)=0.29 — признаков роли нет",truncated_small,4,False,1,0,13000.0,0.0,1,0,0.0,0,0,7,0.2919356694614381,0.0,1.0,0.0,0.00032930768290613944,-0.0,2.8374852442421897e-05,0.0,True,0.038,0.0,0.115,0.573,0.367,0.3667563930013459,False,,False,0.0
100000004400361100,peripheral,0.85,10,0.1813,"мелкий получатель: разовое поступление 10 тыс ₸ от 1 плательщика, исходящих в выборке не наблюдается — признаков роли нет",small_receiver,2,False,1,0,10000.0,0.0,1,0,0.0,0,2,7,0.0,0.0,1.0,0.0,0.0002872256288669917,-0.0,4.040756032115181e-06,0.0,False,0.042,0.333,0.079,0.055,0.367,0.5803050695379094,False,,False,0.0
100000003040087100,peripheral,0.75,8,0.1812,"4 колено (исходящие не выгружены): разовое поступление 29 тыс ₸ от 1 плательщика, P(пересылает)=0.27 — признаков роли нет",truncated_small,4,False,1,0,29000.0,0.0,1,0,0.0,0,0,7,0.2739464052684892,0.0,1.0,0.0,0.00029642483560003767,-0.0,2.7582739710935802e-06,0.0,True,0.038,0.0,0.297,0.328,0.367,0.2265589950650516,False,,False,0.0
100000008693069100,peripheral,0.85,4,0.181,"мелкий получатель: разовое поступление 20 тыс ₸ от 1 плательщика, исходящих в выборке не наблюдается — признаков роли нет",small_receiver,1,False,1,0,20000.0,0.0,1,0,0.0,1,1,1,0.0,0.0,1.0,0.0,0.00028976705994767336,-0.0,-1.6434871352799926e-17,0.0,False,0.042,0.167,0.205,0.163,0.367,0.4028712427097353,False,,False,0.0
100000001530709100,peripheral,0.85,0,0.181,"мелкий получатель: разовое поступление 54 тыс ₸ от 1 плательщика, исходящих в выборке не наблюдается — признаков роли нет",small_receiver,3,False,1,0,53961.0,0.0,1,0,0.0,0,0,7,0.0,0.0,1.0,0.0,0.00028860837595943837,-0.0,0.0029057816552165005,0.0,False,0.042,0.0,0.454,0.108,0.367,0.01704800358905339,False,,False,0.0
100000002289937100,peripheral,0.85,4,0.181,"мелкий получатель: разовое поступление 20 тыс ₸ от 1 плательщика, исходящих в выборке не наблюдается — признаков роли нет",small_receiver,1,False,1,0,20000.0,0.0,1,0,0.0,1,1,1,0.0,0.0,1.0,0.0,0.00028976705994767336,-0.0,-1.6434871352799926e-17,0.0,False,0.042,0.167,0.205,0.163,0.367,0.4028712427097353,False,,False,0.0
100000003336565100,peripheral,0.85,4,0.1797,"мелкий получатель: разовое поступление 17 тыс ₸ от 1 плательщика, исходящих в выборке не наблюдается — признаков роли нет",small_receiver,2,False,1,0,16550.0,0.0,1,0,0.0,0,1,1,0.0,0.0,1.0,0.0,0.0002911902917077179,-0.0,6.140263830218555e-20,0.0,False,0.042,0.167,0.165,0.209,0.367,0.44549125168236875,False,,False,0.0
100000000500040100,peripheral,0.75,0,0.1797,"4 колено (исходящие не выгружены): разовое поступление 20 тыс ₸ от 1 плательщика, P(пересылает)=0.28 — признаков роли нет",truncated_small,4,False,1,0,20000.0,0.0,1,0,0.0,0,0,7,0.2816988077915087,0.0,1.0,0.0,0.0003060504467365633,-0.0,3.148498033155054e-05,0.0,True,0.038,0.0,0.205,0.443,0.367,0.24136384028712426,False,,False,0.0
100000000581662100,peripheral,0.75,9,0.1797,"4 колено (исходящие не выгружены): разовое поступление 21 тыс ₸ от 1 плательщика, P(пересылает)=0.28 — признаков роли нет",truncated_small,4,False,1,0,21160.0,0.0,1,0,0.0,0,0,2,0.28116973089893055,0.0,1.0,0.0,0.0003029166285306614,-0.0,2.4788628053536424e-19,0.0,True,0.038,0.0,0.224,0.417,0.367,0.2018842530282638,False,,False,0.0
100000003904497100,peripheral,0.75,1,0.1793,"4 колено (исходящие не выгружены): разовое поступление 10 тыс ₸ от 1 плательщика, P(пересылает)=0.30 — признаков роли нет",truncated_small,4,False,1,0,10000.0,0.0,1,0,0.0,0,0,9,0.29810621848236823,0.0,1.0,0.0,0.00034125682441928356,-0.0,5.186136331141469e-20,0.0,True,0.038,0.0,0.079,0.609,0.367,0.4235082996859578,False,,False,0.0
100000008771627100,peripheral,0.85,4,0.1792,"мелкий получатель: разовое поступление 16 тыс ₸ от 1 плательщика, исходящих в выборке не наблюдается — признаков роли нет",small_receiver,2,False,1,0,16500.0,0.0,1,0,0.0,0,1,1,0.0,0.0,1.0,0.0,0.0002911733098421879,-0.0,6.140263830218555e-20,0.0,False,0.042,0.167,0.163,0.207,0.367,0.4427994616419919,False,,False,0.0
100000002726055100,peripheral,0.75,10,0.1787,"4 колено (исходящие не выгружены): разовое поступление 10 тыс ₸ от 1 плательщика, P(пересылает)=0.30 — признаков роли нет",truncated_small,4,False,1,0,10000.0,0.0,1,0,0.0,0,0,7,0.2964459755577656,0.0,1.0,0.0,0.00034001485733930537,-0.0,4.2623918235780843e-19,0.0,True,0.038,0.0,0.079,0.605,0.367,0.4235082996859578,False,,False,0.0
100000002506987100,peripheral,0.75,8,0.1787,"4 колено (исходящие не выгружены): разовое поступление 28 тыс ₸ от 1 плательщика, P(пересылает)=0.28 — признаков роли нет",truncated_small,4,False,1,0,28200.0,0.0,1,0,0.0,0,0,7,0.2753489951440986,0.0,1.0,0.0,0.0002961253723894791,-0.0,2.7582739710935802e-06,0.0,True,0.038,0.0,0.291,0.322,0.367,0.25257963212202783,False,,False,0.0
100000001860090100,peripheral,0.85,12,0.1782,"мелкий получатель: разовое поступление 5 тыс ₸ от 1 плательщика, исходящих в выборке не наблюдается — признаков роли нет",small_receiver,3,False,1,0,5000.0,0.0,1,0,0.0,0,0,1,0.0,0.0,1.0,0.0,0.0003780365817959719,-0.0,-8.688111604504674e-21,0.0,False,0.042,0.0,0.016,0.676,0.367,0.7236428891879767,False,,False,1.0
100000003072676100,peripheral,0.85,14,0.1776,"мелкий получатель: разовое поступление 32 тыс ₸ от 1 плательщика, исходящих в выборке не наблюдается — признаков роли нет",small_receiver,3,False,1,0,31545.0,0.0,1,0,0.0,0,0,7,0.0,0.0,1.0,0.0,0.0002931885165385355,-0.0,0.0004659018150489403,0.0,False,0.042,0.0,0.324,0.262,0.367,0.03297442799461642,False,,False,0.0
100000008686214100,peripheral,0.85,3,0.1776,"мелкий получатель: разовое поступление 25 тыс ₸ от 1 плательщика, исходящих в выборке не наблюдается — признаков роли нет",small_receiver,3,False,1,0,25000.0,0.0,1,0,0.0,0,0,7,0.0,0.0,1.0,0.0,0.00029772792993778484,-0.0,0.00012159928474839398,0.0,False,0.042,0.0,0.26,0.347,0.367,0.05024674742036788,False,,False,0.0
100000008503177100,peripheral,0.85,3,0.1775,"мелкий получатель: разовое поступление 34 тыс ₸ от 1 плательщика, исходящих в выборке не наблюдается — признаков роли нет",small_receiver,3,False,1,0,33951.0,0.0,1,0,0.0,0,0,7,0.0,0.0,1.0,0.0,0.0002924769306602995,-0.0,0.0016044117981357526,0.0,False,0.042,0.0,0.336,0.245,0.367,0.016375056078959175,False,,False,0.0
100000006918814100,peripheral,0.75,0,0.1775,"4 колено (исходящие не выгружены): разовое поступление 20 тыс ₸ от 1 плательщика, P(пересылает)=0.43 — признаков роли нет",truncated_small,4,False,1,0,20000.0,0.0,2,0,0.0,0,0,7,0.4284949415973633,0.0,1.0,0.0,0.0003043279710896778,-0.0,5.07851808387738e-05,0.0,True,0.038,0.0,0.205,0.43,0.367,0.35576491700314045,False,,False,0.0
100000008671081100,peripheral,0.85,7,0.1771,"мелкий получатель: разовое поступление 37 тыс ₸ от 1 плательщика, исходящих в выборке не наблюдается — признаков роли нет",small_receiver,3,False,1,0,37200.0,0.0,1,0,0.0,0,0,1,0.0,0.0,1.0,0.0,0.0002913753876028924,-0.0,-1.528429321286511e-17,0.0,False,0.042,0.0,0.356,0.216,0.367,0.01525347689546882,False,,False,0.0
100000004177936100,peripheral,0.75,3,0.1769,"4 колено (исходящие не выгружены): разовое поступление 10 тыс ₸ от 1 плательщика, P(пересылает)=0.30 — признаков роли нет",truncated_small,4,False,1,0,10000.0,0.0,1,0,0.0,0,0,7,0.29793422129060676,0.0,1.0,0.0,0.00033700711990315767,-0.0,1.9647728954401727e-05,0.0,True,0.038,0.0,0.079,0.595,0.367,0.4235082996859578,False,,False,0.0
100000006351075100,peripheral,0.75,30,0.1768,"4 колено (исходящие не выгружены): разовое поступление 40 тыс ₸ от 1 плательщика, P(пересылает)=0.33 — признаков роли нет",truncated_small,4,False,1,0,40000.0,0.0,2,0,0.0,0,0,7,0.32915577512082556,0.0,1.0,0.0,0.00029108533068760405,-0.0,-7.700474683590847e-20,0.0,True,0.038,0.0,0.371,0.205,0.367,0.22476446837146702,False,,False,0.0
100000008749989100,peripheral,0.85,4,0.1768,"мелкий получатель: разовое поступление 16 тыс ₸ от 1 плательщика, исходящих в выборке не наблюдается — признаков роли нет",small_receiver,2,False,1,0,16000.0,0.0,1,0,0.0,0,1,1,0.0,0.0,1.0,0.0,0.000291003491186888,-0.0,6.140263830218555e-20,0.0,False,0.042,0.167,0.158,0.201,0.367,0.45558546433378194,False,,False,0.0
100000008749405100,peripheral,0.85,7,0.1768,"мелкий получатель: разовое поступление 37 тыс ₸ от 1 плательщика, исходящих в выборке не наблюдается — признаков роли нет",small_receiver,3,False,1,0,37150.0,0.0,1,0,0.0,0,0,1,0.0,0.0,1.0,0.0,0.00029136758371393326,-0.0,-1.528429321286511e-17,0.0,False,0.042,0.0,0.355,0.216,0.367,0.01525347689546882,False,,False,0.0
100000002369510100,peripheral,0.85,7,0.1768,"мелкий получатель: разовое поступление 37 тыс ₸ от 1 плательщика, исходящих в выборке не наблюдается — признаков роли нет",small_receiver,3,False,1,0,37150.0,0.0,1,0,0.0,0,0,1,0.0,0.0,1.0,0.0,0.00029136758371393326,-0.0,-1.528429321286511e-17,0.0,False,0.042,0.0,0.355,0.216,0.367,0.01525347689546882,False,,False,0.0
100000003900547100,peripheral,0.85,2,0.1768,"мелкий получатель: разовое поступление 24 тыс ₸ от 1 плательщика, исходящих в выборке не наблюдается — признаков роли нет",small_receiver,1,False,1,0,23700.0,0.0,1,0,0.0,1,1,7,0.0,0.0,1.0,0.0,0.00028811747208587187,-0.0,0.00029524161332082757,0.0,False,0.042,0.167,0.245,0.085,0.367,0.32256617317182595,False,,False,0.0
100000008736394100,peripheral,0.85,4,0.1768,"мелкий получатель: разовое поступление 16 тыс ₸ от 1 плательщика, исходящих в выборке не наблюдается — признаков роли нет",small_receiver,2,False,1,0,16000.0,0.0,1,0,0.0,0,1,1,0.0,0.0,1.0,0.0,0.000291003491186888,-0.0,6.140263830218555e-20,0.0,False,0.042,0.167,0.158,0.201,0.367,0.45558546433378194,False,,False,0.0
100000003109805100,peripheral,0.85,14,0.1765,"мелкий получатель: разовое поступление 37 тыс ₸ от 1 плательщика, исходящих в выборке не наблюдается — признаков роли нет",small_receiver,3,False,1,0,36929.0,0.0,1,0,0.0,0,0,7,0.0,0.0,1.0,0.0,0.00029138188362469615,-0.0,0.00023334462577838898,0.0,False,0.042,0.0,0.353,0.217,0.367,0.011664423508299685,False,,False,0.0
100000003187359100,peripheral,0.85,4,0.1763,"мелкий получатель: разовое поступление 19 тыс ₸ от 1 плательщика, исходящих в выборке не наблюдается — признаков роли нет",small_receiver,1,False,1,0,19072.0,0.0,1,0,0.0,1,1,1,0.0,0.0,1.0,0.0,0.00028957228361778365,-0.0,-1.6434871352799926e-17,0.0,False,0.042,0.167,0.192,0.153,0.367,0.4369672498878421,False,,False,0.0
100000004377043100,peripheral,0.75,17,0.1763,"4 колено (исходящие не выгружены): разовое поступление 6 тыс ₸ от 1 плательщика, P(пересылает)=0.31 — признаков роли нет",truncated_small,4,False,1,0,5700.0,0.0,1,0,0.0,0,0,7,0.3094541663599925,0.0,1.0,0.0,0.0003635495256865634,-0.0,3.8846608634564146e-19,0.0,True,0.038,0.0,0.032,0.653,0.367,0.6271870794078062,False,,False,1.0
100000008695133100,peripheral,0.85,7,0.1759,"мелкий получатель: разовое поступление 37 тыс ₸ от 1 плательщика, исходящих в выборке не наблюдается — признаков роли нет",small_receiver,3,False,1,0,36610.0,0.0,1,0,0.0,0,0,1,0.0,0.0,1.0,0.0,0.0002912833017131745,-0.0,-1.528429321286511e-17,0.0,False,0.042,0.0,0.352,0.214,0.367,0.005383580080753701,False,,False,0.0
100000008679986100,peripheral,0.85,4,0.1759,"мелкий получатель: разовое поступление 19 тыс ₸ от 1 плательщика, исходящих в выборке не наблюдается — признаков роли нет",small_receiver,1,False,1,0,19000.0,0.0,1,0,0.0,1,1,1,0.0,0.0,1.0,0.0,0.0002895571716611542,-0.0,-1.6434871352799926e-17,0.0,False,0.042,0.167,0.191,0.152,0.367,0.43808882907133245,False,,False,0.0
100000008749063100,peripheral,0.85,4,0.1759,"мелкий получатель: разовое поступление 19 тыс ₸ от 1 плательщика, исходящих в выборке не наблюдается — признаков роли нет",small_receiver,1,False,1,0,19000.0,0.0,1,0,0.0,1,1,1,0.0,0.0,1.0,0.0,0.0002895571716611542,-0.0,-1.6434871352799926e-17,0.0,False,0.042,0.167,0.191,0.152,0.367,0.43808882907133245,False,,False,0.0
100000000749118100,peripheral,0.7,0,0.1754,"слабые связи: 1 вход / 1 выход, 10 тыс ₸ → 16 тыс ₸, без устойчивого паттерна",,3,False,1,1,10330.0,16500.0,1,1,1.5972894482090998,0,0,7,1.0,0.0,1.0,0.0,0.0002861510794769479,1.5954066126953548e-19,0.0029057816552165005,1.922024458454748e-05,False,0.035,0.0,0.283,0.024,0.81,0.5468820098698968,False,,False,0.0
100000002558173100,peripheral,0.85,16,0.1749,"мелкий получатель: разовое поступление 9 тыс ₸ от 1 плательщика, исходящих в выборке не наблюдается — признаков роли нет",small_receiver,2,False,1,0,9300.0,0.0,1,0,0.0,0,1,8,0.0,0.0,1.0,0.0,0.0002958286804649766,-0.0,-2.410514333998708e-19,0.0,False,0.042,0.167,0.062,0.317,0.367,0.6186630776132795,False,,False,1.0
100000004674178100,peripheral,0.75,22,0.1748,"4 колено (исходящие не выгружены): разовое поступление 20 тыс ₸ от 1 плательщика, P(пересылает)=0.28 — признаков роли нет",truncated_small,4,False,1,0,20000.0,0.0,1,0,0.0,0,0,7,0.28286477256526366,0.0,1.0,0.0,0.00030274344180862333,-0.0,2.0657130113453296e-08,0.0,True,0.038,0.0,0.205,0.415,0.367,0.24136384028712426,False,,False,0.0
100000004403548100,peripheral,0.75,3,0.1742,"4 колено (исходящие не выгружены): разовое поступление 5 тыс ₸ от 1 плательщика, P(пересылает)=0.31 — признаков роли нет",truncated_small,4,False,1,0,5000.0,0.0,1,0,0.0,0,0,7,0.31351343177157137,0.0,1.0,0.0,0.0003678656647208164,-0.0,-9.724992871198684e-19,0.0,True,0.038,0.0,0.016,0.663,0.367,0.6529834006280844,False,,False,1.0
100000008066326100,peripheral,0.85,0,0.1738,"мелкий получатель: разовое поступление 19 тыс ₸ от 1 плательщика, исходящих в выборке не наблюдается — признаков роли нет",small_receiver,1,False,1,0,19320.0,0.0,1,0,0.0,1,1,7,0.0,0.0,1.0,0.0,0.0002891947390331323,-0.0,0.002151681626890832,0.0,False,0.042,0.167,0.193,0.137,0.367,0.41408703454463885,False,,False,0.0
100000006126743100,peripheral,0.85,5,0.1738,"мелкий получатель: разовое поступление 55 тыс ₸ от 1 плательщика, исходящих в выборке не наблюдается — признаков роли нет",small_receiver,3,False,1,0,55000.0,0.0,1,0,0.0,0,0,7,0.0,0.0,1.0,0.0,0.0002873517987913648,-0.0,0.002940174080170154,0.0,False,0.042,0.0,0.46,0.059,0.367,0.02288021534320323,False,,False,0.0
100000008629504100,peripheral,0.75,3,0.1735,"4 колено (исходящие не выгружены): разовое поступление 20 тыс ₸ от 1 плательщика, P(пересылает)=0.28 — признаков роли нет",truncated_small,4,False,1,0,20000.0,0.0,1,0,0.0,0,0,7,0.2823647156217875,0.0,1.0,0.0,0.00030201034173378425,-0.0,6.837939178163994e-06,0.0,True,0.038,0.0,0.205,0.407,0.367,0.24136384028712426,False,,False,0.0
100000002807334100,peripheral,0.85,5,0.1732,"мелкий получатель: разовое поступление 55 тыс ₸ от 1 плательщика, исходящих в выборке не наблюдается — признаков роли нет",small_receiver,3,False,1,0,54715.0,0.0,1,0,0.0,0,0,7,0.0,0.0,1.0,0.0,0.00028734256217675366,-0.0,0.002940174080170154,0.0,False,0.042,0.0,0.457,0.059,0.367,0.021982951996410947,False,,False,0.0
100000003078839100,peripheral,0.75,3,0.1732,"4 колено (исходящие не выгружены): разовое поступление 14 тыс ₸ от 1 плательщика, P(пересылает)=0.44 — признаков роли нет",truncated_small,4,False,1,0,14000.0,0.0,2,0,0.0,0,0,7,0.43813473778756207,0.0,1.0,0.0,0.0003147926722848653,-0.0,-8.453867051342586e-19,0.0,True,0.038,0.0,0.124,0.512,0.367,0.515926424405563,False,,False,1.0
100000004971871100,peripheral,0.7,42,0.1731,seed: отправил 6 тыс ₸ 1 получателям; для консолидации/рассылки мало связей,,0,True,1,1,25400.0,5650.0,3,1,0.22244094488188976,0,0,0,1.0,1.0,1.0,1.0,0.0007430293125206662,3.4789887777570856e-19,5.899249738835388e-19,0.0,False,0.035,0.0,0.32,0.92,0.367,0.8362494392104083,False,,False,0.6666666666666666
100000008777088100,peripheral,0.85,4,0.1731,"мелкий получатель: разовое поступление 18 тыс ₸ от 1 плательщика, исходящих в выборке не наблюдается — признаков роли нет",small_receiver,1,False,1,0,18000.0,0.0,1,0,0.0,1,1,1,0.0,0.0,1.0,0.0,0.00028934728337463503,-0.0,-1.6434871352799926e-17,0.0,False,0.042,0.167,0.183,0.145,0.367,0.44638851502916105,False,,False,0.0
100000001103905100,peripheral,0.85,4,0.1731,"мелкий получатель: разовое поступление 18 тыс ₸ от 1 плательщика, исходящих в выборке не наблюдается — признаков роли нет",small_receiver,1,False,1,0,18000.0,0.0,1,0,0.0,1,1,1,0.0,0.0,1.0,0.0,0.00028934728337463503,-0.0,-1.6434871352799926e-17,0.0,False,0.042,0.167,0.183,0.145,0.367,0.44638851502916105,False,,False,0.0
100000008716222100,peripheral,0.85,4,0.1731,"мелкий получатель: разовое поступление 18 тыс ₸ от 1 плательщика, исходящих в выборке не наблюдается — признаков роли нет",small_receiver,1,False,1,0,18000.0,0.0,1,0,0.0,1,1,1,0.0,0.0,1.0,0.0,0.00028934728337463503,-0.0,-1.6434871352799926e-17,0.0,False,0.042,0.167,0.183,0.145,0.367,0.44638851502916105,False,,False,0.0
100000003084870100,peripheral,0.75,9,0.1718,"4 колено (исходящие не выгружены): разовое поступление 6 тыс ₸ от 1 плательщика, P(пересылает)=0.31 — признаков роли нет",truncated_small,4,False,1,0,6500.0,0.0,1,0,0.0,0,0,2,0.307280700963367,0.0,1.0,0.0,0.0003451786560651282,-0.0,-4.893674137258097e-19,0.0,True,0.038,0.0,0.04,0.616,0.367,0.5861372812920592,False,,False,1.0
100000007510875100,peripheral,0.85,13,0.1714,"мелкий получатель: разовое поступление 5 тыс ₸ от 1 плательщика, исходящих в выборке не наблюдается — признаков роли нет",small_receiver,3,False,1,0,5000.0,0.0,1,0,0.0,0,0,1,0.0,0.0,1.0,0.0,0.0003562462601707578,-0.0,1.848203346942295e-07,0.0,False,0.042,0.0,0.016,0.637,0.367,0.7236428891879767,False,,False,1.0
100000001138376100,peripheral,0.85,2,0.1713,"мелкий получатель: разовое поступление 15 тыс ₸ от 1 плательщика, исходящих в выборке не наблюдается — признаков роли нет",small_receiver,2,False,1,0,15300.0,0.0,1,0,0.0,0,1,7,0.0,0.0,1.0,0.0,0.00029043685037690223,-0.0,3.567634960949523e-05,0.0,False,0.042,0.167,0.146,0.185,0.367,0.4647824136384029,False,,False,0.0
100000005187208100,peripheral,0.85,0,0.1713,"мелкий получатель: разовое поступление 14 тыс ₸ от 1 плательщика, исходящих в выборке не наблюдается — признаков роли нет",small_receiver,3,False,1,0,14160.0,0.0,1,0,0.0,0,0,7,0.0,0.0,1.0,0.0,0.00031197078423773135,-0.0,0.00010694239102769019,0.0,False,0.042,0.0,0.127,0.488,0.367,0.1942575145805294,False,,False,0.0
100000000870121100,peripheral,0.85,15,0.1711,"мелкий получатель: разовое поступление 12 тыс ₸ от 1 плательщика, исходящих в выборке не наблюдается — признаков роли нет",small_receiver,3,False,1,0,12000.0,0.0,1,0,0.0,0,0,7,0.0,0.0,1.0,0.0,0.00031567480064349947,-0.0,4.259946144311007e-08,0.0,False,0.042,0.0,0.105,0.517,0.367,0.3243606998654105,False,,False,0.0
100000004049912100,peripheral,0.75,19,0.1709,"4 колено (исходящие не выгружены): разовое поступление 10 тыс ₸ от 1 плательщика, P(пересылает)=0.30 — признаков роли нет",truncated_small,4,False,1,0,10000.0,0.0,1,0,0.0,0,0,7,0.2978769015891627,0.0,1.0,0.0,0.0003245564257590681,-0.0,7.884808158810223e-19,0.0,True,0.038,0.0,0.079,0.56,0.367,0.4235082996859578,False,,False,0.0
100000008687492100,peripheral,0.85,4,0.1707,"мелкий получатель: разовое поступление 15 тыс ₸ от 1 плательщика, исходящих в выборке не наблюдается — признаков роли нет",small_receiver,2,False,1,0,15000.0,0.0,1,0,0.0,0,1,1,0.0,0.0,1.0,0.0,0.0002906638538762881,-0.0,6.140263830218555e-20,0.0,False,0.042,0.167,0.139,0.192,0.367,0.48138178555406014,False,,False,0.0
100000008691027100,peripheral,0.85,4,0.1702,"мелкий получатель: разовое поступление 18 тыс ₸ от 1 плательщика, исходящих в выборке не наблюдается — признаков роли нет",small_receiver,1,False,1,0,17534.0,0.0,1,0,0.0,1,1,1,0.0,0.0,1.0,0.0,0.00028924947543311713,-0.0,-1.6434871352799926e-17,0.0,False,0.042,0.167,0.176,0.139,0.367,0.45244504262000895,False,,False,0.0
100000008667058100,peripheral,0.85,4,0.1702,"мелкий получатель: разовое поступление 18 тыс ₸ от 1 плательщика, исходящих в выборке не наблюдается — признаков роли нет",small_receiver,1,False,1,0,17534.0,0.0,1,0,0.0,1,1,1,0.0,0.0,1.0,0.0,0.00028924947543311713,-0.0,-1.6434871352799926e-17,0.0,False,0.042,0.167,0.176,0.139,0.367,0.45244504262000895,False,,False,0.0
100000000907277100,peripheral,0.85,4,0.1702,"мелкий получатель: разовое поступление 18 тыс ₸ от 1 плательщика, исходящих в выборке не наблюдается — признаков роли нет",small_receiver,1,False,1,0,17534.0,0.0,1,0,0.0,1,1,1,0.0,0.0,1.0,0.0,0.00028924947543311713,-0.0,-1.6434871352799926e-17,0.0,False,0.042,0.167,0.176,0.139,0.367,0.45244504262000895,False,,False,0.0
100000008729801100,peripheral,0.85,4,0.1702,"мелкий получатель: разовое поступление 18 тыс ₸ от 1 плательщика, исходящих в выборке не наблюдается — признаков роли нет",small_receiver,1,False,1,0,17534.0,0.0,1,0,0.0,1,1,1,0.0,0.0,1.0,0.0,0.00028924947543311713,-0.0,-1.6434871352799926e-17,0.0,False,0.042,0.167,0.176,0.139,0.367,0.45244504262000895,False,,False,0.0
100000008667795100,peripheral,0.85,7,0.1696,"мелкий получатель: разовое поступление 34 тыс ₸ от 1 плательщика, исходящих в выборке не наблюдается — признаков роли нет",small_receiver,3,False,1,0,34000.0,0.0,1,0,0.0,0,0,1,0.0,0.0,1.0,0.0,0.00029087593870950727,-0.0,-1.528429321286511e-17,0.0,False,0.042,0.0,0.337,0.198,0.367,0.013907581875280395,False,,False,0.0
100000008667799100,peripheral,0.85,7,0.1696,"мелкий получатель: разовое поступление 34 тыс ₸ от 1 плательщика, исходящих в выборке не наблюдается — признаков роли нет",small_receiver,3,False,1,0,34000.0,0.0,1,0,0.0,0,0,1,0.0,0.0,1.0,0.0,0.00029087593870950727,-0.0,-1.528429321286511e-17,0.0,False,0.042,0.0,0.337,0.198,0.367,0.013907581875280395,False,,False,0.0
100000000957746100,peripheral,0.75,14,0.1696,"4 колено (исходящие не выгружены): разовое поступление 5 тыс ₸ от 1 плательщика, P(пересылает)=0.31 — признаков роли нет",truncated_small,4,False,1,0,5300.0,0.0,1,0,0.0,0,0,7,0.31196635630509884,0.0,1.0,0.0,0.0003473073598506199,-0.0,7.579944436317211e-19,0.0,True,0.038,0.0,0.027,0.622,0.367,0.6413189771197847,False,,False,1.0
100000004856746100,peripheral,0.75,17,0.169,"4 колено (исходящие не выгружены): разовое поступление 20 тыс ₸ от 1 плательщика, P(пересылает)=0.28 — признаков роли нет",truncated_small,4,False,1,0,20000.0,0.0,1,0,0.0,0,0,7,0.2815324800598421,0.0,1.0,0.0,0.0003000473060624511,-0.0,1.468380142133151e-07,0.0,True,0.038,0.0,0.205,0.381,0.367,0.24136384028712426,False,,False,0.0
100000008695566100,peripheral,0.85,7,0.1688,"мелкий получатель: разовое поступление 34 тыс ₸ от 1 плательщика, исходящих в выборке не наблюдается — признаков роли нет",small_receiver,3,False,1,0,33700.0,0.0,1,0,0.0,0,0,1,0.0,0.0,1.0,0.0,0.0002908291153757524,-0.0,-1.528429321286511e-17,0.0,False,0.042,0.0,0.335,0.196,0.367,0.016375056078959175,False,,False,0.0
100000002990675100,peripheral,0.85,5,0.1687,"мелкий получатель: разовое поступление 51 тыс ₸ от 1 плательщика, исходящих в выборке не наблюдается — признаков роли нет",small_receiver,3,False,1,0,51143.0,0.0,1,0,0.0,0,0,7,0.0,0.0,1.0,0.0,0.000287226796606961,-0.0,0.002940174080170154,0.0,False,0.042,0.0,0.44,0.055,0.367,0.01278600269179004,False,,False,0.0
100000003239859100,peripheral,0.85,11,0.1685,"мелкий получатель: разовое поступление 19 тыс ₸ от 1 плательщика, исходящих в выборке не наблюдается — признаков роли нет",small_receiver,1,False,1,0,18600.0,0.0,1,0,0.0,1,1,1,0.0,0.0,1.0,0.0,0.0002886560582178517,-0.0,1.0100033668708282e-05,0.0,False,0.042,0.167,0.188,0.112,0.367,0.4389860924181247,False,,False,0.0
100000002646887100,peripheral,0.85,27,0.1685,"мелкий получатель: разовое поступление 24 тыс ₸ от 1 плательщика, исходящих в выборке не наблюдается — признаков роли нет",small_receiver,3,False,1,0,24354.0,0.0,1,0,0.0,0,0,7,0.0,0.0,1.0,0.0,0.00029518757307712095,-0.0,4.867829532676994e-08,0.0,False,0.042,0.0,0.252,0.305,0.367,0.060340960071781066,False,,False,0.0
100000002881669100,peripheral,0.85,11,0.1685,"мелкий получатель: разовое поступление 19 тыс ₸ от 1 плательщика, исходящих в выборке не наблюдается — признаков роли нет",small_receiver,1,False,1,0,18600.0,0.0,1,0,0.0,1,1,1,0.0,0.0,1.0,0.0,0.0002886560582178517,-0.0,1.0100033668708282e-05,0.0,False,0.042,0.167,0.188,0.112,0.367,0.4389860924181247,False,,False,0.0
100000004491881100,peripheral,0.85,4,0.1679,"мелкий получатель: разовое поступление 17 тыс ₸ от 1 плательщика, исходящих в выборке не наблюдается — признаков роли нет",small_receiver,1,False,1,0,17144.0,0.0,1,0,0.0,1,1,1,0.0,0.0,1.0,0.0,0.0002891676190013747,-0.0,-1.6434871352799926e-17,0.0,False,0.042,0.167,0.169,0.135,0.367,0.4488559892328398,False,,False,0.0
100000002567887100,peripheral,0.85,5,0.1679,"мелкий получатель: разовое поступление 51 тыс ₸ от 1 плательщика, исходящих в выборке не наблюдается — признаков роли нет",small_receiver,3,False,1,0,50915.0,0.0,1,0,0.0,0,0,7,0.0,0.0,1.0,0.0,0.00028721940731527213,-0.0,0.002940174080170154,0.0,False,0.042,0.0,0.438,0.054,0.367,0.021085688649618663,False,,False,0.0
100000008767925100,peripheral,0.85,4,0.1679,"мелкий получатель: разовое поступление 17 тыс ₸ от 1 плательщика, исходящих в выборке не наблюдается — признаков роли нет",small_receiver,1,False,1,0,17144.0,0.0,1,0,0.0,1,1,1,0.0,0.0,1.0,0.0,0.0002891676190013747,-0.0,-1.6434871352799926e-17,0.0,False,0.042,0.167,0.169,0.135,0.367,0.4488559892328398,False,,False,0.0
100000001111763100,peripheral,0.85,4,0.1679,"мелкий получатель: разовое поступление 17 тыс ₸ от 1 плательщика, исходящих в выборке не наблюдается — признаков роли нет",small_receiver,1,False,1,0,17144.0,0.0,1,0,0.0,1,1,1,0.0,0.0,1.0,0.0,0.0002891676190013747,-0.0,-1.6434871352799926e-17,0.0,False,0.042,0.167,0.169,0.135,0.367,0.4488559892328398,False,,False,0.0
100000008749406100,peripheral,0.85,4,0.1679,"мелкий получатель: разовое поступление 17 тыс ₸ от 1 плательщика, исходящих в выборке не наблюдается — признаков роли нет",small_receiver,1,False,1,0,17144.0,0.0,1,0,0.0,1,1,1,0.0,0.0,1.0,0.0,0.0002891676190013747,-0.0,-1.6434871352799926e-17,0.0,False,0.042,0.167,0.169,0.135,0.367,0.4488559892328398,False,,False,0.0
100000003996562100,peripheral,0.85,0,0.1678,"мелкий получатель: разовое поступление 8 тыс ₸ от 1 плательщика, исходящих в выборке не наблюдается — признаков роли нет",small_receiver,3,False,1,0,7700.0,0.0,1,0,0.0,0,0,7,0.0,0.0,1.0,0.0,0.00032817368818376504,-0.0,2.3509417958817133e-06,0.0,False,0.042,0.0,0.05,0.571,0.367,0.5733512786002691,False,,False,1.0
100000007982728100,peripheral,0.7,12,0.1675,seed: отправил 1.8 млн ₸ 8 получателям; для консолидации/рассылки мало связей,,0,True,0,8,0.0,1804384.0,0,12,,0,0,0,1.0,0.0,0.0,0.0,0.0002855692942172902,0.0021944642459760517,-0.0,0.0,False,0.035,0.0,0.963,0.01,0.367,0.7886944818304172,False,,False,0.0
100000002554175100,peripheral,0.85,8,0.1674,"мелкий получатель: разовое поступление 25 тыс ₸ от 1 плательщика, исходящих в выборке не наблюдается — признаков роли нет",small_receiver,3,False,1,0,24621.0,0.0,1,0,0.0,0,0,7,0.0,0.0,1.0,0.0,0.0002947426417459053,-0.0,6.407022407315355e-07,0.0,False,0.042,0.0,0.254,0.297,0.367,0.05787348586810229,False,,False,0.0
100000004158362100,peripheral,0.85,0,0.1673,"мелкий получатель: разовое поступление 12 тыс ₸ от 1 плательщика, исходящих в выборке не наблюдается — признаков роли нет",small_receiver,2,False,1,0,12000.0,0.0,1,0,0.0,0,1,7,0.0,0.0,1.0,0.0,0.00029138223393265013,-0.0,9.27551283116815e-05,0.0,False,0.042,0.167,0.105,0.217,0.367,0.5197397936294302,False,,False,0.0
100000004291560100,peripheral,0.85,0,0.1673,"мелкий получатель: разовое поступление 47 тыс ₸ от 1 плательщика, исходящих в выборке не наблюдается — признаков роли нет",small_receiver,3,False,1,0,47190.0,0.0,1,0,0.0,0,0,7,0.0,0.0,1.0,0.0,0.0002882270334625224,-0.0,0.0029057816552165005,0.0,False,0.042,0.0,0.41,0.088,0.367,0.0015702108568864963,False,,False,0.0
100000008289539100,peripheral,0.85,2,0.1672,"мелкий получатель: разовое поступление 15 тыс ₸ от 1 плательщика, исходящих в выборке не наблюдается — признаков роли нет",small_receiver,2,False,1,0,14912.0,0.0,1,0,0.0,0,1,7,0.0,0.0,1.0,0.0,0.0002903134116978219,-0.0,3.567634960949523e-05,0.0,False,0.042,0.167,0.133,0.179,0.367,0.48272768057424853,False,,False,0.0
100000008473765100,peripheral,0.85,3,0.1672,"мелкий получатель: разовое поступление 30 тыс ₸ от 1 плательщика, исходящих в выборке не наблюдается — признаков роли нет",small_receiver,3,False,1,0,30000.0,0.0,1,0,0.0,0,0,7,0.0,0.0,1.0,0.0,0.00029167306415897907,-0.0,0.0016044117981357526,0.0,False,0.042,0.0,0.308,0.223,0.367,0.04329295648272768,False,,False,0.0
100000005532138100,peripheral,0.85,0,0.1671,"мелкий получатель: разовое поступление 25 тыс ₸ от 1 плательщика, исходящих в выборке не наблюдается — признаков роли нет",small_receiver,3,False,1,0,25046.0,0.0,1,0,0.0,0,0,7,0.0,0.0,1.0,0.0,0.00029379367547638043,-0.0,0.00010831189958102266,0.0,False,0.042,0.0,0.266,0.278,0.367,0.04508748317631225,False,,False,0.0
100000002534091100,peripheral,0.85,3,0.1671,"мелкий получатель: разовое поступление 22 тыс ₸ от 1 плательщика, исходящих в выборке не наблюдается — признаков роли нет",small_receiver,3,False,1,0,22200.0,0.0,1,0,0.0,0,0,7,0.0,0.0,1.0,0.0,0.00029636616273708943,-0.0,0.00012159928474839398,0.0,False,0.042,0.0,0.23,0.326,0.367,0.08389412292507852,False,,False,0.0
100000005709551100,peripheral,0.85,0,0.167,"мелкий получатель: разовое поступление 25 тыс ₸ от 1 плательщика, исходящих в выборке не наблюдается — признаков роли нет",small_receiver,3,False,1,0,24560.0,0.0,1,0,0.0,0,0,7,0.0,0.0,1.0,0.0,0.00029466084362895616,-0.0,0.000259460087793076,0.0,False,0.042,0.0,0.253,0.295,0.367,0.060340960071781066,False,,False,0.0
100000008748795100,peripheral,0.85,0,0.1669,"мелкий получатель: разовое поступление 47 тыс ₸ от 1 плательщика, исходящих в выборке не наблюдается — признаков роли нет",small_receiver,3,False,1,0,47057.0,0.0,1,0,0.0,0,0,7,0.0,0.0,1.0,0.0,0.0002882195429069043,-0.0,0.0029057816552165005,0.0,False,0.042,0.0,0.408,0.088,0.367,0.0015702108568864963,False,,False,0.0
100000007487729100,peripheral,0.85,3,0.1667,"мелкий получатель: разовое поступление 25 тыс ₸ от 1 плательщика, исходящих в выборке не наблюдается — признаков роли нет",small_receiver,3,False,1,0,25000.0,0.0,1,0,0.0,0,0,7,0.0,0.0,1.0,0.0,0.0002941149149674846,-0.0,0.0001610542594498365,0.0,False,0.042,0.0,0.26,0.284,0.367,0.05024674742036788,False,,False,0.0
100000008071749100,peripheral,0.75,8,0.1666,"4 колено (исходящие не выгружены): разовое поступление 25 тыс ₸ от 1 плательщика, P(пересылает)=0.28 — признаков роли нет",truncated_small,4,False,1,0,24943.0,0.0,1,0,0.0,0,0,7,0.2774264265103001,0.0,1.0,0.0,0.00029490618279349263,-0.0,2.7582739710935802e-06,0.0,True,0.038,0.0,0.254,0.301,0.367,0.20547330641543293,False,,False,0.0
100000003951827100,peripheral,0.7,0,0.1665,"слабые связи: 1 вход / 2 выход, 9 тыс ₸ → 17 тыс ₸, без устойчивого паттерна",,3,False,1,2,9000.0,17000.0,1,2,1.8888888888888888,0,0,7,1.0,0.0,1.0,0.0,0.0002860761739207674,0.00016424358925399267,0.0029057816552165005,1.3265244417163455e-06,False,0.035,0.0,0.271,0.02,0.762,0.6671152983400628,False,,False,1.0
100000000307908100,peripheral,0.85,32,0.1662,"мелкий получатель: разовое поступление 5 тыс ₸ от 1 плательщика, исходящих в выборке не наблюдается — признаков роли нет",small_receiver,2,False,1,0,5000.0,0.0,1,0,0.0,0,1,1,0.0,0.0,1.0,0.0,0.0002964337747494588,-0.0,-6.601567788893131e-19,0.0,False,0.042,0.167,0.016,0.329,0.367,0.800583221175415,False,,False,1.0
100000006714366100,peripheral,0.7,0,0.1658,"слабые связи: 1 вход / 1 выход, 10 тыс ₸ → 5 тыс ₸, без устойчивого паттерна",,3,False,1,1,10500.0,5000.0,1,1,0.47619047619047616,0,0,7,1.0,1.0,1.0,0.0,0.0002894561536970334,8.990272380924531e-19,0.000259460087793076,1.922024458454748e-05,False,0.035,0.0,0.147,0.149,0.81,0.8707940780619112,False,,False,0.0
100000003293377100,peripheral,0.85,5,0.1654,"мелкий получатель: разовое поступление 50 тыс ₸ от 1 плательщика, исходящих в выборке не наблюдается — признаков роли нет",small_receiver,3,False,1,0,50000.0,0.0,1,0,0.0,0,0,7,0.0,0.0,1.0,0.0,0.00028718975292099435,-0.0,0.002940174080170154,0.0,False,0.042,0.0,0.428,0.052,0.367,0.026244952893674293,False,,False,0.0
100000004041294100,peripheral,0.75,22,0.1653,"4 колено (исходящие не выгружены): разовое поступление 18 тыс ₸ от 1 плательщика, P(пересылает)=0.35 — признаков роли нет",truncated_small,4,False,1,0,17800.0,0.0,2,0,0.0,0,0,7,0.34926000981654365,0.0,1.0,0.0,0.00030085428557357664,-0.0,2.0657130113453296e-08,0.0,True,0.038,0.0,0.179,0.394,0.367,0.40107671601615075,False,,False,0.5
100000003561031100,peripheral,0.7,3,0.1653,"слабые связи: 1 вход / 1 выход, 13 тыс ₸ → 5 тыс ₸, без устойчивого паттерна",,3,False,1,1,13300.0,5000.0,1,1,0.37593984962406013,0,0,7,1.0,0.0,1.0,0.0,0.00028827529889143894,-3.830170251839248e-19,0.0016044117981357526,1.922024458454748e-05,False,0.035,0.0,0.187,0.093,0.81,0.4993270524899058,False,,False,0.0
100000004269433100,peripheral,0.7,6,0.1652,seed: отправил 1.4 млн ₸ 1 получателям; для консолидации/рассылки мало связей,,0,True,0,1,0.0,1372000.0,0,67,,0,0,0,1.0,0.0,0.0,0.0,0.0002855692942172902,-1.9317501849609478e-19,-0.0,0.0,False,0.035,0.0,0.947,0.01,0.367,0.7676087931807986,False,,False,0.0
100000001389255100,peripheral,0.85,4,0.1649,"мелкий получатель: разовое поступление 16 тыс ₸ от 1 плательщика, исходящих в выборке не наблюдается — признаков роли нет",small_receiver,1,False,1,0,16136.0,0.0,1,0,0.0,1,1,1,0.0,0.0,1.0,0.0,0.00028895605160856333,-0.0,-1.6434871352799926e-17,0.0,False,0.042,0.167,0.16,0.129,0.367,0.4585015702108569,False,,False,0.0
100000002304943100,peripheral,0.75,10,0.1649,"4 колено (исходящие не выгружены): разовое поступление 15 тыс ₸ от 1 плательщика, P(пересылает)=0.29 — признаков роли нет",truncated_small,4,False,1,0,15000.0,0.0,1,0,0.0,0,0,7,0.28901633821885236,0.0,1.0,0.0,0.00030637187771531904,-0.0,-2.1053987670743375e-18,0.0,True,0.038,0.0,0.139,0.446,0.367,0.32009869896814713,False,,False,0.0
100000002130400100,peripheral,0.75,16,0.1649,"4 колено (исходящие не выгружены): разовое поступление 10 тыс ₸ от 1 плательщика, P(пересылает)=0.30 — признаков роли нет",truncated_small,4,False,1,0,10000.0,0.0,1,0,0.0,0,0,1,0.2964459755577656,0.0,1.0,0.0,0.0003175458062360418,-0.0,-8.608882520370605e-20,0.0,True,0.038,0.0,0.079,0.526,0.367,0.4235082996859578,False,,False,0.0
100000001280798100,peripheral,0.85,8,0.1644,"мелкий получатель: разовое поступление 24 тыс ₸ от 1 плательщика, исходящих в выборке не наблюдается — признаков роли нет",small_receiver,3,False,1,0,23785.0,0.0,1,0,0.0,0,0,7,0.0,0.0,1.0,0.0,0.00029443116298655665,-0.0,6.407022407315355e-07,0.0,False,0.042,0.0,0.246,0.29,0.367,0.05832211754149843,False,,False,0.0
100000001991973100,peripheral,0.75,9,0.1639,"4 колено (исходящие не выгружены): разовое поступление 21 тыс ₸ от 1 плательщика, P(пересылает)=0.28 — признаков роли нет",truncated_small,4,False,1,0,20800.0,0.0,1,0,0.0,0,0,1,0.28108985529051034,0.0,1.0,0.0,0.0002967004062396315,-0.0,3.687381946526989e-06,0.0,True,0.038,0.0,0.219,0.332,0.367,0.2566173171825931,False,,False,0.0
100000008074304100,peripheral,0.75,5,0.1637,"4 колено (исходящие не выгружены): разовое поступление 6 тыс ₸ от 1 плательщика, P(пересылает)=0.31 — признаков роли нет",truncated_small,4,False,1,0,5500.0,0.0,1,0,0.0,0,0,7,0.3113106274339296,0.0,1.0,0.0,0.000332421192783094,-0.0,6.396318973397582e-19,0.0,True,0.038,0.0,0.03,0.584,0.367,0.6332436069986541,False,,False,1.0
100000003095610100,peripheral,0.85,8,0.1635,"мелкий получатель: разовое поступление 24 тыс ₸ от 1 плательщика, исходящих в выборке не наблюдается — признаков роли нет",small_receiver,3,False,1,0,23665.0,0.0,1,0,0.0,0,0,7,0.0,0.0,1.0,0.0,0.0002943864531167937,-0.0,6.407022407315355e-07,0.0,False,0.042,0.0,0.242,0.289,0.367,0.05630327501121579,False,,False,0.0
100000008769097100,peripheral,0.85,7,0.1634,"мелкий получатель: разовое поступление 31 тыс ₸ от 1 плательщика, исходящих в выборке не наблюдается — признаков роли нет",small_receiver,3,False,1,0,31100.0,0.0,1,0,0.0,0,0,1,0.0,0.0,1.0,0.0,0.000290423313149877,-0.0,-1.528429321286511e-17,0.0,False,0.042,0.0,0.322,0.183,0.367,0.031852848811126065,False,,False,0.0
100000008684767100,peripheral,0.85,7,0.1634,"мелкий получатель: разовое поступление 31 тыс ₸ от 1 плательщика, исходящих в выборке не наблюдается — признаков роли нет",small_receiver,3,False,1,0,31100.0,0.0,1,0,0.0,0,0,1,0.0,0.0,1.0,0.0,0.000290423313149877,-0.0,-1.528429321286511e-17,0.0,False,0.042,0.0,0.322,0.183,0.367,0.031852848811126065,False,,False,0.0
100000008732098100,peripheral,0.85,4,0.1625,"мелкий получатель: разовое поступление 16 тыс ₸ от 1 плательщика, исходящих в выборке не наблюдается — признаков роли нет",small_receiver,1,False,1,0,15677.0,0.0,1,0,0.0,1,1,1,0.0,0.0,1.0,0.0,0.00028885971288505105,-0.0,-1.6434871352799926e-17,0.0,False,0.042,0.167,0.152,0.126,0.367,0.46545536114849706,False,,False,0.0
100000000912487100,peripheral,0.85,0,0.1625,"мелкий получатель: разовое поступление 10 тыс ₸ от 1 плательщика, исходящих в выборке не наблюдается — признаков роли нет",small_receiver,2,False,1,0,10000.0,0.0,1,0,0.0,0,1,9,0.0,0.0,1.0,0.0,0.0002916801543187913,-0.0,0.00014276729694478647,0.0,False,0.042,0.167,0.079,0.224,0.367,0.5803050695379094,False,,False,0.0
100000008716773100,peripheral,0.85,4,0.1625,"мелкий получатель: разовое поступление 16 тыс ₸ от 1 плательщика, исходящих в выборке не наблюдается — признаков роли нет",small_receiver,1,False,1,0,15677.0,0.0,1,0,0.0,1,1,1,0.0,0.0,1.0,0.0,0.00028885971288505105,-0.0,-1.6434871352799926e-17,0.0,False,0.042,0.167,0.152,0.126,0.367,0.46545536114849706,False,,False,0.0
100000008764436100,peripheral,0.85,4,0.1625,"мелкий получатель: разовое поступление 13 тыс ₸ от 1 плательщика, исходящих в выборке не наблюдается — признаков роли нет",small_receiver,2,False,1,0,13100.0,0.0,1,0,0.0,0,1,1,0.0,0.0,1.0,0.0,0.00029001854298614835,-0.0,6.140263830218555e-20,0.0,False,0.042,0.167,0.117,0.172,0.367,0.509421265141319,False,,False,0.0
100000005807278100,peripheral,0.85,36,0.1622,"мелкий получатель: разовое поступление 8 тыс ₸ от 1 плательщика, исходящих в выборке не наблюдается — признаков роли нет",small_receiver,1,False,1,0,8385.0,0.0,1,0,0.0,1,1,1,0.0,0.0,1.0,0.0,0.00029295533223776195,-0.0,4.9009073544342925e-19,0.0,False,0.042,0.167,0.055,0.254,0.367,0.7458501570210857,False,,False,1.0
100000001677389100,peripheral,0.7,14,0.1622,"слабые связи: 1 вход / 1 выход, 11 тыс ₸ → 5 тыс ₸, без устойчивого паттерна",,3,False,1,1,11000.0,5400.0,1,1,0.4909090909090909,0,0,7,1.0,0.0,1.0,0.0,0.000288630969544677,-1.1336507035719908e-19,1.869218805296409e-05,1.922024458454748e-05,False,0.035,0.0,0.162,0.109,0.81,0.5298340062808434,False,,False,0.0
100000008432942100,peripheral,0.85,0,0.1619,"мелкий получатель: разовое поступление 45 тыс ₸ от 1 плательщика, исходящих в выборке не наблюдается — признаков роли нет",small_receiver,3,False,1,0,44542.0,0.0,2,0,0.0,0,0,7,0.0,0.0,1.0,0.0,0.00028807789818976597,-0.0,0.0029057816552165005,0.0,False,0.042,0.0,0.391,0.082,0.367,0.059668012561686856,False,,False,0.0
100000001953577100,peripheral,0.85,4,0.1618,"мелкий получатель: разовое поступление 16 тыс ₸ от 1 плательщика, исходящих в выборке не наблюдается — признаков роли нет",small_receiver,1,False,1,0,15600.0,0.0,1,0,0.0,1,1,1,0.0,0.0,1.0,0.0,0.0002888435514869891,-0.0,-1.6434871352799926e-17,0.0,False,0.042,0.167,0.151,0.123,0.367,0.46747420367877973,False,,False,0.0
100000008672480100,peripheral,0.85,4,0.1616,"мелкий получатель: разовое поступление 13 тыс ₸ от 1 плательщика, исходящих в выборке не наблюдается — признаков роли нет",small_receiver,2,False,1,0,13000.0,0.0,1,0,0.0,0,1,1,0.0,0.0,1.0,0.0,0.0002899845792550884,-0.0,6.140263830218555e-20,0.0,False,0.042,0.167,0.115,0.17,0.367,0.509421265141319,False,,False,0.0
100000008672762100,peripheral,0.85,4,0.1616,"мелкий получатель: разовое поступление 13 тыс ₸ от 1 плательщика, исходящих в выборке не наблюдается — признаков роли нет",small_receiver,2,False,1,0,13000.0,0.0,1,0,0.0,0,1,1,0.0,0.0,1.0,0.0,0.0002899845792550884,-0.0,6.140263830218555e-20,0.0,False,0.042,0.167,0.115,0.17,0.367,0.509421265141319,False,,False,0.0
100000008672162100,peripheral,0.85,4,0.1615,"мелкий получатель: разовое поступление 16 тыс ₸ от 1 плательщика, исходящих в выборке не наблюдается — признаков роли нет",small_receiver,1,False,1,0,15550.0,0.0,1,0,0.0,1,1,1,0.0,0.0,1.0,0.0,0.0002888330570726631,-0.0,-1.6434871352799926e-17,0.0,False,0.042,0.167,0.15,0.123,0.367,0.4719605204127411,False,,False,0.0
100000004526651100,peripheral,0.75,1,0.1613,"4 колено (исходящие не выгружены): разовое поступление 33 тыс ₸ от 1 плательщика, P(пересылает)=0.27 — признаков роли нет",truncated_small,4,False,1,0,33000.0,0.0,1,0,0.0,0,0,8,0.2718050587704054,0.0,1.0,0.0,0.0002899106988792616,-0.0,1.2761480262525199e-06,0.0,True,0.038,0.0,0.332,0.167,0.367,0.1888739344997757,False,,False,0.0
100000008670667100,peripheral,0.85,4,0.161,"мелкий получатель: разовое поступление 16 тыс ₸ от 1 плательщика, исходящих в выборке не наблюдается — признаков роли нет",small_receiver,1,False,1,0,15534.0,0.0,1,0,0.0,1,1,1,0.0,0.0,1.0,0.0,0.0002888296988600788,-0.0,-1.6434871352799926e-17,0.0,False,0.042,0.167,0.149,0.122,0.367,0.4719605204127411,False,,False,0.0
100000008718089100,peripheral,0.85,4,0.161,"мелкий получатель: разовое поступление 16 тыс ₸ от 1 плательщика, исходящих в выборке не наблюдается — признаков роли нет",small_receiver,1,False,1,0,15534.0,0.0,1,0,0.0,1,1,1,0.0,0.0,1.0,0.0,0.0002888296988600788,-0.0,-1.6434871352799926e-17,0.0,False,0.042,0.167,0.149,0.122,0.367,0.4719605204127411,False,,False,0.0
100000008720798100,peripheral,0.85,4,0.161,"мелкий получатель: разовое поступление 16 тыс ₸ от 1 плательщика, исходящих в выборке не наблюдается — признаков роли нет",small_receiver,1,False,1,0,15534.0,0.0,1,0,0.0,1,1,1,0.0,0.0,1.0,0.0,0.0002888296988600788,-0.0,-1.6434871352799926e-17,0.0,False,0.042,0.167,0.149,0.122,0.367,0.4719605204127411,False,,False,0.0
100000004497606100,peripheral,0.85,4,0.161,"мелкий получатель: разовое поступление 16 тыс ₸ от 1 плательщика, исходящих в выборке не наблюдается — признаков роли нет",small_receiver,1,False,1,0,15534.0,0.0,1,0,0.0,1,1,1,0.0,0.0,1.0,0.0,0.0002888296988600788,-0.0,-1.6434871352799926e-17,0.0,False,0.042,0.167,0.149,0.122,0.367,0.4719605204127411,False,,False,0.0
100000000018102100,peripheral,0.75,3,0.1606,"4 колено (исходящие не выгружены): разовое поступление 7 тыс ₸ от 1 плательщика, P(пересылает)=0.31 — признаков роли нет",truncated_small,4,False,1,0,7000.0,0.0,1,0,0.0,0,0,7,0.30504995723665906,0.0,1.0,0.0,0.00032040294724489533,-0.0,-3.0129825876723083e-19,0.0,True,0.038,0.0,0.046,0.545,0.367,0.5594436967249888,False,,False,1.0
100000003927792100,peripheral,0.85,2,0.1604,"мелкий получатель: разовое поступление 13 тыс ₸ от 1 плательщика, исходящих в выборке не наблюдается — признаков роли нет",small_receiver,2,False,1,0,13067.0,0.0,1,0,0.0,0,1,7,0.0,0.0,1.0,0.0,0.0002897264416903393,-0.0,3.567634960949523e-05,0.0,False,0.042,0.167,0.117,0.161,0.367,0.509421265141319,False,,False,0.0
100000004286573100,peripheral,0.85,11,0.1604,"мелкий получатель: разовое поступление 17 тыс ₸ от 1 плательщика, исходящих в выборке не наблюдается — признаков роли нет",small_receiver,1,False,1,0,16590.0,0.0,1,0,0.0,1,1,1,0.0,0.0,1.0,0.0,0.0002883224885597265,-0.0,1.0100033668708282e-05,0.0,False,0.042,0.167,0.165,0.097,0.367,0.45625841184387617,False,,False,0.0
100000000878006100,peripheral,0.85,5,0.1603,"мелкий получатель: разовое поступление 47 тыс ₸ от 1 плательщика, исходящих в выборке не наблюдается — признаков роли нет",small_receiver,3,False,1,0,47003.0,0.0,1,0,0.0,0,0,7,0.0,0.0,1.0,0.0,0.0002870926226262943,-0.0,0.002940174080170154,0.0,False,0.042,0.0,0.407,0.051,0.367,0.0015702108568864963,False,,False,0.0
100000000782285100,peripheral,0.85,0,0.1601,"мелкий получатель: разовое поступление 6 тыс ₸ от 1 плательщика, исходящих в выборке не наблюдается — признаков роли нет",small_receiver,3,False,1,0,6151.0,0.0,1,0,0.0,0,0,7,0.0,0.0,1.0,0.0,0.0003196030120468729,-0.0,2.3509417958817133e-06,0.0,False,0.042,0.0,0.039,0.54,0.367,0.6711529834006281,False,,False,1.0
100000001229743100,peripheral,0.7,0,0.1599,"слабые связи: 1 вход / 1 выход, 7 тыс ₸ → 9 тыс ₸, без устойчивого паттерна",,3,False,1,1,7000.0,9000.0,1,1,1.2857142857142858,0,0,7,1.0,0.0,1.0,0.0,0.0002884350404884847,-3.644381761794869e-20,0.0006428156846267583,1.922024458454748e-05,False,0.035,0.0,0.158,0.101,0.81,0.6594885598923284,False,,False,1.0
100000007631637100,peripheral,0.85,4,0.1598,"мелкий получатель: разовое поступление 15 тыс ₸ от 1 плательщика, исходящих в выборке не наблюдается — признаков роли нет",small_receiver,1,False,1,0,15341.0,0.0,1,0,0.0,1,1,1,0.0,0.0,1.0,0.0,0.0002887891904207806,-0.0,-1.6434871352799926e-17,0.0,False,0.042,0.167,0.146,0.118,0.367,0.474652310453118,False,,False,0.0
100000004850609100,peripheral,0.75,0,0.1598,"4 колено (исходящие не выгружены): разовое поступление 10 тыс ₸ от 1 плательщика, P(пересылает)=0.30 — признаков роли нет",truncated_small,4,False,1,0,10000.0,0.0,1,0,0.0,0,0,7,0.29673184245900924,0.0,1.0,0.0,0.0003130294967403098,-0.0,5.553943663913007e-06,0.0,True,0.038,0.0,0.079,0.496,0.367,0.4235082996859578,False,,False,0.0
100000002299948100,peripheral,0.85,16,0.1597,"мелкий получатель: разовое поступление 7 тыс ₸ от 1 плательщика, исходящих в выборке не наблюдается — признаков роли нет",small_receiver,2,False,1,0,6750.0,0.0,1,0,0.0,0,1,8,0.0,0.0,1.0,0.0,0.0002930156229454497,-0.0,-2.410514333998708e-19,0.0,False,0.042,0.167,0.042,0.257,0.367,0.6971736204576043,False,,False,1.0
100000003581109100,peripheral,0.85,0,0.1591,"мелкий получатель: разовое поступление 43 тыс ₸ от 1 плательщика, исходящих в выборке не наблюдается — признаков роли нет",small_receiver,3,False,1,0,42750.0,0.0,1,0,0.0,0,0,7,0.0,0.0,1.0,0.0,0.000287976972808807,-0.0,0.0029057816552165005,0.0,False,0.042,0.0,0.383,0.077,0.367,0.019066846119336026,False,,False,0.0
100000006444163100,peripheral,0.85,0,0.1586,"мелкий получатель: разовое поступление 6 тыс ₸ от 1 плательщика, исходящих в выборке не наблюдается — признаков роли нет",small_receiver,3,False,1,0,6026.0,0.0,1,0,0.0,0,0,7,0.0,0.0,1.0,0.0,0.00031891138227468983,-0.0,2.3509417958817133e-06,0.0,False,0.042,0.0,0.037,0.534,0.367,0.6778824585015703,False,,False,1.0
100000002742067100,peripheral,0.85,2,0.1583,"мелкий получатель: разовое поступление 13 тыс ₸ от 1 плательщика, исходящих в выборке не наблюдается — признаков роли нет",small_receiver,2,False,1,0,12730.0,0.0,1,0,0.0,0,1,7,0.0,0.0,1.0,0.0,0.0002896192281984576,-0.0,3.567634960949523e-05,0.0,False,0.042,0.167,0.113,0.154,0.367,0.5105428443248093,False,,False,0.0
100000003146511100,peripheral,0.75,0,0.1581,"4 колено (исходящие не выгружены): разовое поступление 10 тыс ₸ от 1 плательщика, P(пересылает)=0.30 — признаков роли нет",truncated_small,4,False,1,0,10000.0,0.0,1,0,0.0,0,0,7,0.2978769015891627,0.0,1.0,0.0,0.0003118136674871963,-0.0,-1.9960770059358262e-19,0.0,True,0.038,0.0,0.079,0.487,0.367,0.4235082996859578,False,,False,0.0
100000001784279100,peripheral,0.85,3,0.158,"мелкий получатель: разовое поступление 36 тыс ₸ от 1 плательщика, исходящих в выборке не наблюдается — признаков роли нет",small_receiver,3,False,1,0,35674.0,0.0,1,0,0.0,0,0,7,0.0,0.0,1.0,0.0,0.0002887329449187703,-0.0,0.0011319384436486036,0.0,False,0.042,0.0,0.349,0.116,0.367,0.012113055181695828,False,,False,0.0
100000004911971100,peripheral,0.75,5,0.1578,"4 колено (исходящие не выгружены): разовое поступление 35 тыс ₸ от 1 плательщика, P(пересылает)=0.45 — признаков роли нет",truncated_small,4,False,1,0,35000.0,0.0,3,0,0.0,0,0,7,0.4529786390115638,0.0,1.0,0.0,0.00028904714906671694,-0.0,2.6435798381140134e-19,0.0,True,0.038,0.0,0.344,0.131,0.367,0.3598026020637057,False,,False,0.3333333333333333
100000008738658100,peripheral,0.85,7,0.1578,"мелкий получатель: разовое поступление 30 тыс ₸ от 1 плательщика, исходящих в выборке не наблюдается — признаков роли нет",small_receiver,3,False,1,0,29920.0,0.0,1,0,0.0,0,0,1,0.0,0.0,1.0,0.0,0.00029023914137044126,-0.0,-1.528429321286511e-17,0.0,False,0.042,0.0,0.301,0.178,0.367,0.04329295648272768,False,,False,0.0
100000000968253100,peripheral,0.85,4,0.1575,"мелкий получатель: разовое поступление 15 тыс ₸ от 1 плательщика, исходящих в выборке не наблюдается — признаков роли нет",small_receiver,1,False,1,0,15000.0,0.0,1,0,0.0,1,1,1,0.0,0.0,1.0,0.0,0.0002887176185150776,-0.0,-1.6434871352799926e-17,0.0,False,0.042,0.167,0.139,0.115,0.367,0.48945715567519066,False,,False,0.0
100000008454065100,peripheral,0.85,8,0.1574,"мелкий получатель: разовое поступление 24 тыс ₸ от 1 плательщика, исходящих в выборке не наблюдается — признаков роли нет",small_receiver,3,False,1,0,24050.0,0.0,1,0,0.0,0,0,7,0.0,0.0,1.0,0.0,0.000292367066186601,-0.0,2.441379038303138e-05,0.0,False,0.042,0.0,0.251,0.242,0.367,0.05899506505159264,False,,False,0.0
100000000424935100,peripheral,0.75,17,0.1572,"4 колено (исходящие не выгружены): разовое поступление 15 тыс ₸ от 1 плательщика, P(пересылает)=0.29 — признаков роли нет",truncated_small,4,False,1,0,15000.0,0.0,1,0,0.0,0,0,7,0.2891289780528103,0.0,1.0,0.0,0.0003014479732354367,-0.0,3.038680628611875e-11,0.0,True,0.038,0.0,0.139,0.401,0.367,0.32009869896814713,False,,False,0.0
100000000287768100,peripheral,0.85,3,0.1571,"мелкий получатель: разовое поступление 35 тыс ₸ от 1 плательщика, исходящих в выборке не наблюдается — признаков роли нет",small_receiver,3,False,1,0,35168.0,0.0,1,0,0.0,0,0,7,0.0,0.0,1.0,0.0,0.0002886880716986394,-0.0,0.0011319384436486036,0.0,False,0.042,0.0,0.347,0.113,0.367,0.0033647375504710633,False,,False,0.0
100000006965162100,peripheral,0.85,17,0.1564,"мелкий получатель: разовое поступление 10 тыс ₸ от 1 плательщика, исходящих в выборке не наблюдается — признаков роли нет",small_receiver,3,False,1,0,10000.0,0.0,1,0,0.0,0,0,7,0.0,0.0,1.0,0.0,0.0003092890887695534,-0.0,-1.553733068954935e-19,0.0,False,0.042,0.0,0.079,0.467,0.367,0.4329295648272768,False,,False,0.0
100000008708025100,peripheral,0.85,17,0.1564,"мелкий получатель: разовое поступление 10 тыс ₸ от 1 плательщика, исходящих в выборке не наблюдается — признаков роли нет",small_receiver,3,False,1,0,10000.0,0.0,1,0,0.0,0,0,7,0.0,0.0,1.0,0.0,0.0003092890887695534,-0.0,-1.553733068954935e-19,0.0,False,0.042,0.0,0.079,0.467,0.367,0.4329295648272768,False,,False,0.0
100000003943247100,peripheral,0.85,0,0.1558,"мелкий получатель: разовое поступление 40 тыс ₸ от 1 плательщика, исходящих в выборке не наблюдается — признаков роли нет",small_receiver,3,False,1,0,40000.0,0.0,1,0,0.0,0,0,7,0.0,0.0,1.0,0.0,0.0002878220928994111,-0.0,0.0029057816552165005,0.0,False,0.042,0.0,0.371,0.074,0.367,0.029385374607447286,False,,False,0.0
100000008776576100,peripheral,0.85,4,0.1555,"мелкий получатель: разовое поступление 15 тыс ₸ от 1 плательщика, исходящих в выборке не наблюдается — признаков роли нет",small_receiver,1,False,1,0,14765.0,0.0,1,0,0.0,1,1,1,0.0,0.0,1.0,0.0,0.0002886682947677456,-0.0,-1.6434871352799926e-17,0.0,False,0.042,0.167,0.132,0.113,0.367,0.4917003140421714,False,,False,0.0
100000005198498100,peripheral,0.85,7,0.1555,"мелкий получатель: разовое поступление 29 тыс ₸ от 1 плательщика, исходящих в выборке не наблюдается — признаков роли нет",small_receiver,3,False,1,0,28800.0,0.0,1,0,0.0,0,0,1,0.0,0.0,1.0,0.0,0.00029006433425775644,-0.0,-1.528429321286511e-17,0.0,False,0.042,0.0,0.295,0.173,0.367,0.04688200986989682,False,,False,0.0
100000003594472100,peripheral,0.85,26,0.1549,"мелкий получатель: разовое поступление 20 тыс ₸ от 1 плательщика, исходящих в выборке не наблюдается — признаков роли нет",small_receiver,3,False,1,0,20000.0,0.0,1,0,0.0,0,0,7,0.0,0.0,1.0,0.0,0.0002944536874283019,-0.0,4.7473559650463285e-05,0.0,False,0.042,0.0,0.205,0.29,0.367,0.0955585464333782,False,,False,0.0
100000008507703100,peripheral,0.85,7,0.1549,"мелкий получатель: разовое поступление 28 тыс ₸ от 1 плательщика, исходящих в выборке не наблюдается — признаков роли нет",small_receiver,3,False,1,0,28500.0,0.0,1,0,0.0,0,0,1,0.0,0.0,1.0,0.0,0.00029001751092400156,-0.0,-1.528429321286511e-17,0.0,False,0.042,0.0,0.294,0.172,0.367,0.0462090623598026,False,,False,0.0
100000002948492100,peripheral,0.85,8,0.1547,"мелкий получатель: разовое поступление 24 тыс ₸ от 1 плательщика, исходящих в выборке не наблюдается — признаков роли нет",small_receiver,3,False,1,0,23660.0,0.0,1,0,0.0,0,0,7,0.0,0.0,1.0,0.0,0.00029225683204655813,-0.0,2.441379038303138e-05,0.0,False,0.042,0.0,0.242,0.239,0.367,0.05630327501121579,False,,False,0.0
100000002992171100,peripheral,0.85,4,0.1546,"мелкий получатель: разовое поступление 15 тыс ₸ от 1 плательщика, исходящих в выборке не наблюдается — признаков роли нет",small_receiver,1,False,1,0,14627.0,0.0,1,0,0.0,1,1,1,0.0,0.0,1.0,0.0,0.0002886393301842059,-0.0,-1.6434871352799926e-17,0.0,False,0.042,0.167,0.13,0.11,0.367,0.4984297891431135,False,,False,0.0
100000008755361100,peripheral,0.85,4,0.1546,"мелкий получатель: разовое поступление 15 тыс ₸ от 1 плательщика, исходящих в выборке не наблюдается — признаков роли нет",small_receiver,1,False,1,0,14627.0,0.0,1,0,0.0,1,1,1,0.0,0.0,1.0,0.0,0.0002886393301842059,-0.0,-1.6434871352799926e-17,0.0,False,0.042,0.167,0.13,0.11,0.367,0.4984297891431135,False,,False,0.0
100000008717341100,peripheral,0.85,4,0.1546,"мелкий получатель: разовое поступление 15 тыс ₸ от 1 плательщика, исходящих в выборке не наблюдается — признаков роли нет",small_receiver,1,False,1,0,14627.0,0.0,1,0,0.0,1,1,1,0.0,0.0,1.0,0.0,0.0002886393301842059,-0.0,-1.6434871352799926e-17,0.0,False,0.042,0.167,0.13,0.11,0.367,0.4984297891431135,False,,False,0.0
100000008753061100,peripheral,0.85,7,0.1545,"мелкий получатель: разовое поступление 28 тыс ₸ от 1 плательщика, исходящих в выборке не наблюдается — признаков роли нет",small_receiver,3,False,1,0,28400.0,0.0,2,0,0.0,0,0,1,0.0,0.0,1.0,0.0,0.0002900019031460833,-0.0,-1.528429321286511e-17,0.0,False,0.042,0.0,0.292,0.171,0.367,0.1063257065948856,False,,False,0.0
100000008055972100,peripheral,0.85,7,0.1542,"мелкий получатель: разовое поступление 28 тыс ₸ от 1 плательщика, исходящих в выборке не наблюдается — признаков роли нет",small_receiver,3,False,1,0,28300.0,0.0,1,0,0.0,0,0,1,0.0,0.0,1.0,0.0,0.000289986295368165,-0.0,-1.528429321286511e-17,0.0,False,0.042,0.0,0.292,0.17,0.367,0.04800358905338717,False,,False,0.0
100000004635886100,peripheral,0.85,2,0.154,"мелкий получатель: разовое поступление 23 тыс ₸ от 1 плательщика, исходящих в выборке не наблюдается — признаков роли нет",small_receiver,3,False,1,0,23000.0,0.0,1,0,0.0,0,0,7,0.0,0.0,1.0,0.0,0.00029245851948138613,-0.0,5.256983652882482e-05,0.0,False,0.042,0.0,0.235,0.245,0.367,0.08254822790489008,False,,False,0.0
100000005996909100,peripheral,0.85,2,0.154,"мелкий получатель: разовое поступление 6 тыс ₸ от 1 плательщика, исходящих в выборке не наблюдается — признаков роли нет",small_receiver,3,False,1,0,5500.0,0.0,1,0,0.0,0,0,7,0.0,0.0,1.0,0.0,0.0003159496060023001,-0.0,2.729958322537249e-06,0.0,False,0.042,0.0,0.03,0.518,0.367,0.6935845670704351,False,,False,1.0
100000003650146100,peripheral,0.85,2,0.1533,"мелкий получатель: разовое поступление 14 тыс ₸ от 1 плательщика, исходящих в выборке не наблюдается — признаков роли нет",small_receiver,3,False,1,0,14400.0,0.0,1,0,0.0,0,0,7,0.0,0.0,1.0,0.0,0.0003001273511766368,-0.0,2.4475150146266577e-05,0.0,False,0.042,0.0,0.129,0.383,0.367,0.1879766711529834,False,,False,0.0
100000008653041100,peripheral,0.85,7,0.1533,"мелкий получатель: разовое поступление 28 тыс ₸ от 1 плательщика, исходящих в выборке не наблюдается — признаков роли нет",small_receiver,3,False,1,0,28000.0,0.0,1,0,0.0,0,0,1,0.0,0.0,1.0,0.0,0.00028993947203441017,-0.0,-1.528429321286511e-17,0.0,False,0.042,0.0,0.29,0.167,0.367,0.04800358905338717,False,,False,0.0
100000007999728100,peripheral,0.85,8,0.1533,"мелкий получатель: разовое поступление 23 тыс ₸ от 1 плательщика, исходящих в выборке не наблюдается — признаков роли нет",small_receiver,3,False,1,0,23250.0,0.0,1,0,0.0,0,0,7,0.0,0.0,1.0,0.0,0.00029214094487369256,-0.0,2.441379038303138e-05,0.0,False,0.042,0.0,0.238,0.236,0.367,0.06998654104979811,False,,False,0.0
100000005661528100,peripheral,0.85,15,0.1531,"мелкий получатель: разовое поступление 25 тыс ₸ от 1 плательщика, исходящих в выборке не наблюдается — признаков роли нет",small_receiver,3,False,1,0,25000.0,0.0,1,0,0.0,0,0,7,0.0,0.0,1.0,0.0,0.0002910914967995314,-0.0,0.0001302803777205814,0.0,False,0.042,0.0,0.26,0.206,0.367,0.05024674742036788,False,,False,0.0
100000002871199100,peripheral,0.85,8,0.1529,"мелкий получатель: разовое поступление 23 тыс ₸ от 1 плательщика, исходящих в выборке не наблюдается — признаков роли нет",small_receiver,3,False,1,0,23186.0,0.0,1,0,0.0,0,0,7,0.0,0.0,1.0,0.0,0.00029212285516865986,-0.0,2.441379038303138e-05,0.0,False,0.042,0.0,0.237,0.235,0.367,0.07447285778375953,False,,False,0.0
100000002830055100,peripheral,0.85,4,0.1523,"мелкий получатель: разовое поступление 14 тыс ₸ от 1 плательщика, исходящих в выборке не наблюдается — признаков роли нет",small_receiver,1,False,1,0,14000.0,0.0,1,0,0.0,1,1,1,0.0,0.0,1.0,0.0,0.0002885077302285584,-0.0,-1.6434871352799926e-17,0.0,False,0.042,0.167,0.124,0.104,0.367,0.5269179004037685,False,,False,0.0
100000008663007100,peripheral,0.85,4,0.1523,"мелкий получатель: разовое поступление 14 тыс ₸ от 1 плательщика, исходящих в выборке не наблюдается — признаков роли нет",small_receiver,1,False,1,0,14000.0,0.0,1,0,0.0,1,1,1,0.0,0.0,1.0,0.0,0.0002885077302285584,-0.0,-1.6434871352799926e-17,0.0,False,0.042,0.167,0.124,0.104,0.367,0.5269179004037685,False,,False,0.0
100000004713684100,peripheral,0.85,0,0.1522,"мелкий получатель: разовое поступление 38 тыс ₸ от 1 плательщика, исходящих в выборке не наблюдается — признаков роли нет",small_receiver,3,False,1,0,37500.0,0.0,1,0,0.0,0,0,7,0.0,0.0,1.0,0.0,0.00028768129298177857,-0.0,0.0029057816552165005,0.0,False,0.042,0.0,0.358,0.071,0.367,0.02063705697622252,False,,False,0.0
100000001550419100,peripheral,0.85,8,0.152,"мелкий получатель: разовое поступление 23 тыс ₸ от 1 плательщика, исходящих в выборке не наблюдается — признаков роли нет",small_receiver,3,False,1,0,23000.0,0.0,1,0,0.0,0,0,7,0.0,0.0,1.0,0.0,0.00029207028196340864,-0.0,2.441379038303138e-05,0.0,False,0.042,0.0,0.235,0.233,0.367,0.08254822790489008,False,,False,0.0
100000006701983100,peripheral,0.85,7,0.1518,"мелкий получатель: разовое поступление 27 тыс ₸ от 1 плательщика, исходящих в выборке не наблюдается — признаков роли нет",small_receiver,3,False,1,0,27000.0,0.0,1,0,0.0,0,0,1,0.0,0.0,1.0,0.0,0.00028978339425522726,-0.0,-1.528429321286511e-17,0.0,False,0.042,0.0,0.285,0.164,0.367,0.036563481381785556,False,,False,0.0
100000002103448100,peripheral,0.85,7,0.1518,"мелкий получатель: разовое поступление 27 тыс ₸ от 1 плательщика, исходящих в выборке не наблюдается — признаков роли нет",small_receiver,3,False,1,0,27000.0,0.0,1,0,0.0,0,0,1,0.0,0.0,1.0,0.0,0.00028978339425522726,-0.0,-1.528429321286511e-17,0.0,False,0.042,0.0,0.285,0.164,0.367,0.036563481381785556,False,,False,0.0
100000001716579100,peripheral,0.85,4,0.1516,"мелкий получатель: разовое поступление 14 тыс ₸ от 1 плательщика, исходящих в выборке не наблюдается — признаков роли нет",small_receiver,1,False,1,0,13916.0,0.0,1,0,0.0,1,1,1,0.0,0.0,1.0,0.0,0.0002884900996124908,-0.0,-1.6434871352799926e-17,0.0,False,0.042,0.167,0.122,0.104,0.367,0.5325257963212203,False,,False,0.0
100000004388983100,peripheral,0.7,44,0.1511,seed: отправил 451 тыс ₸ 2 получателям; для консолидации/рассылки мало связей,,0,True,0,2,0.0,450816.0,0,23,,0,0,0,1.0,0.0,0.0,0.0,0.0002855692942172902,2.4868131507970285e-19,-0.0,0.0,False,0.035,0.0,0.845,0.01,0.367,0.7478689995513683,False,,False,0.0
100000001969496100,peripheral,0.85,8,0.151,"мелкий получатель: разовое поступление 23 тыс ₸ от 1 плательщика, исходящих в выборке не наблюдается — признаков роли нет",small_receiver,3,False,1,0,22740.0,0.0,1,0,0.0,0,0,7,0.0,0.0,1.0,0.0,0.0002919967925367134,-0.0,2.441379038303138e-05,0.0,False,0.042,0.0,0.232,0.231,0.367,0.08142664872139974,False,,False,0.0
100000003713616100,peripheral,0.85,2,0.151,"мелкий получатель: разовое поступление 16 тыс ₸ от 1 плательщика, исходящих в выборке не наблюдается — признаков роли нет",small_receiver,1,False,1,0,15893.0,0.0,1,0,0.0,1,1,7,0.0,0.0,1.0,0.0,0.0002872780786419893,-0.0,0.00029524161332082757,0.0,False,0.042,0.167,0.154,0.057,0.367,0.46029609690444145,False,,False,0.0
100000003036198100,peripheral,0.85,0,0.1507,"мелкий получатель: разовое поступление 15 тыс ₸ от 1 плательщика, исходящих в выборке не наблюдается — признаков роли нет",small_receiver,2,False,1,0,15000.0,0.0,1,0,0.0,0,1,7,0.0,0.0,1.0,0.0,0.0002879340067316291,-0.0,0.00014216819592800163,0.0,False,0.042,0.167,0.139,0.076,0.367,0.48138178555406014,False,,False,0.0
100000008690762100,peripheral,0.85,7,0.1506,"мелкий получатель: разовое поступление 27 тыс ₸ от 1 плательщика, исходящих в выборке не наблюдается — признаков роли нет",small_receiver,3,False,1,0,26750.0,0.0,1,0,0.0,0,0,1,0.0,0.0,1.0,0.0,0.0002897443748104316,-0.0,-1.528429321286511e-17,0.0,False,0.042,0.0,0.282,0.162,0.367,0.04172274562584118,False,,False,0.0
100000002597074100,peripheral,0.75,3,0.1503,"4 колено (исходящие не выгружены): разовое поступление 8 тыс ₸ от 1 плательщика, P(пересылает)=0.30 — признаков роли нет",truncated_small,4,False,1,0,8000.0,0.0,1,0,0.0,0,0,7,0.30174701165244544,0.0,1.0,0.0,0.0003104283235888235,-0.0,-1.4016931333467686e-20,0.0,True,0.038,0.0,0.053,0.476,0.367,0.5132346343651862,False,,False,1.0
100000008491390100,peripheral,0.85,0,0.1501,"мелкий получатель: разовое поступление 36 тыс ₸ от 1 плательщика, исходящих в выборке не наблюдается — признаков роли нет",small_receiver,3,False,1,0,36000.0,0.0,1,0,0.0,0,0,7,0.0,0.0,1.0,0.0,0.00028759681303119905,-0.0,0.0029057816552165005,0.0,False,0.042,0.0,0.35,0.068,0.367,0.018393898609241812,False,,False,0.0
100000005025629100,peripheral,0.75,5,0.1493,"4 колено (исходящие не выгружены): разовое поступление 5 тыс ₸ от 1 плательщика, P(пересылает)=0.31 — признаков роли нет",truncated_small,4,False,1,0,5227.0,0.0,1,0,0.0,0,0,7,0.3110435599220752,0.0,1.0,0.0,0.00031415101088485,-0.0,1.0823443818855808e-05,0.0,True,0.038,0.0,0.025,0.507,0.367,0.6442350829968596,False,,False,1.0
100000005674387100,peripheral,0.85,7,0.1492,"мелкий получатель: разовое поступление 26 тыс ₸ от 1 плательщика, исходящих в выборке не наблюдается — признаков роли нет",small_receiver,3,False,1,0,26200.0,0.0,1,0,0.0,0,0,1,0.0,0.0,1.0,0.0,0.000289658532031881,-0.0,-1.528429321286511e-17,0.0,False,0.042,0.0,0.278,0.159,0.367,0.039255271422162404,False,,False,0.0
100000008707810100,peripheral,0.85,7,0.1492,"мелкий получатель: разовое поступление 26 тыс ₸ от 1 плательщика, исходящих в выборке не наблюдается — признаков роли нет",small_receiver,3,False,1,0,26200.0,0.0,1,0,0.0,0,0,1,0.0,0.0,1.0,0.0,0.000289658532031881,-0.0,-1.528429321286511e-17,0.0,False,0.042,0.0,0.278,0.159,0.367,0.039255271422162404,False,,False,0.0
100000008671129100,peripheral,0.85,7,0.1492,"мелкий получатель: разовое поступление 26 тыс ₸ от 1 плательщика, исходящих в выборке не наблюдается — признаков роли нет",small_receiver,3,False,1,0,26200.0,0.0,1,0,0.0,0,0,1,0.0,0.0,1.0,0.0,0.000289658532031881,-0.0,-1.528429321286511e-17,0.0,False,0.042,0.0,0.278,0.159,0.367,0.039255271422162404,False,,False,0.0
100000008695689100,peripheral,0.85,7,0.1492,"мелкий получатель: разовое поступление 26 тыс ₸ от 1 плательщика, исходящих в выборке не наблюдается — признаков роли нет",small_receiver,3,False,1,0,26200.0,0.0,1,0,0.0,0,0,1,0.0,0.0,1.0,0.0,0.000289658532031881,-0.0,-1.528429321286511e-17,0.0,False,0.042,0.0,0.278,0.159,0.367,0.039255271422162404,False,,False,0.0
100000008662216100,peripheral,0.85,7,0.1492,"мелкий получатель: разовое поступление 26 тыс ₸ от 1 плательщика, исходящих в выборке не наблюдается — признаков роли нет",small_receiver,3,False,1,0,26200.0,0.0,1,0,0.0,0,0,1,0.0,0.0,1.0,0.0,0.000289658532031881,-0.0,-1.528429321286511e-17,0.0,False,0.042,0.0,0.278,0.159,0.367,0.039255271422162404,False,,False,0.0
100000006491272100,peripheral,0.85,7,0.1492,"мелкий получатель: разовое поступление 26 тыс ₸ от 1 плательщика, исходящих в выборке не наблюдается — признаков роли нет",small_receiver,3,False,1,0,26200.0,0.0,1,0,0.0,0,0,1,0.0,0.0,1.0,0.0,0.000289658532031881,-0.0,-1.528429321286511e-17,0.0,False,0.042,0.0,0.278,0.159,0.367,0.039255271422162404,False,,False,0.0
100000001415126100,peripheral,0.85,18,0.1483,"мелкий получатель: разовое поступление 27 тыс ₸ от 1 плательщика, исходящих в выборке не наблюдается — признаков роли нет",small_receiver,0,True,1,0,27000.0,0.0,1,0,0.0,0,0,7,0.0,0.0,1.0,0.0,0.0004096189054308039,-0.0,2.887436431936258e-07,0.0,False,0.042,0.0,0.285,0.714,0.367,0.7366532077164648,False,,False,0.0
100000008652094100,peripheral,0.85,0,0.1481,"мелкий получатель: разовое поступление 35 тыс ₸ от 1 плательщика, исходящих в выборке не наблюдается — признаков роли нет",small_receiver,3,False,1,0,35000.0,0.0,1,0,0.0,0,0,7,0.0,0.0,1.0,0.0,0.000287540493064146,-0.0,0.0029057816552165005,0.0,False,0.042,0.0,0.344,0.065,0.367,0.0033647375504710633,False,,False,0.0
100000004634420100,peripheral,0.85,7,0.148,"мелкий получатель: разовое поступление 26 тыс ₸ от 1 плательщика, исходящих в выборке не наблюдается — признаков роли нет",small_receiver,3,False,1,0,26150.0,0.0,1,0,0.0,0,0,1,0.0,0.0,1.0,0.0,0.00028965072814292185,-0.0,-1.528429321286511e-17,0.0,False,0.042,0.0,0.275,0.157,0.367,0.039255271422162404,False,,False,0.0
100000008776720100,peripheral,0.85,7,0.148,"мелкий получатель: разовое поступление 26 тыс ₸ от 1 плательщика, исходящих в выборке не наблюдается — признаков роли нет",small_receiver,3,False,1,0,26150.0,0.0,1,0,0.0,0,0,1,0.0,0.0,1.0,0.0,0.00028965072814292185,-0.0,-1.528429321286511e-17,0.0,False,0.042,0.0,0.275,0.157,0.367,0.039255271422162404,False,,False,0.0
100000008764654100,peripheral,0.85,7,0.148,"мелкий получатель: разовое поступление 26 тыс ₸ от 1 плательщика, исходящих в выборке не наблюдается — признаков роли нет",small_receiver,3,False,1,0,26150.0,0.0,1,0,0.0,0,0,1,0.0,0.0,1.0,0.0,0.00028965072814292185,-0.0,-1.528429321286511e-17,0.0,False,0.042,0.0,0.275,0.157,0.367,0.039255271422162404,False,,False,0.0
100000008717802100,peripheral,0.85,7,0.148,"мелкий получатель: разовое поступление 26 тыс ₸ от 1 плательщика, исходящих в выборке не наблюдается — признаков роли нет",small_receiver,3,False,1,0,26150.0,0.0,1,0,0.0,0,0,1,0.0,0.0,1.0,0.0,0.00028965072814292185,-0.0,-1.528429321286511e-17,0.0,False,0.042,0.0,0.275,0.157,0.367,0.039255271422162404,False,,False,0.0
100000004848236100,peripheral,0.75,3,0.1472,"4 колено (исходящие не выгружены): разовое поступление 8 тыс ₸ от 1 плательщика, P(пересылает)=0.30 — признаков роли нет",truncated_small,4,False,1,0,7500.0,0.0,1,0,0.0,0,0,7,0.303230846244992,0.0,1.0,0.0,0.00030887463425310267,-0.0,-1.4016931333467686e-20,0.0,True,0.038,0.0,0.049,0.463,0.367,0.5257963212202782,False,,False,1.0
100000008478414100,peripheral,0.85,4,0.1462,"мелкий получатель: разовое поступление 10 тыс ₸ от 1 плательщика, исходящих в выборке не наблюдается — признаков роли нет",small_receiver,2,False,1,0,10000.0,0.0,1,0,0.0,0,1,1,0.0,0.0,1.0,0.0,0.00028896566732328877,-0.0,6.140263830218555e-20,0.0,False,0.042,0.167,0.079,0.13,0.367,0.5803050695379094,False,,False,0.0
100000000625169100,peripheral,0.85,4,0.1462,"мелкий получатель: разовое поступление 10 тыс ₸ от 1 плательщика, исходящих в выборке не наблюдается — признаков роли нет",small_receiver,2,False,1,0,10000.0,0.0,1,0,0.0,0,1,1,0.0,0.0,1.0,0.0,0.00028896566732328877,-0.0,6.140263830218555e-20,0.0,False,0.042,0.167,0.079,0.13,0.367,0.5803050695379094,False,,False,0.0
100000008677215100,peripheral,0.85,20,0.1459,"мелкий получатель: разовое поступление 9 тыс ₸ от 1 плательщика, исходящих в выборке не наблюдается — признаков роли нет",small_receiver,3,False,1,0,9000.0,0.0,1,0,0.0,0,0,7,0.0,0.0,1.0,0.0,0.00030437671563686035,-0.0,3.1978736962148027e-06,0.0,False,0.042,0.0,0.06,0.431,0.367,0.49125168236877526,False,,False,1.0
100000005553088100,peripheral,0.75,15,0.1457,"4 колено (исходящие не выгружены): разовое поступление 18 тыс ₸ от 1 плательщика, P(пересылает)=0.29 — признаков роли нет",truncated_small,4,False,1,0,17500.0,0.0,1,0,0.0,0,0,7,0.2855984020306975,0.0,1.0,0.0,0.0002942853726110012,-0.0,3.1784522464498548e-09,0.0,True,0.038,0.0,0.175,0.287,0.367,0.2940780619111709,False,,False,0.0
100000008697670100,peripheral,0.85,7,0.1456,"мелкий получатель: разовое поступление 25 тыс ₸ от 1 плательщика, исходящих в выборке не наблюдается — признаков роли нет",small_receiver,3,False,1,0,25350.0,0.0,1,0,0.0,0,0,1,0.0,0.0,1.0,0.0,0.0002895258659195756,-0.0,-1.528429321286511e-17,0.0,False,0.042,0.0,0.269,0.151,0.367,0.04576043068640646,False,,False,0.0
100000006522972100,peripheral,0.85,0,0.1454,"мелкий получатель: разовое поступление 10 тыс ₸ от 1 плательщика, исходящих в выборке не наблюдается — признаков роли нет",small_receiver,3,False,1,0,9515.0,0.0,1,0,0.0,0,0,7,0.0,0.0,1.0,0.0,0.000303310125964783,-0.0,0.00010694239102769019,0.0,False,0.042,0.0,0.064,0.423,0.367,0.4506505159264244,False,,False,1.0
100000004433250100,peripheral,0.75,0,0.1453,"4 колено (исходящие не выгружены): разовое поступление 8 тыс ₸ от 1 плательщика, P(пересылает)=0.30 — признаков роли нет",truncated_small,4,False,1,0,8000.0,0.0,1,0,0.0,0,0,7,0.30168927362271003,0.0,1.0,0.0,0.0003065701457455694,-0.0,3.6806493315960744e-19,0.0,True,0.038,0.0,0.053,0.448,0.367,0.5132346343651862,False,,False,1.0
100000008759795100,peripheral,0.75,9,0.1452,"4 колено (исходящие не выгружены): разовое поступление 17 тыс ₸ от 1 плательщика, P(пересылает)=0.29 — признаков роли нет",truncated_small,4,False,1,0,17000.0,0.0,1,0,0.0,0,0,1,0.2852673826949067,0.0,1.0,0.0,0.00029466683769708836,-0.0,3.687381946526989e-06,0.0,True,0.038,0.0,0.166,0.295,0.367,0.2981157469717362,False,,False,0.0
100000008716439100,peripheral,0.85,4,0.1452,"мелкий получатель: разовое поступление 12 тыс ₸ от 1 плательщика, исходящих в выборке не наблюдается — признаков роли нет",small_receiver,1,False,1,0,12267.0,0.0,1,0,0.0,1,1,1,0.0,0.0,1.0,0.0,0.00028814399382802073,-0.0,-1.6434871352799926e-17,0.0,False,0.042,0.167,0.108,0.086,0.367,0.6013907581875281,False,,False,0.0
100000005496254100,peripheral,0.85,0,0.1447,"мелкий получатель: разовое поступление 13 тыс ₸ от 1 плательщика, исходящих в выборке не наблюдается — признаков роли нет",small_receiver,1,False,1,0,12700.0,0.0,1,0,0.0,1,1,7,0.0,0.0,1.0,0.0,0.00028795247999167917,-0.0,0.002151681626890832,0.0,False,0.042,0.167,0.113,0.077,0.367,0.5751458052938537,False,,False,0.0
100000001298099100,peripheral,0.85,8,0.1446,"мелкий получатель: разовое поступление 19 тыс ₸ от 1 плательщика, исходящих в выборке не наблюдается — признаков роли нет",small_receiver,3,False,1,0,19000.0,0.0,1,0,0.0,0,0,7,0.0,0.0,1.0,0.0,0.00029264835692975865,-0.0,6.407022407315355e-07,0.0,False,0.042,0.0,0.191,0.25,0.367,0.09982054733064154,False,,False,0.0
100000007005380100,peripheral,0.85,0,0.1444,"мелкий получатель: разовое поступление 9 тыс ₸ от 1 плательщика, исходящих в выборке не наблюдается — признаков роли нет",small_receiver,3,False,1,0,9400.0,0.0,1,0,0.0,0,0,7,0.0,0.0,1.0,0.0,0.00030309570708396725,-0.0,0.00010694239102769019,0.0,False,0.042,0.0,0.063,0.418,0.367,0.4576043068640646,False,,False,1.0
100000005030592100,peripheral,0.85,2,0.1439,"мелкий получатель: разовое поступление 10 тыс ₸ от 1 плательщика, исходящих в выборке не наблюдается — признаков роли нет",small_receiver,2,False,1,0,10000.0,0.0,1,0,0.0,0,1,7,0.0,0.0,1.0,0.0,0.0002887507034719386,-0.0,3.567634960949523e-05,0.0,False,0.042,0.167,0.079,0.117,0.367,0.5803050695379094,False,,False,0.0
100000008733049100,peripheral,0.85,2,0.1439,"мелкий получатель: разовое поступление 10 тыс ₸ от 1 плательщика, исходящих в выборке не наблюдается — признаков роли нет",small_receiver,2,False,1,0,10000.0,0.0,1,0,0.0,0,1,7,0.0,0.0,1.0,0.0,0.0002887507034719386,-0.0,3.567634960949523e-05,0.0,False,0.042,0.167,0.079,0.117,0.367,0.5803050695379094,False,,False,0.0
100000004388209100,peripheral,0.85,4,0.1431,"мелкий получатель: разовое поступление 12 тыс ₸ от 1 плательщика, исходящих в выборке не наблюдается — признаков роли нет",small_receiver,1,False,1,0,11800.0,0.0,1,0,0.0,1,1,1,0.0,0.0,1.0,0.0,0.00028804597599821623,-0.0,-1.6434871352799926e-17,0.0,False,0.042,0.167,0.102,0.081,0.367,0.614176760879318,False,,False,0.0
100000002671806100,peripheral,0.85,11,0.1431,"мелкий получатель: разовое поступление 12 тыс ₸ от 1 плательщика, исходящих в выборке не наблюдается — признаков роли нет",small_receiver,1,False,1,0,12440.0,0.0,1,0,0.0,1,1,1,0.0,0.0,1.0,0.0,0.0002876337750864829,-0.0,1.0100033668708282e-05,0.0,False,0.042,0.167,0.11,0.07,0.367,0.5939883355764917,False,,False,0.0
100000002893020100,peripheral,0.85,8,0.1429,"мелкий получатель: разовое поступление 18 тыс ₸ от 1 плательщика, исходящих в выборке не наблюдается — признаков роли нет",small_receiver,3,False,1,0,18340.0,0.0,1,0,0.0,0,0,7,0.0,0.0,1.0,0.0,0.00029240245264606243,-0.0,6.407022407315355e-07,0.0,False,0.042,0.0,0.188,0.243,0.367,0.10497981157469717,False,,False,0.0
100000006491963100,peripheral,0.75,9,0.1414,"4 колено (исходящие не выгружены): разовое поступление 16 тыс ₸ от 1 плательщика, P(пересылает)=0.56 — признаков роли нет",truncated_small,4,False,1,0,16000.0,0.0,3,0,0.0,0,0,1,0.5595947623853786,0.0,1.0,0.0,0.00029413168808062963,-0.0,3.687381946526989e-06,0.0,True,0.038,0.0,0.158,0.285,0.367,0.5509196949304621,False,,False,1.0
100000004813068100,peripheral,0.7,11,0.1414,seed: отправил 297 тыс ₸ 3 получателям; для консолидации/рассылки мало связей,,0,True,0,3,0.0,297000.0,0,5,,0,0,0,1.0,0.0,0.0,0.0,0.0002855692942172902,-4.254082413982932e-20,-0.0,0.0,False,0.035,0.0,0.775,0.01,0.367,0.7519066846119336,False,,False,0.0
100000008586731100,peripheral,0.85,11,0.1412,"мелкий получатель: разовое поступление 12 тыс ₸ от 1 плательщика, исходящих в выборке не наблюдается — признаков роли нет",small_receiver,1,False,1,0,12000.0,0.0,1,0,0.0,1,1,1,0.0,0.0,1.0,0.0,0.00028756075486281377,-0.0,1.0100033668708282e-05,0.0,False,0.042,0.167,0.105,0.067,0.367,0.6119336025123374,False,,False,0.0
100000008416433100,peripheral,0.85,8,0.141,"мелкий получатель: разовое поступление 20 тыс ₸ от 1 плательщика, исходящих в выборке не наблюдается — признаков роли нет",small_receiver,3,False,1,0,20000.0,0.0,1,0,0.0,0,0,7,0.0,0.0,1.0,0.0,0.0002912223270400019,-0.0,2.441379038303138e-05,0.0,False,0.042,0.0,0.205,0.21,0.367,0.0955585464333782,False,,False,0.0
100000002546921100,peripheral,0.85,8,0.141,"мелкий получатель: разовое поступление 20 тыс ₸ от 1 плательщика, исходящих в выборке не наблюдается — признаков роли нет",small_receiver,3,False,1,0,20000.0,0.0,1,0,0.0,0,0,7,0.0,0.0,1.0,0.0,0.0002912223270400019,-0.0,2.441379038303138e-05,0.0,False,0.042,0.0,0.205,0.21,0.367,0.0955585464333782,False,,False,0.0
100000008682426100,peripheral,0.85,8,0.141,"мелкий получатель: разовое поступление 20 тыс ₸ от 1 плательщика, исходящих в выборке не наблюдается — признаков роли нет",small_receiver,3,False,1,0,20000.0,0.0,1,0,0.0,0,0,7,0.0,0.0,1.0,0.0,0.0002912223270400019,-0.0,2.441379038303138e-05,0.0,False,0.042,0.0,0.205,0.21,0.367,0.0955585464333782,False,,False,0.0
100000004047887100,peripheral,0.75,5,0.1405,"4 колено (исходящие не выгружены): разовое поступление 30 тыс ₸ от 1 плательщика, P(пересылает)=0.27 — признаков роли нет",truncated_small,4,False,1,0,30000.0,0.0,1,0,0.0,0,0,7,0.2731319244922276,0.0,1.0,0.0,0.00028801399269163803,-0.0,2.8841010044711346e-21,0.0,True,0.038,0.0,0.308,0.079,0.367,0.20838941229250785,False,,False,0.0
100000008753897100,peripheral,0.85,7,0.1403,"мелкий получатель: разовое поступление 24 тыс ₸ от 1 плательщика, исходящих в выборке не наблюдается — признаков роли нет",small_receiver,3,False,1,0,24050.0,0.0,1,0,0.0,0,0,1,0.0,0.0,1.0,0.0,0.0002893229648066379,-0.0,-1.528429321286511e-17,0.0,False,0.042,0.0,0.251,0.144,0.367,0.05899506505159264,False,,False,0.0
100000003338583100,peripheral,0.85,21,0.1402,"мелкий получатель: разовое поступление 22 тыс ₸ от 1 плательщика, исходящих в выборке не наблюдается — признаков роли нет",small_receiver,3,False,1,0,21765.0,0.0,1,0,0.0,0,0,1,0.0,0.0,1.0,0.0,0.00029016016283832456,-0.0,1.2732772780728294e-18,0.0,False,0.042,0.0,0.227,0.176,0.367,0.08568864961866307,False,,False,0.0
100000005485830100,peripheral,0.7,36,0.1398,seed: отправил 276 тыс ₸ 5 получателям; для консолидации/рассылки мало связей,,0,True,0,5,0.0,275885.0,0,9,,0,0,0,1.0,0.0,0.0,0.0,0.0002855692942172902,1.0429756222851806e-18,-0.0,0.0,False,0.035,0.0,0.764,0.01,0.367,0.762673844773441,False,,False,0.0
100000002748040100,peripheral,0.75,8,0.1397,"4 колено (исходящие не выгружены): разовое поступление 18 тыс ₸ от 1 плательщика, P(пересылает)=0.28 — признаков роли нет",truncated_small,4,False,1,0,18000.0,0.0,1,0,0.0,0,0,7,0.284717674675008,0.0,1.0,0.0,0.0002923072164548576,-0.0,2.7582739710935802e-06,0.0,True,0.038,0.0,0.183,0.241,0.367,0.2851054284432481,False,,False,0.0
100000002373386100,peripheral,0.85,7,0.1395,"мелкий получатель: разовое поступление 24 тыс ₸ от 1 плательщика, исходящих в выборке не наблюдается — признаков роли нет",small_receiver,3,False,1,0,24000.0,0.0,1,0,0.0,0,0,1,0.0,0.0,1.0,0.0,0.00028931516091767876,-0.0,-1.528429321286511e-17,0.0,False,0.042,0.0,0.248,0.143,0.367,0.0547330641543293,False,,False,0.0
100000006903193100,peripheral,0.75,3,0.1394,"4 колено (исходящие не выгружены): разовое поступление 9 тыс ₸ от 1 плательщика, P(пересылает)=0.30 — признаков роли нет",truncated_small,4,False,1,0,9000.0,0.0,1,0,0.0,0,0,7,0.3002473291219761,0.0,1.0,0.0,0.00030160452688525306,-0.0,2.9101871454728558e-05,0.0,True,0.038,0.0,0.06,0.403,0.367,0.484073575594437,False,,False,1.0
100000008744364100,peripheral,0.85,7,0.1386,"мелкий получатель: разовое поступление 24 тыс ₸ от 1 плательщика, исходящих в выборке не наблюдается — признаков роли нет",small_receiver,3,False,1,0,23700.0,0.0,1,0,0.0,0,0,1,0.0,0.0,1.0,0.0,0.00028926833758392384,-0.0,-1.528429321286511e-17,0.0,False,0.042,0.0,0.245,0.143,0.367,0.05630327501121579,False,,False,0.0
100000002216999100,peripheral,0.85,7,0.1382,"мелкий получатель: разовое поступление 24 тыс ₸ от 1 плательщика, исходящих в выборке не наблюдается — признаков роли нет",small_receiver,3,False,1,0,23677.0,0.0,1,0,0.0,0,0,1,0.0,0.0,1.0,0.0,0.0002892647477950027,-0.0,-1.528429321286511e-17,0.0,False,0.042,0.0,0.243,0.142,0.367,0.05630327501121579,False,,False,0.0
100000007737775100,peripheral,0.85,29,0.138,"мелкий получатель: разовое поступление 6 тыс ₸ от 1 плательщика, исходящих в выборке не наблюдается — признаков роли нет",small_receiver,3,False,1,0,6000.0,0.0,1,0,0.0,0,0,8,0.0,0.0,1.0,0.0,0.0003031296267653485,-0.0,9.977809550683332e-07,0.0,False,0.042,0.0,0.035,0.419,0.367,0.6810228802153432,False,,False,1.0
100000002227960100,peripheral,0.75,10,0.138,"4 колено (исходящие не выгружены): разовое поступление 10 тыс ₸ от 1 плательщика, P(пересылает)=0.30 — признаков роли нет",truncated_small,4,False,1,0,10000.0,0.0,1,0,0.0,0,0,7,0.29776228123657555,0.0,1.0,0.0,0.0002994376832159761,-0.0,-2.1053987670743375e-18,0.0,True,0.038,0.0,0.079,0.371,0.367,0.4235082996859578,False,,False,0.0
100000003105089100,peripheral,0.75,10,0.138,"4 колено (исходящие не выгружены): разовое поступление 10 тыс ₸ от 1 плательщика, P(пересылает)=0.30 — признаков роли нет",truncated_small,4,False,1,0,10000.0,0.0,1,0,0.0,0,0,7,0.29673184245900924,0.0,1.0,0.0,0.0002994376832159761,-0.0,-2.1053987670743375e-18,0.0,True,0.038,0.0,0.079,0.371,0.367,0.4235082996859578,False,,False,0.0
100000002913340100,peripheral,0.85,7,0.1373,"мелкий получатель: разовое поступление 24 тыс ₸ от 1 плательщика, исходящих в выборке не наблюдается — признаков роли нет",small_receiver,3,False,1,0,23600.0,0.0,1,0,0.0,0,0,1,0.0,0.0,1.0,0.0,0.0002892527298060056,-0.0,-1.528429321286511e-17,0.0,False,0.042,0.0,0.241,0.14,0.367,0.05630327501121579,False,,False,0.0
100000001429930100,peripheral,0.85,15,0.1373,"мелкий получатель: разовое поступление 26 тыс ₸ от 1 плательщика, исходящих в выборке не наблюдается — признаков роли нет",small_receiver,0,True,1,0,26000.0,0.0,1,0,0.0,0,0,7,0.0,0.0,1.0,0.0,0.000350797891474077,-0.0,4.259946144311007e-08,0.0,False,0.042,0.0,0.271,0.628,0.367,0.7330641543292956,False,,False,0.0
100000008688155100,peripheral,0.85,7,0.1373,"мелкий получатель: разовое поступление 24 тыс ₸ от 1 плательщика, исходящих в выборке не наблюдается — признаков роли нет",small_receiver,3,False,1,0,23600.0,0.0,1,0,0.0,0,0,1,0.0,0.0,1.0,0.0,0.0002892527298060056,-0.0,-1.528429321286511e-17,0.0,False,0.042,0.0,0.241,0.14,0.367,0.05630327501121579,False,,False,0.0
100000001248999100,peripheral,0.85,14,0.1368,"мелкий получатель: разовое поступление 23 тыс ₸ от 1 плательщика, исходящих в выборке не наблюдается — признаков роли нет",small_receiver,3,False,1,0,23425.0,0.0,1,0,0.0,0,0,7,0.0,0.0,1.0,0.0,0.00028925636689373647,-0.0,0.00023334462577838898,0.0,False,0.042,0.0,0.238,0.141,0.367,0.06460296096904442,False,,False,0.0
100000008724279100,peripheral,0.85,2,0.1365,"мелкий получатель: разовое поступление 12 тыс ₸ от 1 плательщика, исходящих в выборке не наблюдается — признаков роли нет",small_receiver,1,False,1,0,11750.0,0.0,1,0,0.0,1,1,7,0.0,0.0,1.0,0.0,0.0002868326313462284,-0.0,0.00029524161332082757,0.0,False,0.042,0.167,0.102,0.044,0.367,0.6155226558995065,False,,False,0.0
100000008321975100,peripheral,0.75,10,0.1363,"4 колено (исходящие не выгружены): разовое поступление 6 тыс ₸ от 1 плательщика, P(пересылает)=0.31 — признаков роли нет",truncated_small,4,False,1,0,5900.0,0.0,1,0,0.0,0,0,7,0.3092681011423369,0.0,1.0,0.0,0.00030322854188756835,-0.0,6.431049768247204e-19,0.0,True,0.038,0.0,0.033,0.421,0.367,0.616868550919695,False,,False,1.0
100000007381662100,peripheral,0.75,0,0.1361,"4 колено (исходящие не выгружены): разовое поступление 11 тыс ₸ от 1 плательщика, P(пересылает)=0.29 — признаков роли нет",truncated_small,4,False,1,0,11000.0,0.0,1,0,0.0,0,0,7,0.29436840199635994,0.0,1.0,0.0,0.00029683392810289037,-0.0,3.148498033155054e-05,0.0,True,0.038,0.0,0.098,0.334,0.367,0.39726334679228353,False,,False,0.0
100000001249054100,peripheral,0.75,8,0.1361,"4 колено (исходящие не выгружены): разовое поступление 17 тыс ₸ от 1 плательщика, P(пересылает)=0.28 — признаков роли нет",truncated_small,4,False,1,0,17375.0,0.0,1,0,0.0,0,0,7,0.2848016962208215,0.0,1.0,0.0,0.00029207326082160873,-0.0,2.7582739710935802e-06,0.0,True,0.038,0.0,0.173,0.234,0.367,0.29564827276805744,False,,False,0.0
100000002750332100,peripheral,0.85,13,0.136,"мелкий получатель: разовое поступление 11 тыс ₸ от 1 плательщика, исходящих в выборке не наблюдается — признаков роли нет",small_receiver,1,False,1,0,11360.0,0.0,1,0,0.0,1,1,1,0.0,0.0,1.0,0.0,0.00028678928253129504,-0.0,2.274780546011994e-05,0.0,False,0.042,0.167,0.101,0.042,0.367,0.6177658142664872,False,,False,0.0
100000004206046100,peripheral,0.85,2,0.1357,"мелкий получатель: разовое поступление 11 тыс ₸ от 1 плательщика, исходящих в выборке не наблюдается — признаков роли нет",small_receiver,1,False,1,0,11075.0,0.0,1,0,0.0,1,1,7,0.0,0.0,1.0,0.0,0.00028676005666009784,-0.0,0.00029524161332082757,0.0,False,0.042,0.167,0.1,0.041,0.367,0.6213548676536563,False,,False,0.0
100000002793851100,peripheral,0.85,2,0.1355,"мелкий получатель: разовое поступление 11 тыс ₸ от 1 плательщика, исходящих в выборке не наблюдается — признаков роли нет",small_receiver,1,False,1,0,11052.0,0.0,1,0,0.0,1,1,7,0.0,0.0,1.0,0.0,0.0002867575837448668,-0.0,0.00029524161332082757,0.0,False,0.042,0.167,0.1,0.04,0.367,0.6218034993270525,False,,False,0.0
100000005588444100,peripheral,0.85,13,0.1354,"мелкий получатель: разовое поступление 12 тыс ₸ от 1 плательщика, исходящих в выборке не наблюдается — признаков роли нет",small_receiver,1,False,1,0,12300.0,0.0,1,0,0.0,1,1,1,0.0,0.0,1.0,0.0,0.000286274603753925,-0.0,4.3414150090401995e-06,0.0,False,0.042,0.167,0.109,0.028,0.367,0.6013907581875281,False,,False,0.0
100000003814002100,peripheral,0.85,5,0.1349,"мелкий получатель: разовое поступление 30 тыс ₸ от 1 плательщика, исходящих в выборке не наблюдается — признаков роли нет",small_receiver,3,False,1,0,30000.0,0.0,1,0,0.0,0,0,7,0.0,0.0,1.0,0.0,0.00028654156943951265,-0.0,0.002940174080170154,0.0,False,0.042,0.0,0.308,0.037,0.367,0.04329295648272768,False,,False,0.0
100000004553349100,peripheral,0.85,0,0.1349,"мелкий получатель: разовое поступление 8 тыс ₸ от 1 плательщика, исходящих в выборке не наблюдается — признаков роли нет",small_receiver,3,False,1,0,7755.0,0.0,1,0,0.0,0,0,7,0.0,0.0,1.0,0.0,0.0003000285848322988,-0.0,0.00010694239102769019,0.0,False,0.042,0.0,0.051,0.38,0.367,0.5648272768057425,False,,False,1.0
100000006412162100,peripheral,0.75,9,0.1348,"4 колено (исходящие не выгружены): разовое поступление 15 тыс ₸ от 1 плательщика, P(пересылает)=0.35 — признаков роли нет",truncated_small,4,False,1,0,15000.0,0.0,2,0,0.0,0,0,1,0.35227937631751316,0.0,1.0,0.0,0.00029359653846417096,-0.0,3.687381946526989e-06,0.0,True,0.038,0.0,0.139,0.272,0.367,0.48564378645132344,False,,False,0.5
100000002844897100,peripheral,0.85,13,0.1345,"мелкий получатель: разовое поступление 11 тыс ₸ от 1 плательщика, исходящих в выборке не наблюдается — признаков роли нет",small_receiver,1,False,1,0,10800.0,0.0,1,0,0.0,1,1,1,0.0,0.0,1.0,0.0,0.0002867291422622948,-0.0,2.274780546011994e-05,0.0,False,0.042,0.167,0.096,0.04,0.367,0.629878869448183,False,,False,0.0
100000008745863100,peripheral,0.85,7,0.1343,"мелкий получатель: разовое поступление 23 тыс ₸ от 1 плательщика, исходящих в выборке не наблюдается — признаков роли нет",small_receiver,3,False,1,0,22900.0,0.0,1,0,0.0,0,0,1,0.0,0.0,1.0,0.0,0.00028914347536057757,-0.0,-1.528429321286511e-17,0.0,False,0.042,0.0,0.233,0.133,0.367,0.08254822790489008,False,,False,0.0
100000003449074100,peripheral,0.85,0,0.1343,"мелкий получатель: разовое поступление 10 тыс ₸ от 1 плательщика, исходящих в выборке не наблюдается — признаков роли нет",small_receiver,1,False,1,0,10000.0,0.0,1,0,0.0,1,1,7,0.0,0.0,1.0,0.0,0.0002874458184490925,-0.0,0.002151681626890832,0.0,False,0.042,0.167,0.079,0.061,0.367,0.6828174069089278,False,,False,0.0
100000002809568100,peripheral,0.85,0,0.1343,"мелкий получатель: разовое поступление 10 тыс ₸ от 1 плательщика, исходящих в выборке не наблюдается — признаков роли нет",small_receiver,1,False,1,0,10000.0,0.0,1,0,0.0,1,1,7,0.0,0.0,1.0,0.0,0.0002874458184490925,-0.0,0.002151681626890832,0.0,False,0.042,0.167,0.079,0.061,0.367,0.6828174069089278,False,,False,0.0
100000008661550100,peripheral,0.85,7,0.134,"мелкий получатель: разовое поступление 23 тыс ₸ от 1 плательщика, исходящих в выборке не наблюдается — признаков роли нет",small_receiver,3,False,1,0,22800.0,0.0,1,0,0.0,0,0,1,0.0,0.0,1.0,0.0,0.0002891278675826593,-0.0,-1.528429321286511e-17,0.0,False,0.042,0.0,0.233,0.132,0.367,0.08142664872139974,False,,False,0.0
100000003134937100,peripheral,0.85,2,0.1339,"мелкий получатель: разовое поступление 10 тыс ₸ от 1 плательщика, исходящих в выборке не наблюдается — признаков роли нет",small_receiver,1,False,1,0,10286.0,0.0,1,0,0.0,1,1,7,0.0,0.0,1.0,0.0,0.00028667522491586535,-0.0,0.00029524161332082757,0.0,False,0.042,0.167,0.094,0.039,0.367,0.6639748766262898,False,,False,0.0
100000005370580100,peripheral,0.85,15,0.1337,"мелкий получатель: разовое поступление 24 тыс ₸ от 1 плательщика, исходящих в выборке не наблюдается — признаков роли нет",small_receiver,0,True,1,0,24075.0,0.0,1,0,0.0,0,0,7,0.0,0.0,1.0,0.0,0.0003459684664848726,-0.0,4.259946144311007e-08,0.0,False,0.042,0.0,0.252,0.619,0.367,0.7335127860026918,False,,False,0.0
100000003635660100,peripheral,0.85,3,0.1336,"мелкий получатель: разовое поступление 19 тыс ₸ от 1 плательщика, исходящих в выборке не наблюдается — признаков роли нет",small_receiver,3,False,1,0,18985.0,0.0,1,0,0.0,0,0,7,0.0,0.0,1.0,0.0,0.00029052194004178835,-0.0,0.0011379074330901441,0.0,False,0.042,0.0,0.19,0.188,0.367,0.09982054733064154,False,,False,0.0
100000007018630100,peripheral,0.7,43,0.1324,seed: отправил 200 тыс ₸ 1 получателям; для консолидации/рассылки мало связей,,0,True,0,1,0.0,200000.0,0,5,,0,0,0,1.0,0.0,0.0,0.0,0.0002855692942172902,3.22509410152183e-19,-0.0,0.0,False,0.035,0.0,0.711,0.01,0.367,0.7622252131000449,False,,False,0.0
100000003096787100,peripheral,0.75,8,0.1318,"4 колено (исходящие не выгружены): разовое поступление 16 тыс ₸ от 1 плательщика, P(пересылает)=0.29 — признаков роли нет",truncated_small,4,False,1,0,16400.0,0.0,1,0,0.0,0,0,7,0.286819448849328,0.0,1.0,0.0,0.00029170829003374047,-0.0,2.7582739710935802e-06,0.0,True,0.038,0.0,0.162,0.224,0.367,0.2929564827276806,False,,False,0.0
100000001155773100,peripheral,0.85,7,0.1317,"мелкий получатель: разовое поступление 22 тыс ₸ от 1 плательщика, исходящих в выборке не наблюдается — признаков роли нет",small_receiver,3,False,1,0,21500.0,0.0,1,0,0.0,0,0,1,0.0,0.0,1.0,0.0,0.00028892496646972155,-0.0,-1.528429321286511e-17,0.0,False,0.042,0.0,0.226,0.128,0.367,0.0870345446388515,False,,False,0.0
100000003009900100,peripheral,0.85,8,0.1314,"мелкий получатель: разовое поступление 16 тыс ₸ от 1 плательщика, исходящих в выборке не наблюдается — признаков роли нет",small_receiver,3,False,1,0,15998.0,0.0,1,0,0.0,0,0,7,0.0,0.0,1.0,0.0,0.0002915298650211887,-0.0,6.407022407315355e-07,0.0,False,0.042,0.0,0.155,0.221,0.367,0.16689098250336473,False,,False,0.0
100000007173936100,peripheral,0.85,25,0.1311,"мелкий получатель: разовое поступление 10 тыс ₸ от 1 плательщика, исходящих в выборке не наблюдается — признаков роли нет",small_receiver,2,False,1,0,10000.0,0.0,1,0,0.0,0,1,7,0.0,0.0,1.0,0.0,0.00028681863055512584,-0.0,3.87668795219064e-07,0.0,False,0.042,0.167,0.079,0.043,0.367,0.5803050695379094,False,,False,0.0
100000008576528100,peripheral,0.85,5,0.1301,"мелкий получатель: разовое поступление 28 тыс ₸ от 1 плательщика, исходящих в выборке не наблюдается — признаков роли нет",small_receiver,3,False,1,0,28000.0,0.0,1,0,0.0,0,0,7,0.0,0.0,1.0,0.0,0.00028647675109136453,-0.0,0.002940174080170154,0.0,False,0.042,0.0,0.29,0.034,0.367,0.04800358905338717,False,,False,0.0
100000008763688100,peripheral,0.85,7,0.1301,"мелкий получатель: разовое поступление 21 тыс ₸ от 1 плательщика, исходящих в выборке не наблюдается — признаков роли нет",small_receiver,3,False,1,0,21000.0,0.0,1,0,0.0,0,0,1,0.0,0.0,1.0,0.0,0.00028884692758013016,-0.0,-1.528429321286511e-17,0.0,False,0.042,0.0,0.222,0.124,0.367,0.0924181247196052,False,,False,0.0
100000008712036100,peripheral,0.85,7,0.1301,"мелкий получатель: разовое поступление 21 тыс ₸ от 1 плательщика, исходящих в выборке не наблюдается — признаков роли нет",small_receiver,3,False,1,0,21000.0,0.0,1,0,0.0,0,0,1,0.0,0.0,1.0,0.0,0.00028884692758013016,-0.0,-1.528429321286511e-17,0.0,False,0.042,0.0,0.222,0.124,0.367,0.0924181247196052,False,,False,0.0
100000008740793100,peripheral,0.85,7,0.1301,"мелкий получатель: разовое поступление 21 тыс ₸ от 1 плательщика, исходящих в выборке не наблюдается — признаков роли нет",small_receiver,3,False,1,0,21000.0,0.0,1,0,0.0,0,0,1,0.0,0.0,1.0,0.0,0.00028884692758013016,-0.0,-1.528429321286511e-17,0.0,False,0.042,0.0,0.222,0.124,0.367,0.0924181247196052,False,,False,0.0
100000005172860100,peripheral,0.85,0,0.13,"мелкий получатель: разовое поступление 15 тыс ₸ от 1 плательщика, исходящих в выборке не наблюдается — признаков роли нет",small_receiver,3,False,1,0,15209.2,0.0,1,0,0.0,0,0,7,0.0,0.0,1.0,0.0,0.00029179582395841194,-0.0,0.0006428156846267583,0.0,False,0.042,0.0,0.145,0.226,0.367,0.17003140421713772,False,,False,0.0
100000002528978100,peripheral,0.75,8,0.1294,"4 колено (исходящие не выгружены): разовое поступление 16 тыс ₸ от 1 плательщика, P(пересылает)=0.29 — признаков роли нет",truncated_small,4,False,1,0,15900.0,0.0,1,0,0.0,0,0,7,0.2866979578612205,0.0,1.0,0.0,0.0002915211255271414,-0.0,2.7582739710935802e-06,0.0,True,0.038,0.0,0.155,0.22,0.367,0.30551816958277256,False,,False,0.0
100000008554390100,peripheral,0.75,9,0.1291,"4 колено (исходящие не выгружены): разовое поступление 14 тыс ₸ от 1 плательщика, P(пересылает)=0.29 — признаков роли нет",truncated_small,4,False,1,0,14000.0,0.0,1,0,0.0,0,0,1,0.28954405798197125,0.0,1.0,0.0,0.0002930613888477122,-0.0,3.687381946526989e-06,0.0,True,0.038,0.0,0.124,0.258,0.367,0.3454463885150292,False,,False,0.0
100000008672200100,peripheral,0.85,4,0.129,"мелкий получатель: разовое поступление 9 тыс ₸ от 1 плательщика, исходящих в выборке не наблюдается — признаков роли нет",small_receiver,1,False,1,0,8511.0,0.0,1,0,0.0,1,1,1,0.0,0.0,1.0,0.0,0.0002873556534238548,-0.0,-1.6434871352799926e-17,0.0,False,0.042,0.167,0.057,0.06,0.367,0.7474203678779722,False,,False,1.0
100000002194329100,peripheral,0.85,0,0.1275,"мелкий получатель: разовое поступление 25 тыс ₸ от 1 плательщика, исходящих в выборке не наблюдается — признаков роли нет",small_receiver,3,False,1,0,25170.0,0.0,1,0,0.0,0,0,7,0.0,0.0,1.0,0.0,0.00028698686778801477,-0.0,0.0029057816552165005,0.0,False,0.042,0.0,0.267,0.049,0.367,0.04508748317631225,False,,False,0.0
100000001297206100,peripheral,0.75,3,0.1269,"4 колено (исходящие не выгружены): разовое поступление 7 тыс ₸ от 1 плательщика, P(пересылает)=0.31 — признаков роли нет",truncated_small,4,False,1,0,6758.0,0.0,1,0,0.0,0,0,7,0.3059479735255592,0.0,1.0,0.0,0.0002985109724275793,-0.0,1.8217199046577089e-06,0.0,True,0.038,0.0,0.043,0.355,0.367,0.5686406460296097,False,,False,1.0
100000005395727100,peripheral,0.85,2,0.1267,"мелкий получатель: разовое поступление 17 тыс ₸ от 1 плательщика, исходящих в выборке не наблюдается — признаков роли нет",small_receiver,0,True,1,0,17000.0,0.0,1,0,0.0,0,0,7,0.0,0.0,1.0,0.0,0.0003712067299561792,-0.0,2.9233376571438957e-19,0.0,False,0.042,0.0,0.166,0.666,0.367,0.7205024674742037,False,,False,0.0
100000004616845100,peripheral,0.75,8,0.1266,"4 колено (исходящие не выгружены): разовое поступление 20 тыс ₸ от 1 плательщика, P(пересылает)=0.43 — признаков роли нет",truncated_small,4,False,1,0,20200.0,0.0,2,0,0.0,0,0,7,0.42844115680532213,0.0,1.0,0.0,0.0002888176682521603,-0.0,9.69184016974786e-20,0.0,True,0.038,0.0,0.217,0.121,0.367,0.35397039030955585,False,,False,0.5
100000006919124100,peripheral,0.85,0,0.126,"мелкий получатель: разовое поступление 25 тыс ₸ от 1 плательщика, исходящих в выборке не наблюдается — признаков роли нет",small_receiver,3,False,1,0,25000.0,0.0,1,0,0.0,0,0,7,0.0,0.0,1.0,0.0,0.00028697729339361577,-0.0,0.0029057816552165005,0.0,False,0.042,0.0,0.26,0.049,0.367,0.05024674742036788,False,,False,0.0
100000002733083100,peripheral,0.75,8,0.126,"4 колено (исходящие не выгружены): разовое поступление 15 тыс ₸ от 1 плательщика, P(пересылает)=0.29 — признаков роли нет",truncated_small,4,False,1,0,15200.0,0.0,1,0,0.0,0,0,7,0.2880002822170552,0.0,1.0,0.0,0.00029125909521790267,-0.0,2.7582739710935802e-06,0.0,True,0.038,0.0,0.145,0.213,0.367,0.3283983849259758,False,,False,0.0
100000000718427100,peripheral,0.85,4,0.1256,"мелкий получатель: разовое поступление 6 тыс ₸ от 1 плательщика, исходящих в выборке не наблюдается — признаков роли нет",small_receiver,2,False,1,0,6000.0,0.0,1,0,0.0,0,1,1,0.0,0.0,1.0,0.0,0.00028760711808088936,-0.0,6.140263830218555e-20,0.0,False,0.042,0.167,0.035,0.069,0.367,0.7359802602063705,False,,False,1.0
100000006658598100,peripheral,0.85,2,0.1256,"мелкий получатель: разовое поступление 9 тыс ₸ от 1 плательщика, исходящих в выборке не наблюдается — признаков роли нет",small_receiver,1,False,1,0,9000.0,0.0,1,0,0.0,1,1,7,0.0,0.0,1.0,0.0,0.00028653695669903005,-0.0,0.00029524161332082757,0.0,False,0.042,0.167,0.06,0.036,0.367,0.7191565724540152,False,,False,1.0
100000003241965100,peripheral,0.85,8,0.1252,"мелкий получатель: разовое поступление 15 тыс ₸ от 1 плательщика, исходящих в выборке не наблюдается — признаков роли нет",small_receiver,3,False,1,0,15000.0,0.0,1,0,0.0,0,0,7,0.0,0.0,1.0,0.0,0.00029115802793766007,-0.0,6.407022407315355e-07,0.0,False,0.042,0.0,0.139,0.207,0.367,0.17160161507402422,False,,False,0.0
100000006177176100,peripheral,0.85,2,0.1251,"мелкий получатель: разовое поступление 9 тыс ₸ от 1 плательщика, исходящих в выборке не наблюдается — признаков роли нет",small_receiver,1,False,1,0,8911.0,0.0,1,0,0.0,1,1,7,0.0,0.0,1.0,0.0,0.0002865273875922662,-0.0,0.00029524161332082757,0.0,False,0.042,0.167,0.058,0.036,0.367,0.7196052041274114,False,,False,1.0
100000002945031100,peripheral,0.85,0,0.125,"мелкий получатель: разовое поступление 15 тыс ₸ от 1 плательщика, исходящих в выборке не наблюдается — признаков роли нет",small_receiver,3,False,1,0,15000.0,0.0,1,0,0.0,0,0,7,0.0,0.0,1.0,0.0,0.0002911219506169233,-0.0,0.000259460087793076,0.0,False,0.042,0.0,0.139,0.206,0.367,0.17160161507402422,False,,False,0.0
100000008745884100,peripheral,0.85,7,0.1244,"мелкий получатель: разовое поступление 20 тыс ₸ от 1 плательщика, исходящих в выборке не наблюдается — признаков роли нет",small_receiver,3,False,1,0,20000.0,0.0,1,0,0.0,0,0,1,0.0,0.0,1.0,0.0,0.0002886908498009473,-0.0,-1.528429321286511e-17,0.0,False,0.042,0.0,0.205,0.114,0.367,0.0955585464333782,False,,False,0.0
100000006710485100,peripheral,0.85,7,0.1244,"мелкий получатель: разовое поступление 20 тыс ₸ от 1 плательщика, исходящих в выборке не наблюдается — признаков роли нет",small_receiver,3,False,1,0,20000.0,0.0,1,0,0.0,0,0,1,0.0,0.0,1.0,0.0,0.0002886908498009473,-0.0,-1.528429321286511e-17,0.0,False,0.042,0.0,0.205,0.114,0.367,0.0955585464333782,False,,False,0.0
100000008631800100,peripheral,0.75,9,0.1242,"4 колено (исходящие не выгружены): разовое поступление 13 тыс ₸ от 1 плательщика, P(пересылает)=0.29 — признаков роли нет",truncated_small,4,False,1,0,12850.0,0.0,1,0,0.0,0,0,1,0.2911678304774796,0.0,1.0,0.0,0.00029244596678878467,-0.0,3.687381946526989e-06,0.0,True,0.038,0.0,0.114,0.244,0.367,0.36787797218483625,False,,False,0.0
100000006573438100,peripheral,0.85,5,0.1238,"мелкий получатель: разовое поступление 5 тыс ₸ от 1 плательщика, исходящих в выборке не наблюдается — признаков роли нет",small_receiver,3,False,1,0,5000.0,0.0,1,0,0.0,0,0,7,0.0,0.0,1.0,0.0,0.00029908687990621625,-0.0,2.4284366617555375e-05,0.0,False,0.042,0.0,0.016,0.363,0.367,0.7236428891879767,False,,False,1.0
100000003083865100,peripheral,0.75,8,0.1236,"4 колено (исходящие не выгружены): разовое поступление 15 тыс ₸ от 1 плательщика, P(пересылает)=0.29 — признаков роли нет",truncated_small,4,False,1,0,15000.0,0.0,1,0,0.0,0,0,7,0.28873485261275067,0.0,1.0,0.0,0.000291184229415263,-0.0,2.7582739710935802e-06,0.0,True,0.038,0.0,0.139,0.208,0.367,0.32009869896814713,False,,False,0.0
100000003166017100,peripheral,0.75,8,0.1236,"4 колено (исходящие не выгружены): разовое поступление 15 тыс ₸ от 1 плательщика, P(пересылает)=0.29 — признаков роли нет",truncated_small,4,False,1,0,15000.0,0.0,1,0,0.0,0,0,7,0.28811615794815054,0.0,1.0,0.0,0.000291184229415263,-0.0,2.7582739710935802e-06,0.0,True,0.038,0.0,0.139,0.208,0.367,0.32009869896814713,False,,False,0.0
100000008778753100,peripheral,0.75,22,0.1232,"4 колено (исходящие не выгружены): разовое поступление 10 тыс ₸ от 1 плательщика, P(пересылает)=0.30 — признаков роли нет",truncated_small,4,False,1,0,10000.0,0.0,1,0,0.0,0,0,7,0.296503136188457,0.0,1.0,0.0,0.00029415636801295676,-0.0,2.0657130113453296e-08,0.0,True,0.038,0.0,0.079,0.286,0.367,0.4235082996859578,False,,False,0.0
100000008755754100,peripheral,0.85,9,0.1231,"мелкий получатель: разовое поступление 7 тыс ₸ от 1 плательщика, исходящих в выборке не наблюдается — признаков роли нет",small_receiver,3,False,1,0,7000.0,0.0,1,0,0.0,0,0,1,0.0,0.0,1.0,0.0,0.00029589900207032836,-0.0,-5.983792273424808e-20,0.0,False,0.042,0.0,0.046,0.319,0.367,0.6256168685509197,False,,False,1.0
100000008522127100,peripheral,0.7,1,0.123,seed: отправил 145 тыс ₸ 1 получателям; для консолидации/рассылки мало связей,,0,True,0,1,0.0,145000.0,0,3,,0,0,0,1.0,0.0,0.0,0.0,0.0002855692942172902,1.420602294071676e-19,-0.0,0.0,False,0.035,0.0,0.643,0.01,0.367,0.7528039479587258,False,,False,0.0
100000005370558100,peripheral,0.75,0,0.1227,"4 колено (исходящие не выгружены): разовое поступление 5 тыс ₸ от 1 плательщика, P(пересылает)=0.31 — признаков роли нет",truncated_small,4,False,1,0,5000.0,0.0,1,0,0.0,0,0,7,0.31310070699567183,0.0,1.0,0.0,0.0002992993954788,-0.0,5.553943663913007e-06,0.0,True,0.038,0.0,0.016,0.366,0.367,0.6529834006280844,False,,False,1.0
100000007863304100,peripheral,0.85,5,0.1227,"мелкий получатель: разовое поступление 25 тыс ₸ от 1 плательщика, исходящих в выборке не наблюдается — признаков роли нет",small_receiver,3,False,1,0,25000.0,0.0,1,0,0.0,0,0,7,0.0,0.0,1.0,0.0,0.00028637952356914227,-0.0,0.002940174080170154,0.0,False,0.042,0.0,0.26,0.03,0.367,0.05024674742036788,False,,False,0.0
100000004592467100,peripheral,0.85,10,0.1226,"мелкий получатель: разовое поступление 7 тыс ₸ от 1 плательщика, исходящих в выборке не наблюдается — признаков роли нет",small_receiver,2,False,1,0,7000.0,0.0,1,0,0.0,0,1,1,0.0,0.0,1.0,0.0,0.0002866229494599155,-0.0,6.211858333423018e-05,0.0,False,0.042,0.167,0.046,0.038,0.367,0.6877523553162853,False,,False,1.0
100000006989232100,peripheral,0.85,3,0.1216,"мелкий получатель: разовое поступление 22 тыс ₸ от 1 плательщика, исходящих в выборке не наблюдается — признаков роли нет",small_receiver,3,False,1,0,22194.0,0.0,1,0,0.0,0,0,7,0.0,0.0,1.0,0.0,0.0002875375081453232,-0.0,0.0011319384436486036,0.0,False,0.042,0.0,0.23,0.065,0.367,0.08389412292507852,False,,False,0.0
100000003006633100,peripheral,0.85,14,0.1209,"мелкий получатель: разовое поступление 10 тыс ₸ от 1 плательщика, исходящих в выборке не наблюдается — признаков роли нет",small_receiver,3,False,1,0,10000.0,0.0,1,0,0.0,0,0,7,0.0,0.0,1.0,0.0,0.00029319653666879086,-0.0,-2.492872205970298e-19,0.0,False,0.042,0.0,0.079,0.262,0.367,0.4329295648272768,False,,False,0.0
100000008776310100,peripheral,0.85,7,0.1202,"мелкий получатель: разовое поступление 19 тыс ₸ от 1 плательщика, исходящих в выборке не наблюдается — признаков роли нет",small_receiver,3,False,1,0,19200.0,0.0,1,0,0.0,0,0,1,0.0,0.0,1.0,0.0,0.000288565987577601,-0.0,-1.528429321286511e-17,0.0,False,0.042,0.0,0.192,0.107,0.367,0.09914759982054733,False,,False,0.0
100000002876914100,peripheral,0.75,9,0.1196,"4 колено (исходящие не выгружены): разовое поступление 12 тыс ₸ от 1 плательщика, P(пересылает)=0.29 — признаков роли нет",truncated_small,4,False,1,0,12000.0,0.0,1,0,0.0,0,0,1,0.2928195200589943,0.0,1.0,0.0,0.00029199108961479477,-0.0,3.687381946526989e-06,0.0,True,0.038,0.0,0.105,0.23,0.367,0.3934499775684163,False,,False,0.0
100000002645046100,peripheral,0.75,9,0.1196,"4 колено (исходящие не выгружены): разовое поступление 12 тыс ₸ от 1 плательщика, P(пересылает)=0.29 — признаков роли нет",truncated_small,4,False,1,0,12000.0,0.0,1,0,0.0,0,0,1,0.2926493013362076,0.0,1.0,0.0,0.00029199108961479477,-0.0,3.687381946526989e-06,0.0,True,0.038,0.0,0.105,0.23,0.367,0.3934499775684163,False,,False,0.0
100000004780327100,peripheral,0.75,9,0.1196,"4 колено (исходящие не выгружены): разовое поступление 12 тыс ₸ от 1 плательщика, P(пересылает)=0.29 — признаков роли нет",truncated_small,4,False,1,0,12000.0,0.0,1,0,0.0,0,0,1,0.29287627252302356,0.0,1.0,0.0,0.00029199108961479477,-0.0,3.687381946526989e-06,0.0,True,0.038,0.0,0.105,0.23,0.367,0.3934499775684163,False,,False,0.0
100000003377795100,peripheral,0.85,13,0.1193,"мелкий получатель: разовое поступление 7 тыс ₸ от 1 плательщика, исходящих в выборке не наблюдается — признаков роли нет",small_receiver,1,False,1,0,7000.0,0.0,1,0,0.0,1,1,1,0.0,0.0,1.0,0.0,0.0002859706898885458,-0.0,4.3414150090401995e-06,0.0,False,0.042,0.167,0.046,0.019,0.367,0.8088829071332436,False,,False,1.0
100000007382152100,peripheral,0.85,14,0.119,"мелкий получатель: разовое поступление 6 тыс ₸ от 1 плательщика, исходящих в выборке не наблюдается — признаков роли нет",small_receiver,2,False,1,0,5860.0,0.0,1,0,0.0,0,1,7,0.0,0.0,1.0,0.0,0.0002864808806193,-0.0,5.1721343332135395e-05,0.0,False,0.042,0.167,0.033,0.035,0.367,0.7537012113055181,False,,False,1.0
100000008173359100,peripheral,0.85,2,0.1188,"мелкий получатель: разовое поступление 6 тыс ₸ от 1 плательщика, исходящих в выборке не наблюдается — признаков роли нет",small_receiver,1,False,1,0,6110.0,0.0,1,0,0.0,1,1,7,0.0,0.0,1.0,0.0,0.00028622622952433806,-0.0,0.00029524161332082757,0.0,False,0.042,0.167,0.039,0.025,0.367,0.8295199641094662,False,,False,1.0
100000004140994100,peripheral,0.85,7,0.1187,"мелкий получатель: разовое поступление 19 тыс ₸ от 1 плательщика, исходящих в выборке не наблюдается — признаков роли нет",small_receiver,3,False,1,0,18650.0,0.0,1,0,0.0,0,0,1,0.0,0.0,1.0,0.0,0.00028848014479905044,-0.0,-1.528429321286511e-17,0.0,False,0.042,0.0,0.189,0.102,0.367,0.10228802153432032,False,,False,0.0
100000004611571100,peripheral,0.85,0,0.1184,"мелкий получатель: разовое поступление 23 тыс ₸ от 1 плательщика, исходящих в выборке не наблюдается — признаков роли нет",small_receiver,3,False,1,0,22550.0,0.0,1,0,0.0,0,0,7,0.0,0.0,1.0,0.0,0.0002868393094743359,-0.0,0.0029057816552165005,0.0,False,0.042,0.0,0.231,0.044,0.367,0.08075370121130551,False,,False,0.0
100000008029279100,peripheral,0.85,3,0.1183,"мелкий получатель: разовое поступление 17 тыс ₸ от 1 плательщика, исходящих в выборке не наблюдается — признаков роли нет",small_receiver,3,False,1,0,17000.0,0.0,1,0,0.0,0,0,7,0.0,0.0,1.0,0.0,0.00028902809718424723,-0.0,0.0016044117981357526,0.0,False,0.042,0.0,0.166,0.131,0.367,0.1417676087931808,False,,False,0.0
100000000673915100,peripheral,0.75,5,0.1174,"4 колено (исходящие не выгружены): разовое поступление 20 тыс ₸ от 1 плательщика, P(пересылает)=0.28 — признаков роли нет",truncated_small,4,False,1,0,20200.0,0.0,1,0,0.0,0,0,7,0.2822646212697668,0.0,1.0,0.0,0.00028757651330181647,-0.0,2.6435798381140134e-19,0.0,True,0.038,0.0,0.217,0.068,0.367,0.2543741588156124,False,,False,0.0
100000008715887100,peripheral,0.85,7,0.117,"мелкий получатель: разовое поступление 18 тыс ₸ от 1 плательщика, исходящих в выборке не наблюдается — признаков роли нет",small_receiver,3,False,1,0,18000.0,0.0,1,0,0.0,0,0,1,0.0,0.0,1.0,0.0,0.0002883786942425816,-0.0,-1.528429321286511e-17,0.0,False,0.042,0.0,0.183,0.1,0.367,0.10924181247196052,False,,False,0.0
100000008712184100,peripheral,0.85,7,0.117,"мелкий получатель: разовое поступление 18 тыс ₸ от 1 плательщика, исходящих в выборке не наблюдается — признаков роли нет",small_receiver,3,False,1,0,18000.0,0.0,1,0,0.0,0,0,1,0.0,0.0,1.0,0.0,0.0002883786942425816,-0.0,-1.528429321286511e-17,0.0,False,0.042,0.0,0.183,0.1,0.367,0.10924181247196052,False,,False,0.0
100000008754997100,peripheral,0.85,7,0.117,"мелкий получатель: разовое поступление 18 тыс ₸ от 1 плательщика, исходящих в выборке не наблюдается — признаков роли нет",small_receiver,3,False,1,0,18000.0,0.0,1,0,0.0,0,0,1,0.0,0.0,1.0,0.0,0.0002883786942425816,-0.0,-1.528429321286511e-17,0.0,False,0.042,0.0,0.183,0.1,0.367,0.10924181247196052,False,,False,0.0
100000004780083100,peripheral,0.75,0,0.1168,"4 колено (исходящие не выгружены): разовое поступление 10 тыс ₸ от 1 плательщика, P(пересылает)=0.30 — признаков роли нет",truncated_small,4,False,1,0,9999.0,0.0,1,0,0.0,0,0,7,0.29673402803015125,0.0,1.0,0.0,0.0002933852316593548,-0.0,2.370696307907976e-19,0.0,True,0.038,0.0,0.065,0.267,0.367,0.4235082996859578,False,,False,1.0
100000005417257100,peripheral,0.7,18,0.1162,seed: отправил 106 тыс ₸ 2 получателям; для консолидации/рассылки мало связей,,0,True,0,2,0.0,106000.0,0,2,,0,0,0,1.0,0.0,0.0,0.0,0.0002855692942172902,2.6514831654529196e-19,-0.0,0.0,False,0.035,0.0,0.594,0.01,0.367,0.7312696276357111,False,,False,0.0
100000001286703100,peripheral,0.75,5,0.1157,"4 колено (исходящие не выгружены): разовое поступление 20 тыс ₸ от 1 плательщика, P(пересылает)=0.28 — признаков роли нет",truncated_small,4,False,1,0,20500.0,0.0,1,0,0.0,0,0,7,0.2815637107674827,0.0,1.0,0.0,0.00028723983817476127,-0.0,2.8841010044690007e-21,0.0,True,0.038,0.0,0.218,0.056,0.367,0.25841184387617766,False,,False,0.0
100000002511581100,peripheral,0.85,7,0.1149,"мелкий получатель: разовое поступление 18 тыс ₸ от 1 плательщика, исходящих в выборке не наблюдается — признаков роли нет",small_receiver,3,False,1,0,17600.0,0.0,1,0,0.0,0,0,1,0.0,0.0,1.0,0.0,0.00028831626313090844,-0.0,-1.528429321286511e-17,0.0,False,0.042,0.0,0.178,0.095,0.367,0.11619560340960072,False,,False,0.0
100000008735832100,peripheral,0.85,7,0.1149,"мелкий получатель: разовое поступление 18 тыс ₸ от 1 плательщика, исходящих в выборке не наблюдается — признаков роли нет",small_receiver,3,False,1,0,17600.0,0.0,1,0,0.0,0,0,1,0.0,0.0,1.0,0.0,0.00028831626313090844,-0.0,-1.528429321286511e-17,0.0,False,0.042,0.0,0.178,0.095,0.367,0.11619560340960072,False,,False,0.0
100000008687990100,peripheral,0.85,7,0.1149,"мелкий получатель: разовое поступление 18 тыс ₸ от 1 плательщика, исходящих в выборке не наблюдается — признаков роли нет",small_receiver,3,False,1,0,17600.0,0.0,1,0,0.0,0,0,1,0.0,0.0,1.0,0.0,0.00028831626313090844,-0.0,-1.528429321286511e-17,0.0,False,0.042,0.0,0.178,0.095,0.367,0.11619560340960072,False,,False,0.0
100000008755168100,peripheral,0.85,7,0.1149,"мелкий получатель: разовое поступление 18 тыс ₸ от 1 плательщика, исходящих в выборке не наблюдается — признаков роли нет",small_receiver,3,False,1,0,17600.0,0.0,1,0,0.0,0,0,1,0.0,0.0,1.0,0.0,0.00028831626313090844,-0.0,-1.528429321286511e-17,0.0,False,0.042,0.0,0.178,0.095,0.367,0.11619560340960072,False,,False,0.0
100000002116705100,peripheral,0.85,7,0.1149,"мелкий получатель: разовое поступление 18 тыс ₸ от 1 плательщика, исходящих в выборке не наблюдается — признаков роли нет",small_receiver,3,False,1,0,17600.0,0.0,1,0,0.0,0,0,1,0.0,0.0,1.0,0.0,0.00028831626313090844,-0.0,-1.528429321286511e-17,0.0,False,0.042,0.0,0.178,0.095,0.367,0.11619560340960072,False,,False,0.0
100000008767950100,peripheral,0.85,7,0.1135,"мелкий получатель: разовое поступление 17 тыс ₸ от 1 плательщика, исходящих в выборке не наблюдается — признаков роли нет",small_receiver,3,False,1,0,17350.0,0.0,1,0,0.0,0,0,1,0.0,0.0,1.0,0.0,0.0002882772436861127,-0.0,-1.528429321286511e-17,0.0,False,0.042,0.0,0.173,0.094,0.367,0.120233288470166,False,,False,0.0
100000006490557100,peripheral,0.85,13,0.1133,"мелкий получатель: разовое поступление 5 тыс ₸ от 1 плательщика, исходящих в выборке не наблюдается — признаков роли нет",small_receiver,2,False,1,0,5000.0,0.0,1,0,0.0,0,1,1,0.0,0.0,1.0,0.0,0.0002861622896167219,-0.0,1.6703346171980856e-19,0.0,False,0.042,0.167,0.016,0.024,0.367,0.800583221175415,False,,False,1.0
100000008011573100,peripheral,0.85,14,0.113,"мелкий получатель: разовое поступление 15 тыс ₸ от 1 плательщика, исходящих в выборке не наблюдается — признаков роли нет",small_receiver,3,False,1,0,15000.0,0.0,1,0,0.0,0,0,7,0.0,0.0,1.0,0.0,0.0002891923195721382,-0.0,0.0004659018150489403,0.0,False,0.042,0.0,0.139,0.137,0.367,0.17160161507402422,False,,False,0.0
100000002975287100,peripheral,0.85,14,0.113,"мелкий получатель: разовое поступление 15 тыс ₸ от 1 плательщика, исходящих в выборке не наблюдается — признаков роли нет",small_receiver,3,False,1,0,15000.0,0.0,1,0,0.0,0,0,7,0.0,0.0,1.0,0.0,0.0002891923195721382,-0.0,0.0004659018150489403,0.0,False,0.042,0.0,0.139,0.137,0.367,0.17160161507402422,False,,False,0.0
100000008708595100,peripheral,0.85,7,0.1126,"мелкий получатель: разовое поступление 17 тыс ₸ от 1 плательщика, исходящих в выборке не наблюдается — признаков роли нет",small_receiver,3,False,1,0,17200.0,0.0,1,0,0.0,0,0,1,0.0,0.0,1.0,0.0,0.00028825383201923533,-0.0,-1.528429321286511e-17,0.0,False,0.042,0.0,0.171,0.091,0.367,0.1294302377747869,False,,False,0.0
100000008706947100,peripheral,0.85,7,0.1126,"мелкий получатель: разовое поступление 17 тыс ₸ от 1 плательщика, исходящих в выборке не наблюдается — признаков роли нет",small_receiver,3,False,1,0,17200.0,0.0,1,0,0.0,0,0,1,0.0,0.0,1.0,0.0,0.00028825383201923533,-0.0,-1.528429321286511e-17,0.0,False,0.042,0.0,0.171,0.091,0.367,0.1294302377747869,False,,False,0.0
100000008684951100,peripheral,0.85,7,0.1126,"мелкий получатель: разовое поступление 17 тыс ₸ от 1 плательщика, исходящих в выборке не наблюдается — признаков роли нет",small_receiver,3,False,1,0,17200.0,0.0,1,0,0.0,0,0,1,0.0,0.0,1.0,0.0,0.00028825383201923533,-0.0,-1.528429321286511e-17,0.0,False,0.042,0.0,0.171,0.091,0.367,0.1294302377747869,False,,False,0.0
100000005995391100,peripheral,0.85,7,0.1126,"мелкий получатель: разовое поступление 17 тыс ₸ от 1 плательщика, исходящих в выборке не наблюдается — признаков роли нет",small_receiver,3,False,1,0,17200.0,0.0,1,0,0.0,0,0,1,0.0,0.0,1.0,0.0,0.00028825383201923533,-0.0,-1.528429321286511e-17,0.0,False,0.042,0.0,0.171,0.091,0.367,0.1294302377747869,False,,False,0.0
100000008309514100,peripheral,0.85,7,0.1126,"мелкий получатель: разовое поступление 17 тыс ₸ от 1 плательщика, исходящих в выборке не наблюдается — признаков роли нет",small_receiver,3,False,1,0,17200.0,0.0,1,0,0.0,0,0,1,0.0,0.0,1.0,0.0,0.00028825383201923533,-0.0,-1.528429321286511e-17,0.0,False,0.042,0.0,0.171,0.091,0.367,0.1294302377747869,False,,False,0.0
100000007022818100,peripheral,0.85,7,0.1126,"мелкий получатель: разовое поступление 17 тыс ₸ от 1 плательщика, исходящих в выборке не наблюдается — признаков роли нет",small_receiver,3,False,1,0,17200.0,0.0,1,0,0.0,0,0,1,0.0,0.0,1.0,0.0,0.00028825383201923533,-0.0,-1.528429321286511e-17,0.0,False,0.042,0.0,0.171,0.091,0.367,0.1294302377747869,False,,False,0.0
100000004723755100,peripheral,0.7,10,0.1124,seed: отправил 95 тыс ₸ 1 получателям; для консолидации/рассылки мало связей,,0,True,0,1,0.0,95000.0,0,5,,0,0,0,1.0,0.0,0.0,0.0,0.0002855692942172902,4.0072501487890515e-19,-0.0,0.0,False,0.035,0.0,0.567,0.01,0.367,0.7590847913862718,False,,False,0.0
100000008749900100,peripheral,0.85,7,0.112,"мелкий получатель: разовое поступление 17 тыс ₸ от 1 плательщика, исходящих в выборке не наблюдается — признаков роли нет",small_receiver,3,False,1,0,17150.0,0.0,1,0,0.0,0,0,1,0.0,0.0,1.0,0.0,0.0002882460281302762,-0.0,-1.528429321286511e-17,0.0,False,0.042,0.0,0.17,0.089,0.367,0.13279497532525797,False,,False,0.0
100000004070530100,peripheral,0.75,5,0.112,"4 колено (исходящие не выгружены): разовое поступление 20 тыс ₸ от 1 плательщика, P(пересылает)=0.28 — признаков роли нет",truncated_small,4,False,1,0,20000.0,0.0,1,0,0.0,0,0,7,0.2820316423742118,0.0,1.0,0.0,0.00028719909320018875,-0.0,2.8841010044711346e-21,0.0,True,0.038,0.0,0.205,0.053,0.367,0.24136384028712426,False,,False,0.0
100000006249740100,peripheral,0.7,40,0.1114,seed: отправил 93 тыс ₸ 3 получателям; для консолидации/рассылки мало связей,,0,True,0,3,0.0,93007.0,0,5,,0,0,0,1.0,0.0,0.0,0.0,0.0002855692942172902,1.322991663551282e-19,-0.0,0.0,False,0.035,0.0,0.56,0.01,0.367,0.743606998654105,False,,False,0.0
100000008662805100,peripheral,0.85,7,0.11,"мелкий получатель: разовое поступление 16 тыс ₸ от 1 плательщика, исходящих в выборке не наблюдается — признаков роли нет",small_receiver,3,False,1,0,16500.0,0.0,1,0,0.0,0,0,1,0.0,0.0,1.0,0.0,0.0002881445775738073,-0.0,-1.528429321286511e-17,0.0,False,0.042,0.0,0.163,0.086,0.367,0.14131897711978467,False,,False,0.0
100000008575624100,peripheral,0.7,37,0.1099,seed: отправил 90 тыс ₸ 3 получателям; для консолидации/рассылки мало связей,,0,True,0,3,0.0,89500.0,0,5,,0,0,0,1.0,0.0,0.0,0.0,0.0002855692942172902,2.1985111242370256e-19,-0.0,0.0,False,0.035,0.0,0.548,0.01,0.367,0.743606998654105,False,,False,0.0
100000005847078100,peripheral,0.85,7,0.1091,"мелкий получатель: разовое поступление 16 тыс ₸ от 1 плательщика, исходящих в выборке не наблюдается — признаков роли нет",small_receiver,3,False,1,0,16300.0,0.0,1,0,0.0,0,0,1,0.0,0.0,1.0,0.0,0.0002881133620179708,-0.0,-1.528429321286511e-17,0.0,False,0.042,0.0,0.161,0.085,0.367,0.1541049798115747,False,,False,0.0
100000008664774100,peripheral,0.85,7,0.1091,"мелкий получатель: разовое поступление 16 тыс ₸ от 1 плательщика, исходящих в выборке не наблюдается — признаков роли нет",small_receiver,3,False,1,0,16300.0,0.0,1,0,0.0,0,0,1,0.0,0.0,1.0,0.0,0.0002881133620179708,-0.0,-1.528429321286511e-17,0.0,False,0.042,0.0,0.161,0.085,0.367,0.1541049798115747,False,,False,0.0
100000008720668100,peripheral,0.85,7,0.1079,"мелкий получатель: разовое поступление 16 тыс ₸ от 1 плательщика, исходящих в выборке не наблюдается — признаков роли нет",small_receiver,3,False,1,0,16000.0,0.0,1,0,0.0,0,0,1,0.0,0.0,1.0,0.0,0.00028806653868421585,-0.0,-1.528429321286511e-17,0.0,False,0.042,0.0,0.158,0.082,0.367,0.16509645580978016,False,,False,0.0
100000008755580100,peripheral,0.85,7,0.1079,"мелкий получатель: разовое поступление 16 тыс ₸ от 1 плательщика, исходящих в выборке не наблюдается — признаков роли нет",small_receiver,3,False,1,0,16000.0,0.0,1,0,0.0,0,0,1,0.0,0.0,1.0,0.0,0.00028806653868421585,-0.0,-1.528429321286511e-17,0.0,False,0.042,0.0,0.158,0.082,0.367,0.16509645580978016,False,,False,0.0
100000005392290100,peripheral,0.7,46,0.1067,seed: отправил 81 тыс ₸ 1 получателям; для консолидации/рассылки мало связей,,0,True,0,1,0.0,81465.0,0,1,,0,0,0,1.0,0.0,0.0,0.0,0.0002855692942172902,1.097558614969086e-19,-0.0,0.0,False,0.035,0.0,0.525,0.01,0.367,0.7559443696724989,False,,False,0.0
100000008686494100,peripheral,0.85,7,0.1066,"мелкий получатель: разовое поступление 16 тыс ₸ от 1 плательщика, исходящих в выборке не наблюдается — признаков роли нет",small_receiver,3,False,1,0,15700.0,0.0,1,0,0.0,0,0,1,0.0,0.0,1.0,0.0,0.00028801971535046103,-0.0,-1.528429321286511e-17,0.0,False,0.042,0.0,0.153,0.08,0.367,0.15926424405563033,False,,False,0.0
100000008668099100,peripheral,0.85,7,0.1066,"мелкий получатель: разовое поступление 16 тыс ₸ от 1 плательщика, исходящих в выборке не наблюдается — признаков роли нет",small_receiver,3,False,1,0,15700.0,0.0,1,0,0.0,0,0,1,0.0,0.0,1.0,0.0,0.00028801971535046103,-0.0,-1.528429321286511e-17,0.0,False,0.042,0.0,0.153,0.08,0.367,0.15926424405563033,False,,False,0.0
100000002818726100,peripheral,0.85,0,0.1063,"мелкий получатель: разовое поступление 11 тыс ₸ от 1 плательщика, исходящих в выборке не наблюдается — признаков роли нет",small_receiver,3,False,1,0,10879.0,0.0,1,0,0.0,0,0,7,0.0,0.0,1.0,0.0,0.0002895964508153975,-0.0,0.000259460087793076,0.0,False,0.042,0.0,0.097,0.154,0.367,0.3905338716913414,False,,False,0.0
100000008663723100,peripheral,0.85,7,0.1057,"мелкий получатель: разовое поступление 16 тыс ₸ от 1 плательщика, исходящих в выборке не наблюдается — признаков роли нет",small_receiver,3,False,1,0,15600.0,0.0,1,0,0.0,0,0,1,0.0,0.0,1.0,0.0,0.00028800410757254274,-0.0,-1.528429321286511e-17,0.0,False,0.042,0.0,0.151,0.078,0.367,0.16083445491251683,False,,False,0.0
100000000661131100,peripheral,0.85,7,0.1057,"мелкий получатель: разовое поступление 16 тыс ₸ от 1 плательщика, исходящих в выборке не наблюдается — признаков роли нет",small_receiver,3,False,1,0,15600.0,0.0,1,0,0.0,0,0,1,0.0,0.0,1.0,0.0,0.00028800410757254274,-0.0,-1.528429321286511e-17,0.0,False,0.042,0.0,0.151,0.078,0.367,0.16083445491251683,False,,False,0.0
100000008708743100,peripheral,0.85,7,0.1054,"мелкий получатель: разовое поступление 16 тыс ₸ от 1 плательщика, исходящих в выборке не наблюдается — признаков роли нет",small_receiver,3,False,1,0,15550.0,0.0,1,0,0.0,0,0,1,0.0,0.0,1.0,0.0,0.0002879963036835836,-0.0,-1.528429321286511e-17,0.0,False,0.042,0.0,0.15,0.077,0.367,0.15702108568864961,False,,False,0.0
100000006735545100,peripheral,0.75,0,0.1049,"4 колено (исходящие не выгружены): разовое поступление 5 тыс ₸ от 1 плательщика, P(пересылает)=0.31 — признаков роли нет",truncated_small,4,False,1,0,5000.0,0.0,1,0,0.0,0,0,7,0.31345445299281804,0.0,1.0,0.0,0.0002932717116494764,-0.0,2.9952965938862442e-05,0.0,True,0.038,0.0,0.016,0.263,0.367,0.6529834006280844,False,,False,1.0
100000003786516100,peripheral,0.75,0,0.1043,"4 колено (исходящие не выгружены): разовое поступление 5 тыс ₸ от 1 плательщика, P(пересылает)=0.31 — признаков роли нет",truncated_small,4,False,1,0,5000.0,0.0,1,0,0.0,0,0,7,0.31198194662002743,0.0,1.0,0.0,0.00029315964798120263,-0.0,2.7726405416951253e-05,0.0,True,0.038,0.0,0.016,0.26,0.367,0.6529834006280844,False,,False,1.0
100000008525136100,peripheral,0.75,0,0.1031,"4 колено (исходящие не выгружены): разовое поступление 14 тыс ₸ от 1 плательщика, P(пересылает)=0.29 — признаков роли нет",truncated_small,4,False,1,0,14100.0,0.0,1,0,0.0,0,0,7,0.290180375391815,0.0,1.0,0.0,0.00028852165504843517,-0.0,9.170991618779451e-05,0.0,True,0.038,0.0,0.127,0.105,0.367,0.3463436518618214,False,,False,0.0
100000001325618100,peripheral,0.75,9,0.1028,"4 колено (исходящие не выгружены): разовое поступление 9 тыс ₸ от 1 плательщика, P(пересылает)=0.30 — признаков роли нет",truncated_small,4,False,1,0,9300.0,0.0,1,0,0.0,0,0,1,0.29814821603023517,0.0,1.0,0.0,0.0002905461856503563,-0.0,3.687381946526989e-06,0.0,True,0.038,0.0,0.062,0.19,0.367,0.4436967249887842,False,,False,1.0
100000002597623100,peripheral,0.85,0,0.1009,"мелкий получатель: разовое поступление 16 тыс ₸ от 1 плательщика, исходящих в выборке не наблюдается — признаков роли нет",small_receiver,3,False,1,0,16418.0,0.0,1,0,0.0,0,0,7,0.0,0.0,1.0,0.0,0.0002864939554363667,-0.0,0.0029057816552165005,0.0,False,0.042,0.0,0.162,0.035,0.367,0.15343203230148048,False,,False,0.0
100000004263867100,peripheral,0.75,9,0.1008,"4 колено (исходящие не выгружены): разовое поступление 9 тыс ₸ от 1 плательщика, P(пересылает)=0.30 — признаков роли нет",truncated_small,4,False,1,0,9000.0,0.0,1,0,0.0,0,0,1,0.29880986220948746,0.0,1.0,0.0,0.00029038564076541864,-0.0,3.687381946526989e-06,0.0,True,0.038,0.0,0.06,0.181,0.367,0.484073575594437,False,,False,1.0
100000004449824100,peripheral,0.75,9,0.1008,"4 колено (исходящие не выгружены): разовое поступление 9 тыс ₸ от 1 плательщика, P(пересылает)=0.30 — признаков роли нет",truncated_small,4,False,1,0,9000.0,0.0,1,0,0.0,0,0,1,0.2989247141616357,0.0,1.0,0.0,0.00029038564076541864,-0.0,3.687381946526989e-06,0.0,True,0.038,0.0,0.06,0.181,0.367,0.484073575594437,False,,False,1.0
100000008687733100,peripheral,0.85,7,0.1005,"мелкий получатель: разовое поступление 15 тыс ₸ от 1 плательщика, исходящих в выборке не наблюдается — признаков роли нет",small_receiver,3,False,1,0,14650.0,0.0,1,0,0.0,0,0,1,0.0,0.0,1.0,0.0,0.00028785583368231904,-0.0,-1.528429321286511e-17,0.0,False,0.042,0.0,0.131,0.075,0.367,0.17990130103185284,False,,False,0.0
100000008042075100,peripheral,0.85,11,0.1005,"мелкий получатель: разовое поступление 5 тыс ₸ от 1 плательщика, исходящих в выборке не наблюдается — признаков роли нет",small_receiver,3,False,1,0,5000.0,0.0,1,0,0.0,0,0,1,0.0,0.0,1.0,0.0,0.0002919566745724343,-0.0,-9.212544025678949e-19,0.0,False,0.042,0.0,0.016,0.228,0.367,0.7236428891879767,False,,False,1.0
100000001380107100,peripheral,0.85,10,0.1001,"мелкий получатель: разовое поступление 6 тыс ₸ от 1 плательщика, исходящих в выборке не наблюдается — признаков роли нет",small_receiver,3,False,1,0,6000.0,0.0,1,0,0.0,0,0,10,0.0,0.0,1.0,0.0,0.00029094848350339516,-0.0,3.283226661601248e-08,0.0,False,0.042,0.0,0.035,0.2,0.367,0.6810228802153432,False,,False,1.0
100000002999140100,peripheral,0.75,11,0.0998,"4 колено (исходящие не выгружены): разовое поступление 10 тыс ₸ от 1 плательщика, P(пересылает)=0.45 — признаков роли нет",truncated_small,4,False,1,0,10000.0,0.0,2,0,0.0,0,0,7,0.447703464449403,0.0,1.0,0.0,0.000289482604055757,-0.0,2.369785447943182e-06,0.0,True,0.038,0.0,0.079,0.15,0.367,0.585464333781965,False,,False,1.0
100000008706846100,peripheral,0.85,7,0.0995,"мелкий получатель: разовое поступление 14 тыс ₸ от 1 плательщика, исходящих в выборке не наблюдается — признаков роли нет",small_receiver,3,False,1,0,14200.0,0.0,1,0,0.0,0,0,1,0.0,0.0,1.0,0.0,0.00028778559868168673,-0.0,-1.528429321286511e-17,0.0,False,0.042,0.0,0.128,0.073,0.367,0.1942575145805294,False,,False,0.0
100000008710913100,peripheral,0.75,1,0.0988,"4 колено (исходящие не выгружены): разовое поступление 14 тыс ₸ от 1 плательщика, P(пересылает)=0.29 — признаков роли нет",truncated_small,4,False,1,0,14000.0,0.0,1,0,0.0,0,0,8,0.2899952608263436,0.0,1.0,0.0,0.00028811097479962714,-0.0,3.309599062505867e-07,0.0,True,0.038,0.0,0.124,0.084,0.367,0.3454463885150292,False,,False,0.0
100000008672493100,peripheral,0.85,7,0.0985,"мелкий получатель: разовое поступление 14 тыс ₸ от 1 плательщика, исходящих в выборке не наблюдается — признаков роли нет",small_receiver,3,False,1,0,14000.0,0.0,1,0,0.0,0,0,1,0.0,0.0,1.0,0.0,0.0002877543831258502,-0.0,-1.528429321286511e-17,0.0,False,0.042,0.0,0.124,0.072,0.367,0.19537909376401974,False,,False,0.0
100000003194831100,peripheral,0.75,9,0.0985,"4 колено (исходящие не выгружены): разовое поступление 6 тыс ₸ от 1 плательщика, P(пересылает)=0.31 — признаков роли нет",truncated_small,4,False,1,0,6265.0,0.0,1,0,0.0,0,0,1,0.3071098743339383,0.0,1.0,0.0,0.00029082672336293373,-0.0,2.218560466328712e-19,0.0,True,0.038,0.0,0.04,0.195,0.367,0.5944369672498878,False,,False,1.0
100000008751349100,peripheral,0.85,23,0.0985,"мелкий получатель: разовое поступление 12 тыс ₸ от 1 плательщика, исходящих в выборке не наблюдается — признаков роли нет",small_receiver,3,False,1,0,11630.0,0.0,1,0,0.0,0,0,7,0.0,0.0,1.0,0.0,0.00028848577638606915,-0.0,-7.438797586113939e-19,0.0,False,0.042,0.0,0.101,0.103,0.367,0.3427545984746523,False,,False,0.0
100000008548853100,peripheral,0.85,7,0.0985,"мелкий получатель: разовое поступление 14 тыс ₸ от 1 плательщика, исходящих в выборке не наблюдается — признаков роли нет",small_receiver,3,False,1,0,14000.0,0.0,1,0,0.0,0,0,1,0.0,0.0,1.0,0.0,0.0002877543831258502,-0.0,-1.528429321286511e-17,0.0,False,0.042,0.0,0.124,0.072,0.367,0.19537909376401974,False,,False,0.0
100000002603371100,peripheral,0.85,0,0.0972,"мелкий получатель: разовое поступление 9 тыс ₸ от 1 плательщика, исходящих в выборке не наблюдается — признаков роли нет",small_receiver,3,False,1,0,9300.0,0.0,1,0,0.0,0,0,7,0.0,0.0,1.0,0.0,0.0002893766428347344,-0.0,0.0006428156846267583,0.0,False,0.042,0.0,0.062,0.147,0.367,0.4697173620457604,False,,False,1.0
100000008654653100,peripheral,0.7,2,0.0969,seed: отправил 54 тыс ₸ 1 получателям; для консолидации/рассылки мало связей,,0,True,0,1,0.0,54000.0,0,1,,0,0,0,1.0,0.0,0.0,0.0,0.0002855692942172902,1.1352806919072678e-08,-0.0,0.0,False,0.035,0.0,0.455,0.01,0.367,0.7554957379991027,False,,False,0.0
100000002184107100,peripheral,0.85,14,0.0967,"мелкий получатель: разовое поступление 6 тыс ₸ от 1 плательщика, исходящих в выборке не наблюдается — признаков роли нет",small_receiver,3,False,1,0,6066.0,0.0,1,0,0.0,0,0,7,0.0,0.0,1.0,0.0,0.0002901959794883705,-0.0,-2.492872205970298e-19,0.0,False,0.042,0.0,0.038,0.177,0.367,0.6754149842978915,False,,False,1.0
100000000783406100,peripheral,0.85,14,0.0967,"мелкий получатель: разовое поступление 6 тыс ₸ от 1 плательщика, исходящих в выборке не наблюдается — признаков роли нет",small_receiver,3,False,1,0,6066.0,0.0,1,0,0.0,0,0,7,0.0,0.0,1.0,0.0,0.0002901959794883705,-0.0,-2.492872205970298e-19,0.0,False,0.042,0.0,0.038,0.177,0.367,0.6754149842978915,False,,False,1.0
100000001299443100,peripheral,0.75,9,0.0965,"4 колено (исходящие не выгружены): разовое поступление 8 тыс ₸ от 1 плательщика, P(пересылает)=0.30 — признаков роли нет",truncated_small,4,False,1,0,8000.0,0.0,1,0,0.0,0,0,1,0.30174701165244544,0.0,1.0,0.0,0.00028985049114895996,-0.0,3.687381946526989e-06,0.0,True,0.038,0.0,0.053,0.166,0.367,0.5132346343651862,False,,False,1.0
100000007597382100,peripheral,0.85,5,0.0962,"мелкий получатель: разовое поступление 16 тыс ₸ от 1 плательщика, исходящих в выборке не наблюдается — признаков роли нет",small_receiver,3,False,1,0,15700.0,0.0,1,0,0.0,0,0,7,0.0,0.0,1.0,0.0,0.0002860781182502533,-0.0,0.002940174080170154,0.0,False,0.042,0.0,0.153,0.02,0.367,0.15926424405563033,False,,False,0.0
100000008190442100,peripheral,0.85,7,0.0958,"мелкий получатель: разовое поступление 13 тыс ₸ от 1 плательщика, исходящих в выборке не наблюдается — признаков роли нет",small_receiver,3,False,1,0,13000.0,0.0,1,0,0.0,0,0,1,0.0,0.0,1.0,0.0,0.00028759830534666735,-0.0,-1.528429321286511e-17,0.0,False,0.042,0.0,0.115,0.069,0.367,0.2557200538358008,False,,False,0.0
100000008688109100,peripheral,0.85,7,0.0951,"мелкий получатель: разовое поступление 13 тыс ₸ от 1 плательщика, исходящих в выборке не наблюдается — признаков роли нет",small_receiver,3,False,1,0,12800.0,0.0,1,0,0.0,0,0,1,0.0,0.0,1.0,0.0,0.0002875670897908307,-0.0,-1.528429321286511e-17,0.0,False,0.042,0.0,0.113,0.067,0.367,0.28622700762673847,False,,False,0.0
100000003093299100,peripheral,0.85,0,0.0947,"мелкий получатель: разовое поступление 15 тыс ₸ от 1 плательщика, исходящих в выборке не наблюдается — признаков роли нет",small_receiver,3,False,1,0,15000.0,0.0,1,0,0.0,0,0,7,0.0,0.0,1.0,0.0,0.0002864140937230855,-0.0,0.0029057816552165005,0.0,False,0.042,0.0,0.139,0.032,0.367,0.17160161507402422,False,,False,0.0
100000008744799100,peripheral,0.85,7,0.0943,"мелкий получатель: разовое поступление 13 тыс ₸ от 1 плательщика, исходящих в выборке не наблюдается — признаков роли нет",small_receiver,3,False,1,0,12600.0,0.0,1,0,0.0,0,0,1,0.0,0.0,1.0,0.0,0.0002875358742349942,-0.0,-1.528429321286511e-17,0.0,False,0.042,0.0,0.112,0.065,0.367,0.29475100942126514,False,,False,0.0
100000005744674100,peripheral,0.7,2,0.0941,seed: отправил 50 тыс ₸ 1 получателям; для консолидации/рассылки мало связей,,0,True,0,1,0.0,50066.0,0,2,,0,0,0,1.0,0.0,0.0,0.0,0.0002855692942172902,4.605582293584408e-07,-0.0,0.0,False,0.035,0.0,0.435,0.01,0.367,0.7572902646926873,False,,False,0.0
100000002707106100,peripheral,0.75,8,0.094,"4 колено (исходящие не выгружены): разовое поступление 15 тыс ₸ от 1 плательщика, P(пересылает)=0.44 — признаков роли нет",truncated_small,4,False,1,0,15000.0,0.0,2,0,0.0,0,0,7,0.4369642954623047,0.0,1.0,0.0,0.00028660633942148453,-0.0,5.9204630721959984e-08,0.0,True,0.038,0.0,0.139,0.037,0.367,0.48564378645132344,False,,False,0.5
100000005089460100,peripheral,0.85,7,0.0935,"мелкий получатель: разовое поступление 12 тыс ₸ от 1 плательщика, исходящих в выборке не наблюдается — признаков роли нет",small_receiver,3,False,1,0,12300.0,0.0,1,0,0.0,0,0,1,0.0,0.0,1.0,0.0,0.0002874890509012393,-0.0,-1.528429321286511e-17,0.0,False,0.042,0.0,0.109,0.064,0.367,0.31090174966352624,False,,False,0.0
100000008754608100,peripheral,0.85,7,0.0935,"мелкий получатель: разовое поступление 12 тыс ₸ от 1 плательщика, исходящих в выборке не наблюдается — признаков роли нет",small_receiver,3,False,1,0,12300.0,0.0,1,0,0.0,0,0,1,0.0,0.0,1.0,0.0,0.0002874890509012393,-0.0,-1.528429321286511e-17,0.0,False,0.042,0.0,0.109,0.064,0.367,0.31090174966352624,False,,False,0.0
100000002646745100,peripheral,0.85,7,0.0935,"мелкий получатель: разовое поступление 12 тыс ₸ от 1 плательщика, исходящих в выборке не наблюдается — признаков роли нет",small_receiver,3,False,1,0,12300.0,0.0,1,0,0.0,0,0,1,0.0,0.0,1.0,0.0,0.0002874890509012393,-0.0,-1.528429321286511e-17,0.0,False,0.042,0.0,0.109,0.064,0.367,0.31090174966352624,False,,False,0.0
100000000581682100,peripheral,0.75,17,0.0933,"4 колено (исходящие не выгружены): разовое поступление 5 тыс ₸ от 1 плательщика, P(пересылает)=0.31 — признаков роли нет",truncated_small,4,False,1,0,5000.0,0.0,1,0,0.0,0,0,7,0.312982839951475,0.0,1.0,0.0,0.000290862187223339,-0.0,3.038680628611875e-11,0.0,True,0.038,0.0,0.016,0.197,0.367,0.6529834006280844,False,,False,1.0
100000008716072100,peripheral,0.85,7,0.0928,"мелкий получатель: разовое поступление 12 тыс ₸ от 1 плательщика, исходящих в выборке не наблюдается — признаков роли нет",small_receiver,3,False,1,0,12100.0,0.0,1,0,0.0,0,0,1,0.0,0.0,1.0,0.0,0.00028745783534540274,-0.0,-1.528429321286511e-17,0.0,False,0.042,0.0,0.107,0.063,0.367,0.31404217137729923,False,,False,0.0
100000001149815100,peripheral,0.85,7,0.0919,"мелкий получатель: разовое поступление 12 тыс ₸ от 1 плательщика, исходящих в выборке не наблюдается — признаков роли нет",small_receiver,3,False,1,0,12000.0,0.0,1,0,0.0,0,0,1,0.0,0.0,1.0,0.0,0.00028744222756748445,-0.0,-1.528429321286511e-17,0.0,False,0.042,0.0,0.105,0.06,0.367,0.3243606998654105,False,,False,0.0
100000003005167100,peripheral,0.75,9,0.091,"4 колено (исходящие не выгружены): разовое поступление 7 тыс ₸ от 1 плательщика, P(пересылает)=0.30 — признаков роли нет",truncated_small,4,False,1,0,7000.0,0.0,1,0,0.0,0,0,1,0.30458537931912777,0.0,1.0,0.0,0.0002893153415325012,-0.0,3.687381946526989e-06,0.0,True,0.038,0.0,0.046,0.144,0.367,0.5594436967249888,False,,False,1.0
100000004007197100,peripheral,0.85,21,0.091,"мелкий получатель: разовое поступление 10 тыс ₸ от 1 плательщика, исходящих в выборке не наблюдается — признаков роли нет",small_receiver,3,False,1,0,10048.0,0.0,1,0,0.0,0,0,1,0.0,0.0,1.0,0.0,0.00028768870831810125,-0.0,1.2732772780728294e-18,0.0,False,0.042,0.0,0.093,0.071,0.367,0.4329295648272768,False,,False,0.0
100000002981489100,peripheral,0.75,5,0.0907,"4 колено (исходящие не выгружены): разовое поступление 10 тыс ₸ от 1 плательщика, P(пересылает)=0.30 — признаков роли нет",truncated_small,4,False,1,0,10000.0,0.0,1,0,0.0,0,0,7,0.29799154734068795,0.0,1.0,0.0,0.0002883312964836393,-0.0,1.9139625631765823e-19,0.0,True,0.038,0.0,0.079,0.098,0.367,0.4235082996859578,False,,False,0.0
100000001714883100,peripheral,0.75,9,0.09,"4 колено (исходящие не выгружены): разовое поступление 7 тыс ₸ от 1 плательщика, P(пересылает)=0.30 — признаков роли нет",truncated_small,4,False,1,0,6900.0,0.0,1,0,0.0,0,0,1,0.3047304204241407,0.0,1.0,0.0,0.00028926182657085535,-0.0,3.687381946526989e-06,0.0,True,0.038,0.0,0.043,0.141,0.367,0.5625841184387618,False,,False,1.0
100000008489604100,peripheral,0.85,7,0.09,"мелкий получатель: разовое поступление 11 тыс ₸ от 1 плательщика, исходящих в выборке не наблюдается — признаков роли нет",small_receiver,3,False,1,0,11000.0,0.0,1,0,0.0,0,0,1,0.0,0.0,1.0,0.0,0.0002872861497883016,-0.0,-1.528429321286511e-17,0.0,False,0.042,0.0,0.098,0.058,0.367,0.3905338716913414,False,,False,0.0
100000002474570100,peripheral,0.75,9,0.0888,"4 колено (исходящие не выгружены): разовое поступление 7 тыс ₸ от 1 плательщика, P(пересылает)=0.31 — признаков роли нет",truncated_small,4,False,1,0,6750.0,0.0,1,0,0.0,0,0,1,0.3055089466963457,0.0,1.0,0.0,0.0002891815541283865,-0.0,3.687381946526989e-06,0.0,True,0.038,0.0,0.042,0.136,0.367,0.5686406460296097,False,,False,1.0
100000001498732100,peripheral,0.75,27,0.088,"4 колено (исходящие не выгружены): разовое поступление 6 тыс ₸ от 1 плательщика, P(пересылает)=0.31 — признаков роли нет",truncated_small,4,False,1,0,5500.0,0.0,1,0,0.0,0,0,7,0.31031266629144716,0.0,1.0,0.0,0.0002894096098235805,-0.0,1.4075359187348614e-08,0.0,True,0.038,0.0,0.03,0.148,0.367,0.6332436069986541,False,,False,1.0
100000004493586100,peripheral,0.85,0,0.0878,"мелкий получатель: разовое поступление 8 тыс ₸ от 1 плательщика, исходящих в выборке не наблюдается — признаков роли нет",small_receiver,3,False,1,0,7500.0,0.0,1,0,0.0,0,0,7,0.0,0.0,1.0,0.0,0.0002886397366507129,-0.0,0.0006428156846267583,0.0,False,0.042,0.0,0.049,0.111,0.367,0.5899506505159264,False,,False,1.0
100000004272302100,peripheral,0.75,0,0.0861,"4 колено (исходящие не выгружены): разовое поступление 10 тыс ₸ от 1 плательщика, P(пересылает)=0.30 — признаков роли нет",truncated_small,4,False,1,0,10000.0,0.0,1,0,0.0,0,0,7,0.29736131014569345,0.0,1.0,0.0,0.0002877361499743463,-0.0,3.4418434844695843e-19,0.0,True,0.038,0.0,0.079,0.072,0.367,0.4235082996859578,False,,False,0.0
100000008612257100,peripheral,0.85,14,0.085,"мелкий получатель: разовое поступление 10 тыс ₸ от 1 плательщика, исходящих в выборке не наблюдается — признаков роли нет",small_receiver,3,False,1,0,9500.0,0.0,1,0,0.0,0,0,7,0.0,0.0,1.0,0.0,0.00028786387694202726,-0.0,0.0004659018150489403,0.0,False,0.042,0.0,0.064,0.075,0.367,0.4506505159264244,False,,False,1.0
100000003218308100,peripheral,0.85,0,0.0848,"мелкий получатель: разовое поступление 11 тыс ₸ от 1 плательщика, исходящих в выборке не наблюдается — признаков роли нет",small_receiver,3,False,1,0,11165.0,0.0,1,0,0.0,0,0,7,0.0,0.0,1.0,0.0,0.0002861981066494372,-0.0,0.0029057816552165005,0.0,False,0.042,0.0,0.101,0.025,0.367,0.3772992373261552,False,,False,0.0
100000008463968100,peripheral,0.85,7,0.0844,"мелкий получатель: разовое поступление 10 тыс ₸ от 1 плательщика, исходящих в выборке не наблюдается — признаков роли нет",small_receiver,3,False,1,0,10000.0,0.0,1,0,0.0,0,0,1,0.0,0.0,1.0,0.0,0.00028713007200911874,-0.0,-1.528429321286511e-17,0.0,False,0.042,0.0,0.079,0.052,0.367,0.4329295648272768,False,,False,0.0
100000008767065100,peripheral,0.85,1,0.0843,"мелкий получатель: разовое поступление 10 тыс ₸ от 1 плательщика, исходящих в выборке не наблюдается — признаков роли нет",small_receiver,3,False,1,0,10000.0,0.0,1,0,0.0,0,0,9,0.0,0.0,1.0,0.0,0.0002870965356977476,-0.0,3.559127087414176e-07,0.0,False,0.042,0.0,0.079,0.051,0.367,0.4329295648272768,False,,False,0.0
100000002512742100,peripheral,0.75,9,0.0841,"4 колено (исходящие не выгружены): разовое поступление 6 тыс ₸ от 1 плательщика, P(пересылает)=0.31 — признаков роли нет",truncated_small,4,False,1,0,6000.0,0.0,1,0,0.0,0,0,1,0.3080153829017897,0.0,1.0,0.0,0.0002887801919160425,-0.0,3.687381946526989e-06,0.0,True,0.038,0.0,0.035,0.118,0.367,0.610587707492149,False,,False,1.0
100000002878483100,peripheral,0.75,9,0.0841,"4 колено (исходящие не выгружены): разовое поступление 6 тыс ₸ от 1 плательщика, P(пересылает)=0.31 — признаков роли нет",truncated_small,4,False,1,0,6000.0,0.0,1,0,0.0,0,0,1,0.3081322182642395,0.0,1.0,0.0,0.0002887801919160425,-0.0,3.687381946526989e-06,0.0,True,0.038,0.0,0.035,0.118,0.367,0.610587707492149,False,,False,1.0
100000004714705100,peripheral,0.7,18,0.0826,seed: отправил 37 тыс ₸ 1 получателям; для консолидации/рассылки мало связей,,0,True,0,1,0.0,36550.0,0,1,,0,0,0,1.0,0.0,0.0,0.0,0.0002855692942172902,-7.601792566754536e-20,-0.0,0.0,False,0.035,0.0,0.352,0.01,0.367,0.7613279497532526,False,,False,0.0
100000002986245100,peripheral,0.75,9,0.0823,"4 колено (исходящие не выгружены): разовое поступление 6 тыс ₸ от 1 плательщика, P(пересылает)=0.31 — признаков роли нет",truncated_small,4,False,1,0,5750.0,0.0,1,0,0.0,0,0,1,0.3089661283651761,0.0,1.0,0.0,0.0002886464045119278,-0.0,3.687381946526989e-06,0.0,True,0.038,0.0,0.032,0.111,0.367,0.6249439210408255,False,,False,1.0
100000008758106100,peripheral,0.75,1,0.0817,"4 колено (исходящие не выгружены): разовое поступление 10 тыс ₸ от 1 плательщика, P(пересылает)=0.30 — признаков роли нет",truncated_small,4,False,1,0,10000.0,0.0,1,0,0.0,0,0,8,0.29678903495818737,0.0,1.0,0.0,0.0002868848713875846,-0.0,1.2761480262525199e-06,0.0,True,0.038,0.0,0.079,0.046,0.367,0.4235082996859578,False,,False,0.0
100000008761220100,peripheral,0.75,1,0.0817,"4 колено (исходящие не выгружены): разовое поступление 10 тыс ₸ от 1 плательщика, P(пересылает)=0.30 — признаков роли нет",truncated_small,4,False,1,0,10000.0,0.0,1,0,0.0,0,0,8,0.29673184245900924,0.0,1.0,0.0,0.0002868848713875846,-0.0,1.2761480262525199e-06,0.0,True,0.038,0.0,0.079,0.046,0.367,0.4235082996859578,False,,False,0.0
100000008761132100,peripheral,0.75,1,0.0817,"4 колено (исходящие не выгружены): разовое поступление 10 тыс ₸ от 1 плательщика, P(пересылает)=0.30 — признаков роли нет",truncated_small,4,False,1,0,10000.0,0.0,1,0,0.0,0,0,8,0.29673184245900924,0.0,1.0,0.0,0.0002868848713875846,-0.0,1.2761480262525199e-06,0.0,True,0.038,0.0,0.079,0.046,0.367,0.4235082996859578,False,,False,0.0
100000008770483100,peripheral,0.75,1,0.0812,"4 колено (исходящие не выгружены): разовое поступление 5 тыс ₸ от 1 плательщика, P(пересылает)=0.31 — признаков роли нет",truncated_small,4,False,1,0,5000.0,0.0,1,0,0.0,0,0,9,0.3119231250388188,0.0,1.0,0.0,0.00028889205365380943,-0.0,-6.961131216184728e-21,0.0,True,0.038,0.0,0.016,0.127,0.367,0.6529834006280844,False,,False,1.0
100000004268036100,peripheral,0.75,9,0.0806,"4 колено (исходящие не выгружены): разовое поступление 6 тыс ₸ от 1 плательщика, P(пересылает)=0.31 — признаков роли нет",truncated_small,4,False,1,0,5500.0,0.0,1,0,0.0,0,0,1,0.31007810778802053,0.0,1.0,0.0,0.00028851261710781314,-0.0,3.687381946526989e-06,0.0,True,0.038,0.0,0.03,0.105,0.367,0.6332436069986541,False,,False,1.0
100000002916006100,peripheral,0.7,18,0.0793,seed: отправил 32 тыс ₸ 1 получателям; для консолидации/рассылки мало связей,,0,True,0,1,0.0,32000.0,0,1,,0,0,0,1.0,0.0,0.0,0.0,0.0002855692942172902,6.979717959915959e-20,-0.0,0.0,False,0.035,0.0,0.328,0.01,0.367,0.7581875280394796,False,,False,0.0
100000002635746100,peripheral,0.75,9,0.0792,"4 колено (исходящие не выгружены): разовое поступление 5 тыс ₸ от 1 плательщика, P(пересылает)=0.31 — признаков роли нет",truncated_small,4,False,1,0,5300.0,0.0,1,0,0.0,0,0,1,0.31055635305025797,0.0,1.0,0.0,0.0002884055871845214,-0.0,3.687381946526989e-06,0.0,True,0.038,0.0,0.027,0.101,0.367,0.6413189771197847,False,,False,1.0
100000004107228100,peripheral,0.75,3,0.0791,"4 колено (исходящие не выгружены): разовое поступление 5 тыс ₸ от 1 плательщика, P(пересылает)=0.31 — признаков роли нет",truncated_small,4,False,1,0,5000.0,0.0,1,0,0.0,0,0,7,0.31351343177157137,0.0,1.0,0.0,0.0002887085719064808,-0.0,1.1987358810531556e-05,0.0,True,0.038,0.0,0.016,0.115,0.367,0.6529834006280844,False,,False,1.0
100000008708061100,peripheral,0.85,7,0.0789,"мелкий получатель: разовое поступление 9 тыс ₸ от 1 плательщика, исходящих в выборке не наблюдается — признаков роли нет",small_receiver,3,False,1,0,8650.0,0.0,1,0,0.0,0,0,1,0.0,0.0,1.0,0.0,0.0002869193670072219,-0.0,-1.528429321286511e-17,0.0,False,0.042,0.0,0.058,0.048,0.367,0.5150291610587707,False,,False,1.0
100000008648783100,peripheral,0.75,9,0.0784,"4 колено (исходящие не выгружены): разовое поступление 5 тыс ₸ от 1 плательщика, P(пересылает)=0.31 — признаков роли нет",truncated_small,4,False,1,0,5200.0,0.0,1,0,0.0,0,0,1,0.31110105110040737,0.0,1.0,0.0,0.0002883520722228755,-0.0,3.687381946526989e-06,0.0,True,0.038,0.0,0.025,0.099,0.367,0.6433378196500673,False,,False,1.0
100000008750464100,peripheral,0.85,7,0.0784,"мелкий получатель: разовое поступление 8 тыс ₸ от 1 плательщика, исходящих в выборке не наблюдается — признаков роли нет",small_receiver,3,False,1,0,8500.0,0.0,1,0,0.0,0,0,1,0.0,0.0,1.0,0.0,0.0002868959553403445,-0.0,-1.528429321286511e-17,0.0,False,0.042,0.0,0.056,0.047,0.367,0.5340960071781068,False,,False,1.0
100000001590795100,peripheral,0.75,9,0.0771,"4 колено (исходящие не выгружены): разовое поступление 5 тыс ₸ от 1 плательщика, P(пересылает)=0.31 — признаков роли нет",truncated_small,4,False,1,0,5060.0,0.0,1,0,0.0,0,0,1,0.311772687885417,0.0,1.0,0.0,0.00028827715127657127,-0.0,3.687381946526989e-06,0.0,True,0.038,0.0,0.024,0.093,0.367,0.6473755047106325,False,,False,1.0
100000008537380100,peripheral,0.85,7,0.0768,"мелкий получатель: разовое поступление 8 тыс ₸ от 1 плательщика, исходящих в выборке не наблюдается — признаков роли нет",small_receiver,3,False,1,0,8000.0,0.0,1,0,0.0,0,0,1,0.0,0.0,1.0,0.0,0.00028681791645075304,-0.0,-1.528429321286511e-17,0.0,False,0.042,0.0,0.053,0.043,0.367,0.5560789591745178,False,,False,1.0
100000003200071100,peripheral,0.7,45,0.0766,seed: отправил 30 тыс ₸ 1 получателям; для консолидации/рассылки мало связей,,0,True,0,1,0.0,30000.0,0,1,,0,0,0,1.0,0.0,0.0,0.0,0.0002855692942172902,3.733522576192379e-19,-0.0,0.0,False,0.035,0.0,0.308,0.01,0.367,0.7586361597128757,False,,False,0.0
100000005357034100,peripheral,0.85,0,0.0759,"мелкий получатель: разовое поступление 10 тыс ₸ от 1 плательщика, исходящих в выборке не наблюдается — признаков роли нет",small_receiver,3,False,1,0,9754.0,0.0,1,0,0.0,0,0,7,0.0,0.0,1.0,0.0,0.0002861186391759254,-0.0,0.0029057816552165005,0.0,False,0.042,0.0,0.065,0.022,0.367,0.4297891431135038,False,,False,1.0
100000008762885100,peripheral,0.75,1,0.0758,"4 колено (исходящие не выгружены): разовое поступление 7 тыс ₸ от 1 плательщика, P(пересылает)=0.30 — признаков роли нет",truncated_small,4,False,1,0,7000.0,0.0,1,0,0.0,0,0,8,0.30452733504472007,0.0,1.0,0.0,0.00028726371311378,-0.0,3.09069752631789e-08,0.0,True,0.038,0.0,0.046,0.056,0.367,0.5594436967249888,False,,False,1.0
100000008762843100,peripheral,0.75,1,0.0758,"4 колено (исходящие не выгружены): разовое поступление 7 тыс ₸ от 1 плательщика, P(пересылает)=0.30 — признаков роли нет",truncated_small,4,False,1,0,7000.0,0.0,1,0,0.0,0,0,8,0.30452733504472007,0.0,1.0,0.0,0.00028726371311378,-0.0,3.09069752631789e-08,0.0,True,0.038,0.0,0.046,0.056,0.367,0.5594436967249888,False,,False,1.0
100000000542087100,peripheral,0.75,5,0.0742,"4 колено (исходящие не выгружены): разовое поступление 9 тыс ₸ от 1 плательщика, P(пересылает)=0.30 — признаков роли нет",truncated_small,4,False,1,0,8506.91,0.0,1,0,0.0,0,0,7,0.30091172825730045,0.0,1.0,0.0,0.00028641460273720837,-0.0,2.6435798381140134e-19,0.0,True,0.038,0.0,0.057,0.032,0.367,0.500224315836698,False,,False,1.0
100000002346166100,peripheral,0.85,7,0.0716,"мелкий получатель: разовое поступление 6 тыс ₸ от 1 плательщика, исходящих в выборке не наблюдается — признаков роли нет",small_receiver,3,False,1,0,6000.0,0.0,1,0,0.0,0,0,1,0.0,0.0,1.0,0.0,0.00028650576089238734,-0.0,-1.528429321286511e-17,0.0,False,0.042,0.0,0.035,0.036,0.367,0.6810228802153432,False,,False,1.0
100000003986141100,peripheral,0.85,14,0.0709,"мелкий получатель: разовое поступление 5 тыс ₸ от 1 плательщика, исходящих в выборке не наблюдается — признаков роли нет",small_receiver,3,False,1,0,5286.32,0.0,1,0,0.0,0,0,7,0.0,0.0,1.0,0.0,0.0002868461256435462,-0.0,0.0004659018150489403,0.0,False,0.042,0.0,0.026,0.044,0.367,0.7039030955585465,False,,False,1.0
100000008488166100,peripheral,0.85,7,0.0702,"мелкий получатель: разовое поступление 6 тыс ₸ от 1 плательщика, исходящих в выборке не наблюдается — признаков роли нет",small_receiver,3,False,1,0,5600.0,0.0,1,0,0.0,0,0,1,0.0,0.0,1.0,0.0,0.0002864433297807142,-0.0,-1.528429321286511e-17,0.0,False,0.042,0.0,0.032,0.032,0.367,0.6940331987438313,False,,False,1.0
100000002614095100,peripheral,0.85,7,0.0687,"мелкий получатель: разовое поступление 5 тыс ₸ от 1 плательщика, исходящих в выборке не наблюдается — признаков роли нет",small_receiver,3,False,1,0,5300.0,0.0,1,0,0.0,0,0,1,0.0,0.0,1.0,0.0,0.00028639650644695936,-0.0,-1.528429321286511e-17,0.0,False,0.042,0.0,0.027,0.031,0.367,0.702557200538358,False,,False,1.0
100000000627521100,peripheral,0.75,5,0.0684,"4 колено (исходящие не выгружены): разовое поступление 6 тыс ₸ от 1 плательщика, P(пересылает)=0.31 — признаков роли нет",truncated_small,4,False,1,0,6500.0,0.0,1,0,0.0,0,0,7,0.3071057264585246,0.0,1.0,0.0,0.00028609897888673224,-0.0,2.8841010044711346e-21,0.0,True,0.038,0.0,0.04,0.02,0.367,0.5861372812920592,False,,False,1.0
100000005146665100,peripheral,0.75,8,0.0681,"4 колено (исходящие не выгружены): разовое поступление 6 тыс ₸ от 1 плательщика, P(пересылает)=0.31 — признаков роли нет",truncated_small,4,False,1,0,5500.0,0.0,1,0,0.0,0,0,7,0.3102540175156276,0.0,1.0,0.0,0.0002864537524941113,-0.0,9.69184016974786e-20,0.0,True,0.038,0.0,0.03,0.033,0.367,0.6332436069986541,False,,False,1.0
100000008762005100,peripheral,0.75,1,0.0664,"4 колено (исходящие не выгружены): разовое поступление 5 тыс ₸ от 1 плательщика, P(пересылает)=0.31 — признаков роли нет",truncated_small,4,False,1,0,5000.0,0.0,1,0,0.0,0,0,8,0.3120407742632704,0.0,1.0,0.0,0.0002867795934290686,-0.0,3.09069752631789e-08,0.0,True,0.038,0.0,0.016,0.041,0.367,0.6529834006280844,False,,False,1.0
100000008767027100,peripheral,0.85,1,0.0659,"мелкий получатель: разовое поступление 5 тыс ₸ от 1 плательщика, исходящих в выборке не наблюдается — признаков роли нет",small_receiver,3,False,1,0,5000.0,0.0,1,0,0.0,0,0,9,0.0,0.0,1.0,0.0,0.0002863329149575189,-0.0,3.559127087414176e-07,0.0,False,0.042,0.0,0.016,0.028,0.367,0.7236428891879767,False,,False,1.0
100000008766031100,peripheral,0.75,1,0.0651,"4 колено (исходящие не выгружены): разовое поступление 5 тыс ₸ от 1 плательщика, P(пересылает)=0.31 — признаков роли нет",truncated_small,4,False,1,0,5000.0,0.0,1,0,0.0,0,0,8,0.3119231250388188,0.0,1.0,0.0,0.00028647703728241055,-0.0,3.309599062505867e-07,0.0,True,0.038,0.0,0.016,0.034,0.367,0.6529834006280844,False,,False,1.0
100000008766764100,peripheral,0.75,1,0.0637,"4 колено (исходящие не выгружены): разовое поступление 5 тыс ₸ от 1 плательщика, P(пересылает)=0.31 — признаков роли нет",truncated_small,4,False,1,0,5000.0,0.0,1,0,0.0,0,0,8,0.31198194662002743,0.0,1.0,0.0,0.0002862270828024374,-0.0,1.2761480262525199e-06,0.0,True,0.038,0.0,0.016,0.026,0.367,0.6529834006280844,False,,False,1.0
100000008775747100,peripheral,0.75,1,0.0637,"4 колено (исходящие не выгружены): разовое поступление 5 тыс ₸ от 1 плательщика, P(пересылает)=0.31 — признаков роли нет",truncated_small,4,False,1,0,5000.0,0.0,1,0,0.0,0,0,8,0.3118055000675901,0.0,1.0,0.0,0.0002862270828024374,-0.0,1.2761480262525199e-06,0.0,True,0.038,0.0,0.016,0.026,0.367,0.6529834006280844,False,,False,1.0
100000008758607100,peripheral,0.75,1,0.0637,"4 колено (исходящие не выгружены): разовое поступление 5 тыс ₸ от 1 плательщика, P(пересылает)=0.31 — признаков роли нет",truncated_small,4,False,1,0,5000.0,0.0,1,0,0.0,0,0,8,0.31198194662002743,0.0,1.0,0.0,0.0002862270828024374,-0.0,1.2761480262525199e-06,0.0,True,0.038,0.0,0.016,0.026,0.367,0.6529834006280844,False,,False,1.0
100000006831291100,peripheral,0.7,40,0.053,seed: отправил 15 тыс ₸ 1 получателям; для консолидации/рассылки мало связей,,0,True,0,1,0.0,15000.0,0,3,,0,0,0,1.0,0.0,0.0,0.0,0.0002855692942172902,1.8624388311415736e-20,-0.0,0.0,False,0.035,0.0,0.139,0.01,0.367,0.746971736204576,False,,False,0.0
100000005543136100,peripheral,0.7,15,0.0447,seed: отправил 10 тыс ₸ 1 получателям; для консолидации/рассылки мало связей,,0,True,0,1,0.0,10000.0,0,1,,0,0,0,1.0,0.0,0.0,0.0,0.0002855692942172902,1.8424876117684522e-08,-0.0,0.0,False,0.035,0.0,0.079,0.01,0.367,0.7424854194706146,False,,False,0.0
100000003349739100,peripheral,0.9,49,0.0365,seed без переводов ≥5 тыс ₸ внутри банка за июль — связей в выгрузке нет,,0,True,0,0,0.0,0.0,0,0,,0,0,0,0.0,0.0,0.0,0.0,0.0002855692942172902,-0.0,-0.0,0.0,False,0.045,0.0,0.004,0.01,0.367,0.0,False,,False,0.0
100000005087431100,peripheral,0.9,54,0.0365,seed без переводов ≥5 тыс ₸ внутри банка за июль — связей в выгрузке нет,,0,True,0,0,0.0,0.0,0,0,,0,0,0,0.0,0.0,0.0,0.0,0.0002855692942172902,-0.0,-0.0,0.0,False,0.045,0.0,0.004,0.01,0.367,0.0,False,,False,0.0
100000004021459100,peripheral,0.9,51,0.0365,seed без переводов ≥5 тыс ₸ внутри банка за июль — связей в выгрузке нет,,0,True,0,0,0.0,0.0,0,0,,0,0,0,0.0,0.0,0.0,0.0,0.0002855692942172902,-0.0,-0.0,0.0,False,0.045,0.0,0.004,0.01,0.367,0.0,False,,False,0.0
100000005480435100,peripheral,0.9,56,0.0365,seed без переводов ≥5 тыс ₸ внутри банка за июль — связей в выгрузке нет,,0,True,0,0,0.0,0.0,0,0,,0,0,0,0.0,0.0,0.0,0.0,0.0002855692942172902,-0.0,-0.0,0.0,False,0.045,0.0,0.004,0.01,0.367,0.0,False,,False,0.0
100000005235389100,peripheral,0.9,55,0.0365,seed без переводов ≥5 тыс ₸ внутри банка за июль — связей в выгрузке нет,,0,True,0,0,0.0,0.0,0,0,,0,0,0,0.0,0.0,0.0,0.0,0.0002855692942172902,-0.0,-0.0,0.0,False,0.045,0.0,0.004,0.01,0.367,0.0,False,,False,0.0
100000004174835100,peripheral,0.9,52,0.0365,seed без переводов ≥5 тыс ₸ внутри банка за июль — связей в выгрузке нет,,0,True,0,0,0.0,0.0,0,0,,0,0,0,0.0,0.0,0.0,0.0,0.0002855692942172902,-0.0,-0.0,0.0,False,0.045,0.0,0.004,0.01,0.367,0.0,False,,False,0.0
100000000456947100,peripheral,0.9,47,0.0365,seed без переводов ≥5 тыс ₸ внутри банка за июль — связей в выгрузке нет,,0,True,0,0,0.0,0.0,0,0,,0,0,0,0.0,0.0,0.0,0.0,0.0002855692942172902,-0.0,-0.0,0.0,False,0.045,0.0,0.004,0.01,0.367,0.0,False,,False,0.0
100000003770083100,peripheral,0.9,50,0.0365,seed без переводов ≥5 тыс ₸ внутри банка за июль — связей в выгрузке нет,,0,True,0,0,0.0,0.0,0,0,,0,0,0,0.0,0.0,0.0,0.0,0.0002855692942172902,-0.0,-0.0,0.0,False,0.045,0.0,0.004,0.01,0.367,0.0,False,,False,0.0
100000005017150100,peripheral,0.9,53,0.0365,seed без переводов ≥5 тыс ₸ внутри банка за июль — связей в выгрузке нет,,0,True,0,0,0.0,0.0,0,0,,0,0,0,0.0,0.0,0.0,0.0,0.0002855692942172902,-0.0,-0.0,0.0,False,0.045,0.0,0.004,0.01,0.367,0.0,False,,False,0.0
100000005560900100,peripheral,0.9,59,0.0365,seed без переводов ≥5 тыс ₸ внутри банка за июль — связей в выгрузке нет,,0,True,0,0,0.0,0.0,0,0,,0,0,0,0.0,0.0,0.0,0.0,0.0002855692942172902,-0.0,-0.0,0.0,False,0.045,0.0,0.004,0.01,0.367,0.0,False,,False,0.0
100000005568407100,peripheral,0.9,60,0.0365,seed без переводов ≥5 тыс ₸ внутри банка за июль — связей в выгрузке нет,,0,True,0,0,0.0,0.0,0,0,,0,0,0,0.0,0.0,0.0,0.0,0.0002855692942172902,-0.0,-0.0,0.0,False,0.045,0.0,0.004,0.01,0.367,0.0,False,,False,0.0
100000008669037100,peripheral,0.9,64,0.0365,seed без переводов ≥5 тыс ₸ внутри банка за июль — связей в выгрузке нет,,0,True,0,0,0.0,0.0,0,0,,0,0,0,0.0,0.0,0.0,0.0,0.0002855692942172902,-0.0,-0.0,0.0,False,0.045,0.0,0.004,0.01,0.367,0.0,False,,False,0.0
100000008701222100,peripheral,0.9,65,0.0365,seed без переводов ≥5 тыс ₸ внутри банка за июль — связей в выгрузке нет,,0,True,0,0,0.0,0.0,0,0,,0,0,0,0.0,0.0,0.0,0.0,0.0002855692942172902,-0.0,-0.0,0.0,False,0.045,0.0,0.004,0.01,0.367,0.0,False,,False,0.0
100000005495722100,peripheral,0.9,57,0.0365,seed без переводов ≥5 тыс ₸ внутри банка за июль — связей в выгрузке нет,,0,True,0,0,0.0,0.0,0,0,,0,0,0,0.0,0.0,0.0,0.0,0.0002855692942172902,-0.0,-0.0,0.0,False,0.045,0.0,0.004,0.01,0.367,0.0,False,,False,0.0
100000008117324100,peripheral,0.9,61,0.0365,seed без переводов ≥5 тыс ₸ внутри банка за июль — связей в выгрузке нет,,0,True,0,0,0.0,0.0,0,0,,0,0,0,0.0,0.0,0.0,0.0,0.0002855692942172902,-0.0,-0.0,0.0,False,0.045,0.0,0.004,0.01,0.367,0.0,False,,False,0.0
100000008205000100,peripheral,0.9,62,0.0365,seed без переводов ≥5 тыс ₸ внутри банка за июль — связей в выгрузке нет,,0,True,0,0,0.0,0.0,0,0,,0,0,0,0.0,0.0,0.0,0.0,0.0002855692942172902,-0.0,-0.0,0.0,False,0.045,0.0,0.004,0.01,0.367,0.0,False,,False,0.0
100000005550592100,peripheral,0.9,58,0.0365,seed без переводов ≥5 тыс ₸ внутри банка за июль — связей в выгрузке нет,,0,True,0,0,0.0,0.0,0,0,,0,0,0,0.0,0.0,0.0,0.0,0.0002855692942172902,-0.0,-0.0,0.0,False,0.045,0.0,0.004,0.01,0.367,0.0,False,,False,0.0
100000008513251100,peripheral,0.9,63,0.0365,seed без переводов ≥5 тыс ₸ внутри банка за июль — связей в выгрузке нет,,0,True,0,0,0.0,0.0,0,0,,0,0,0,0.0,0.0,0.0,0.0,0.0002855692942172902,-0.0,-0.0,0.0,False,0.045,0.0,0.004,0.01,0.367,0.0,False,,False,0.0
100000003265658100,peripheral,0.9,48,0.0365,seed без переводов ≥5 тыс ₸ внутри банка за июль — связей в выгрузке нет,,0,True,0,0,0.0,0.0,0,0,,0,0,0,0.0,0.0,0.0,0.0,0.0002855692942172902,-0.0,-0.0,0.0,False,0.045,0.0,0.004,0.01,0.367,0.0,False,,False,0.0
